org.apache.tools.ant.types.PropertySet;17.0;3.0;0.0;17.0;68.0;112.0;6.0;11.0;14.0;0.7708;468.0;1.0;1.0;0.6522;0.183;1.0;1.0;26.1765;16.0;2.764705882352941;2
org.apache.tools.ant.TypeAdapter;5.0;1.0;0.0;7.0;5.0;10.0;6.0;1.0;5.0;2.0;5.0;0.0;0.0;0.0;0.4;0.0;0.0;0.0;1.0;1.0;0
org.apache.tools.ant.taskdefs.cvslib.ChangeLogWriter;4.0;1.0;0.0;3.0;25.0;4.0;1.0;2.0;1.0;0.3333;183.0;1.0;0.0;0.0;0.5833;0.0;0.0;44.25;3.0;1.75;0
org.apache.tools.ant.util.KeepAliveInputStream;2.0;3.0;0.0;1.0;3.0;1.0;1.0;0.0;2.0;2.0;7.0;0.0;0.0;0.9474;0.75;1.0;1.0;2.5;1.0;1.0;0
org.apache.tools.ant.taskdefs.XSLTLoggerAware;1.0;1.0;0.0;2.0;1.0;0.0;1.0;1.0;1.0;2.0;1.0;0.0;0.0;0.0;1.0;0.0;0.0;0.0;1.0;1.0;0
org.apache.tools.ant.taskdefs.GUnzip;3.0;4.0;0.0;3.0;21.0;3.0;0.0;3.0;1.0;1.5;143.0;1.0;0.0;0.9608;1.0;2.0;3.0;46.3333;9.0;3.6666666666666665;0
org.apache.tools.ant.taskdefs.Move;7.0;4.0;0.0;7.0;50.0;9.0;0.0;7.0;1.0;2.0;686.0;0.0;0.0;0.9326;0.7143;4.0;4.0;97.0;21.0;5.571428571428571;0
org.apache.tools.ant.taskdefs.condition.Equals;6.0;1.0;0.0;3.0;11.0;1.0;1.0;2.0;6.0;0.7;74.0;1.0;0.0;0.0;0.5556;0.0;0.0;10.6667;1.0;1.0;0
org.apache.tools.ant.util.regexp.RegexpMatcherFactory;5.0;1.0;1.0;6.0;12.0;10.0;3.0;3.0;3.0;2.0;86.0;0.0;0.0;0.0;0.5333;0.0;0.0;16.2;1.0;1.0;0
org.apache.tools.zip.UnixStat;0.0;1.0;0.0;1.0;0.0;0.0;1.0;0.0;0.0;2.0;7.0;0.0;0.0;0.0;0.0;0.0;0.0;0.0;0.0;0.0;0
org.apache.tools.ant.taskdefs.condition.IsTrue;3.0;2.0;0.0;4.0;6.0;0.0;1.0;3.0;3.0;0.0;30.0;1.0;0.0;0.8182;0.6667;0.0;0.0;8.6667;2.0;1.3333333333333333;0
org.apache.tools.ant.taskdefs.FixCRLF;18.0;4.0;0.0;10.0;85.0;83.0;1.0;10.0;11.0;0.9602;1199.0;1.0;1.0;0.8211;0.1818;2.0;2.0;63.8889;8.0;2.111111111111111;1
org.apache.tools.ant.taskdefs.Recorder;9.0;3.0;0.0;7.0;35.0;10.0;0.0;7.0;7.0;0.7292;214.0;1.0;0.0;0.8409;0.3125;1.0;1.0;22.1111;6.0;1.6666666666666667;1
org.apache.tools.ant.taskdefs.Untar;4.0;4.0;0.0;7.0;26.0;0.0;0.0;7.0;3.0;0.3333;125.0;1.0;1.0;0.9444;0.4;2.0;2.0;30.0;5.0;2.0;2
org.apache.tools.ant.helper.ProjectHelper2;9.0;2.0;0.0;17.0;75.0;14.0;7.0;16.0;4.0;0.725;431.0;1.0;5.0;0.7083;0.275;1.0;1.0;46.3333;1.0;1.0;1
org.apache.tools.ant.filters.TokenFilter;19.0;4.0;0.0;18.0;40.0;23.0;6.0;16.0;19.0;0.6889;386.0;1.0;1.0;0.6047;0.1193;2.0;4.0;19.0526;11.0;1.8421052631578947;0
org.apache.tools.ant.taskdefs.TaskOutputStream;3.0;2.0;0.0;1.0;10.0;0.0;0.0;1.0;1.0;0.0;67.0;1.0;1.0;0.7143;0.6667;1.0;1.0;20.3333;1.0;1.0;0
org.apache.tools.mail.MailMessage;31.0;1.0;0.0;5.0;68.0;407.0;2.0;3.0;13.0;0.9048;624.0;0.9048;2.0;0.0;0.3161;0.0;0.0;18.4516;11.0;1.5483870967741935;0
org.apache.tools.ant.XmlLogger;16.0;1.0;0.0;13.0;74.0;50.0;0.0;13.0;12.0;0.937;635.0;1.0;1.0;0.0;0.2889;0.0;0.0;37.5625;9.0;2.8125;0
org.apache.tools.ant.FileScanner;14.0;1.0;0.0;4.0;14.0;91.0;4.0;0.0;14.0;2.0;14.0;0.0;0.0;0.0;0.2714;0.0;0.0;0.0;1.0;1.0;0
org.apache.tools.ant.taskdefs.compilers.Gcj;3.0;2.0;0.0;8.0;28.0;3.0;1.0;7.0;2.0;2.0;155.0;0.0;0.0;0.92;1.0;1.0;1.0;50.6667;11.0;4.333333333333333;1
org.apache.tools.ant.taskdefs.ConditionTask;4.0;3.0;0.0;4.0;16.0;0.0;0.0;4.0;4.0;0.3333;95.0;1.0;0.0;0.9143;0.75;0.0;0.0;22.25;1.0;1.0;0
org.apache.tools.ant.taskdefs.TempFile;6.0;3.0;0.0;4.0;15.0;1.0;0.0;4.0;6.0;0.7;75.0;1.0;0.0;0.881;0.5556;0.0;0.0;10.8333;1.0;1.0;1
org.apache.tools.tar.TarBuffer;21.0;1.0;0.0;2.0;35.0;38.0;2.0;0.0;17.0;0.6318;617.0;0.8182;0.0;0.0;0.2937;0.0;0.0;27.8571;3.0;1.1428571428571428;1
org.apache.tools.ant.taskdefs.Property;35.0;3.0;0.0;13.0;90.0;519.0;4.0;9.0;25.0;0.9091;815.0;1.0;3.0;0.5362;0.1714;0.0;0.0;21.9714;7.0;1.4857142857142858;0
org.apache.tools.ant.types.Parameter;7.0;1.0;0.0;24.0;8.0;3.0;24.0;0.0;7.0;0.6667;43.0;1.0;0.0;0.0;0.7143;0.0;0.0;4.7143;1.0;1.0;0
org.apache.tools.ant.types.selectors.MappingSelector;7.0;4.0;2.0;9.0;23.0;3.0;2.0;7.0;6.0;0.6667;139.0;1.0;2.0;0.8537;0.4286;1.0;3.0;18.2857;4.0;1.8571428571428572;0
org.apache.tools.ant.types.resolver.ApacheCatalog;4.0;2.0;0.0;6.0;14.0;0.0;1.0;6.0;3.0;0.0;96.0;1.0;1.0;0.9167;0.5;1.0;3.0;22.75;5.0;2.0;0
org.apache.tools.ant.util.LazyFileOutputStream;10.0;2.0;0.0;1.0;22.0;29.0;1.0;0.0;9.0;0.3111;117.0;1.0;0.0;0.4545;0.3333;1.0;1.0;10.2;1.0;1.0;0
org.apache.tools.ant.taskdefs.DefaultExcludes;6.0;3.0;0.0;3.0;18.0;0.0;0.0;3.0;6.0;0.64;128.0;1.0;0.0;0.881;0.5556;2.0;2.0;19.5;1.0;1.0;0
org.apache.tools.ant.filters.ClassConstants;5.0;4.0;0.0;3.0;24.0;4.0;1.0;2.0;4.0;0.8333;168.0;0.6667;0.0;0.8966;0.4667;2.0;4.0;32.0;1.0;1.0;1
org.apache.tools.zip.ZipLong;7.0;1.0;0.0;3.0;8.0;0.0;3.0;0.0;7.0;0.0;147.0;1.0;0.0;0.0;0.3429;1.0;1.0;19.8571;4.0;1.4285714285714286;0
org.apache.tools.ant.Diagnostics;17.0;1.0;0.0;4.0;60.0;130.0;1.0;4.0;5.0;0.9219;630.0;0.25;0.0;0.0;0.1294;0.0;0.0;35.8235;4.0;2.176470588235294;1
org.apache.tools.mail.SmtpResponseReader;5.0;1.0;0.0;1.0;19.0;0.0;1.0;0.0;3.0;0.5;108.0;1.0;0.0;0.0;0.5333;0.0;0.0;20.2;3.0;1.6;0
org.apache.tools.ant.util.FileNameMapper;3.0;1.0;0.0;23.0;3.0;3.0;23.0;0.0;3.0;2.0;3.0;0.0;0.0;0.0;1.0;0.0;0.0;0.0;1.0;1.0;0
org.apache.tools.ant.taskdefs.LogStreamHandler;2.0;2.0;0.0;7.0;9.0;1.0;3.0;4.0;2.0;2.0;31.0;0.0;0.0;0.9231;0.6667;0.0;0.0;14.5;1.0;1.0;0
org.apache.tools.ant.types.Commandline;30.0;1.0;0.0;31.0;65.0;303.0;29.0;4.0;26.0;0.6897;628.0;1.0;0.0;0.0;0.1773;0.0;0.0;19.8333;18.0;2.433333333333333;1
org.apache.tools.zip.ZipExtraField;6.0;1.0;0.0;5.0;6.0;15.0;4.0;1.0;6.0;2.0;6.0;0.0;0.0;0.0;0.4444;0.0;0.0;0.0;1.0;1.0;0
org.apache.tools.ant.taskdefs.XSLTLogger;1.0;1.0;0.0;2.0;1.0;0.0;2.0;0.0;1.0;2.0;1.0;0.0;0.0;0.0;1.0;0.0;0.0;0.0;1.0;1.0;0
org.apache.tools.ant.taskdefs.condition.Contains;5.0;1.0;0.0;3.0;9.0;0.0;1.0;2.0;5.0;0.6667;64.0;1.0;0.0;0.0;0.5333;0.0;0.0;11.2;1.0;1.0;0
org.apache.tools.ant.types.selectors.ContainsRegexpSelector;6.0;5.0;0.0;11.0;29.0;0.0;5.0;6.0;6.0;0.7;224.0;0.75;2.0;0.8837;0.4167;1.0;4.0;35.6667;8.0;2.8333333333333335;0
org.apache.tools.ant.taskdefs.XSLTProcess;30.0;4.0;0.0;17.0;93.0;317.0;1.0;17.0;23.0;0.913;948.0;1.0;5.0;0.729;0.2381;3.0;4.0;29.9;3.0;1.1333333333333333;3
org.apache.tools.ant.ExitException;3.0;5.0;0.0;2.0;8.0;0.0;2.0;0.0;3.0;0.0;28.0;1.0;0.0;0.9444;0.6667;0.0;0.0;8.0;1.0;1.0;0
org.apache.tools.ant.taskdefs.compilers.DefaultCompilerAdapter;20.0;1.0;8.0;22.0;97.0;92.0;8.0;14.0;3.0;0.7162;949.0;1.0;9.0;0.0;0.2481;0.0;0.0;45.3;30.0;4.3;1
org.apache.tools.ant.taskdefs.email.EmailTask;30.0;3.0;1.0;11.0;89.0;301.0;1.0;10.0;30.0;0.9355;844.0;0.8261;2.0;0.5606;0.2074;3.0;3.0;26.3667;39.0;2.533333333333333;0
org.apache.tools.ant.util.Watchdog;7.0;1.0;0.0;3.0;22.0;0.0;3.0;1.0;6.0;0.5556;112.0;1.0;0.0;0.0;0.4762;0.0;0.0;14.5714;4.0;1.7142857142857142;0
org.apache.tools.ant.taskdefs.BUnzip2;3.0;4.0;0.0;4.0;25.0;3.0;0.0;4.0;1.0;1.5;190.0;1.0;0.0;0.9608;1.0;2.0;3.0;62.0;13.0;5.0;0
org.apache.tools.ant.taskdefs.compilers.Jikes;2.0;2.0;0.0;8.0;28.0;1.0;1.0;7.0;2.0;2.0;268.0;0.0;0.0;0.9583;1.0;1.0;1.0;133.0;1.0;1.0;1
org.apache.tools.ant.filters.HeadFilter;10.0;5.0;0.0;5.0;25.0;0.0;1.0;4.0;6.0;0.7037;251.0;1.0;1.0;0.7778;0.375;2.0;4.0;23.2;5.0;1.8;0
org.apache.tools.ant.taskdefs.ProcessDestroyer;8.0;1.0;0.0;2.0;35.0;4.0;2.0;1.0;5.0;0.6735;269.0;0.7143;1.0;0.0;0.4167;0.0;0.0;31.75;4.0;2.25;0
org.apache.tools.ant.types.selectors.BaseSelector;6.0;3.0;5.0;8.0;8.0;3.0;5.0;3.0;6.0;0.4;39.0;1.0;0.0;0.8571;0.5;0.0;0.0;5.3333;3.0;1.5;0
org.apache.tools.ant.util.FlatFileNameMapper;4.0;1.0;0.0;2.0;7.0;6.0;1.0;1.0;4.0;2.0;20.0;0.0;0.0;0.0;0.875;0.0;0.0;4.0;1.0;1.0;0
org.apache.tools.ant.util.DOMElementWriter;8.0;1.0;0.0;1.0;42.0;24.0;1.0;0.0;7.0;0.7143;485.0;1.0;0.0;0.0;0.3469;0.0;0.0;59.375;11.0;4.25;0
org.apache.tools.ant.types.selectors.PresentSelector;7.0;4.0;0.0;12.0;26.0;0.0;5.0;7.0;7.0;0.4583;199.0;1.0;2.0;0.8537;0.3929;1.0;3.0;26.8571;5.0;2.7142857142857144;0
org.apache.tools.ant.util.regexp.RegexpMatcher;6.0;1.0;0.0;6.0;6.0;15.0;5.0;1.0;6.0;1.2;10.0;0.0;0.0;0.0;0.7222;0.0;0.0;0.0;1.0;1.0;0
org.apache.tools.ant.types.ZipScanner;9.0;2.0;0.0;7.0;50.0;14.0;2.0;5.0;8.0;0.5625;348.0;1.0;1.0;0.8889;0.4815;2.0;4.0;37.2222;8.0;3.5555555555555554;0
org.apache.tools.ant.taskdefs.Javac;75.0;4.0;0.0;26.0;121.0;2541.0;11.0;17.0;68.0;0.9648;918.0;1.0;6.0;0.5132;0.2057;1.0;1.0;10.8667;8.0;1.5333333333333334;3
org.apache.tools.ant.taskdefs.condition.IsReference;4.0;2.0;0.0;6.0;14.0;2.0;1.0;5.0;4.0;0.6667;68.0;1.0;1.0;0.75;0.5;0.0;0.0;15.5;1.0;1.0;0
org.apache.tools.bzip2.BZip2Constants;1.0;1.0;0.0;2.0;1.0;0.0;2.0;0.0;0.0;2.0;2064.0;0.0;0.0;0.0;0.0;0.0;0.0;2052.0;1.0;1.0;0
org.apache.tools.ant.taskdefs.Antlib;8.0;3.0;0.0;10.0;46.0;16.0;1.0;9.0;4.0;0.7714;216.0;0.6;0.0;0.8409;0.2708;1.0;1.0;25.375;4.0;2.0;0
org.apache.tools.ant.taskdefs.War;10.0;6.0;0.0;7.0;33.0;33.0;0.0;7.0;6.0;0.8519;165.0;1.0;1.0;0.9529;0.3519;3.0;9.0;15.2;2.0;1.1;0
org.apache.tools.ant.NoBannerLogger;4.0;2.0;0.0;4.0;16.0;0.0;0.0;4.0;4.0;0.3333;59.0;1.0;0.0;0.8571;0.875;1.0;1.0;13.5;5.0;2.0;0
org.apache.tools.ant.types.selectors.DependSelector;3.0;5.0;0.0;9.0;11.0;1.0;5.0;4.0;3.0;2.0;76.0;0.0;0.0;0.9535;0.6667;1.0;1.0;24.3333;4.0;2.0;0
org.apache.tools.ant.types.selectors.BaseSelectorContainer;28.0;4.0;5.0;23.0;45.0;348.0;5.0;23.0;28.0;0.037;204.0;1.0;0.0;0.5645;0.0792;0.0;0.0;6.25;4.0;1.25;0
org.apache.tools.ant.filters.PrefixLines;7.0;5.0;0.0;4.0;22.0;0.0;1.0;3.0;5.0;0.5556;150.0;1.0;0.0;0.8485;0.4762;2.0;5.0;20.0;4.0;1.4285714285714286;0
org.apache.tools.ant.taskdefs.compilers.CompilerAdapter;2.0;1.0;0.0;4.0;2.0;1.0;3.0;2.0;2.0;2.0;2.0;0.0;0.0;0.0;0.75;0.0;0.0;0.0;1.0;1.0;0
org.apache.tools.ant.types.FilterSetCollection;5.0;1.0;0.0;6.0;13.0;0.0;5.0;1.0;5.0;0.0;69.0;1.0;0.0;0.0;0.5333;0.0;0.0;12.6;3.0;1.6;0
org.apache.tools.ant.util.StringUtils;6.0;1.0;0.0;14.0;24.0;15.0;14.0;0.0;5.0;1.0;116.0;0.0;0.0;0.0;0.3;0.0;0.0;18.1667;2.0;1.3333333333333333;0
org.apache.tools.ant.taskdefs.StreamPumper;5.0;1.0;0.0;1.0;11.0;6.0;1.0;0.0;5.0;0.65;153.0;1.0;0.0;0.0;0.5;0.0;0.0;28.6;5.0;1.8;1
org.apache.tools.ant.taskdefs.ExecuteOn;23.0;4.0;2.0;20.0;77.0;143.0;2.0;18.0;16.0;0.8267;1164.0;1.0;4.0;0.78;0.1429;3.0;7.0;48.913;19.0;2.347826086956522;0
org.apache.tools.ant.types.DirSet;3.0;4.0;0.0;7.0;9.0;3.0;5.0;2.0;2.0;2.0;23.0;0.0;0.0;0.9888;0.6667;3.0;4.0;6.6667;2.0;1.3333333333333333;0
org.apache.tools.ant.types.ResourceLocation;7.0;1.0;1.0;5.0;8.0;3.0;5.0;0.0;7.0;0.75;47.0;1.0;0.0;0.0;0.4762;0.0;0.0;5.1429;1.0;1.0;0
org.apache.tools.ant.types.FlexInteger;3.0;1.0;0.0;0.0;7.0;0.0;0.0;0.0;3.0;0.0;19.0;1.0;0.0;0.0;0.6667;0.0;0.0;5.0;1.0;1.0;0
org.apache.tools.ant.taskdefs.Jar;23.0;5.0;2.0;13.0;102.0;157.0;2.0;11.0;10.0;0.8149;1005.0;1.0;6.0;0.8562;0.1584;3.0;14.0;42.087;5.0;1.434782608695652;3
org.apache.tools.ant.input.PropertyFileInputHandler;3.0;1.0;0.0;3.0;19.0;0.0;0.0;3.0;2.0;0.75;104.0;0.5;0.0;0.0;0.6667;0.0;0.0;33.0;1.0;1.0;0
org.apache.tools.ant.ProjectComponent;5.0;1.0;19.0;27.0;8.0;4.0;27.0;1.0;5.0;0.25;37.0;1.0;1.0;0.0;0.45;0.0;0.0;6.2;3.0;1.4;1
org.apache.tools.tar.TarOutputStream;15.0;3.0;0.0;3.0;37.0;41.0;1.0;2.0;14.0;0.6964;437.0;0.75;1.0;0.4545;0.3111;1.0;2.0;27.3333;1.0;1.0;2
org.apache.tools.zip.AsiExtraField;20.0;1.0;0.0;4.0;42.0;130.0;0.0;4.0;18.0;0.7368;376.0;1.0;1.0;0.0;0.2842;0.0;0.0;17.45;3.0;1.25;0
org.apache.tools.ant.filters.LineContains;8.0;5.0;0.0;5.0;26.0;0.0;1.0;4.0;5.0;0.5714;173.0;1.0;0.0;0.8235;0.375;2.0;5.0;20.25;4.0;1.375;0
org.apache.tools.ant.types.selectors.modifiedselector.HashvalueAlgorithm;4.0;1.0;0.0;1.0;13.0;6.0;0.0;1.0;4.0;2.0;45.0;0.0;0.0;0.0;0.625;0.0;0.0;10.25;2.0;1.25;0
org.apache.tools.ant.taskdefs.Tar;12.0;4.0;0.0;14.0;87.0;20.0;0.0;14.0;9.0;0.9167;687.0;0.25;2.0;0.8764;0.2604;2.0;2.0;55.25;2.0;1.0833333333333333;1
org.apache.tools.ant.taskdefs.Replace;22.0;4.0;0.0;8.0;90.0;129.0;2.0;8.0;16.0;0.8498;826.0;1.0;3.0;0.7879;0.3182;2.0;2.0;35.9545;6.0;1.3181818181818181;1
org.apache.tools.ant.filters.BaseParamFilterReader;4.0;4.0;11.0;14.0;7.0;4.0;11.0;3.0;3.0;0.6667;22.0;1.0;1.0;0.9286;0.5;0.0;0.0;4.25;1.0;1.0;0
org.apache.tools.ant.util.regexp.RegexpUtil;3.0;1.0;0.0;0.0;4.0;3.0;0.0;0.0;3.0;2.0;20.0;0.0;0.0;0.0;0.5;0.0;0.0;5.6667;2.0;1.3333333333333333;0
org.apache.tools.ant.types.selectors.SelectorContainer;24.0;1.0;0.0;23.0;24.0;276.0;3.0;20.0;24.0;2.0;24.0;0.0;0.0;0.0;0.0893;0.0;0.0;0.0;1.0;1.0;0
org.apache.tools.mail.ErrorInQuitException;1.0;4.0;0.0;1.0;3.0;0.0;1.0;0.0;1.0;2.0;6.0;0.0;0.0;1.0;1.0;0.0;0.0;5.0;1.0;1.0;0
org.apache.tools.ant.util.regexp.RegexpFactory;4.0;2.0;0.0;6.0;13.0;6.0;1.0;5.0;3.0;2.0;83.0;0.0;0.0;0.7;0.5;0.0;0.0;19.75;1.0;1.0;0
org.apache.tools.ant.util.facade.ImplementationSpecificArgument;3.0;3.0;2.0;6.0;6.0;1.0;5.0;1.0;3.0;0.5;25.0;1.0;0.0;0.8824;0.8333;1.0;1.0;7.0;3.0;1.6666666666666667;0
org.apache.tools.ant.filters.EscapeUnicode;5.0;5.0;0.0;3.0;19.0;4.0;1.0;2.0;4.0;0.25;107.0;1.0;0.0;0.9032;0.7;2.0;5.0;20.2;1.0;1.0;0
org.apache.tools.ant.util.TimeoutObserver;1.0;1.0;0.0;3.0;1.0;0.0;3.0;1.0;1.0;2.0;1.0;0.0;0.0;0.0;1.0;0.0;0.0;0.0;1.0;1.0;0
org.apache.tools.ant.taskdefs.cvslib.RedirectingStreamHandler;3.0;2.0;0.0;5.0;12.0;3.0;1.0;4.0;1.0;2.0;40.0;0.0;0.0;0.8571;0.6667;0.0;0.0;12.3333;1.0;1.0;0
org.apache.tools.ant.listener.AnsiColorLogger;3.0;2.0;0.0;1.0;18.0;0.0;0.0;1.0;1.0;0.9688;258.0;1.0;0.0;0.9;0.5;1.0;3.0;79.6667;12.0;6.0;0
org.apache.tools.ant.RuntimeConfigurable;21.0;1.0;0.0;19.0;66.0;112.0;12.0;8.0;19.0;0.8;502.0;1.0;1.0;0.0;0.181;0.0;0.0;22.381;12.0;2.0952380952380953;1
org.apache.tools.ant.taskdefs.SubAnt;23.0;3.0;0.0;14.0;89.0;201.0;0.0;14.0;19.0;0.8471;541.0;1.0;1.0;0.6271;0.1449;2.0;2.0;22.0435;13.0;2.1739130434782608;0
org.apache.tools.ant.types.Description;5.0;3.0;0.0;8.0;24.0;10.0;1.0;8.0;3.0;2.0;137.0;0.0;0.0;0.8824;0.4;0.0;0.0;26.4;6.0;3.0;0
org.apache.tools.ant.taskdefs.ExecuteJava;11.0;1.0;0.0;11.0;54.0;17.0;1.0;10.0;11.0;0.7667;437.0;1.0;4.0;0.0;0.1919;0.0;0.0;37.9091;7.0;1.6363636363636365;2
org.apache.tools.ant.types.Parameterizable;1.0;1.0;0.0;4.0;1.0;0.0;3.0;1.0;1.0;2.0;1.0;0.0;0.0;0.0;1.0;0.0;0.0;0.0;1.0;1.0;0
org.apache.tools.ant.taskdefs.Input;7.0;3.0;0.0;7.0;25.0;0.0;0.0;7.0;7.0;0.625;141.0;1.0;0.0;0.8605;0.8571;1.0;1.0;18.5714;1.0;1.0;0
org.apache.tools.bzip2.CRC;7.0;1.0;0.0;2.0;8.0;0.0;2.0;0.0;1.0;0.5;1082.0;0.0;0.0;0.0;0.6667;0.0;0.0;153.2857;2.0;1.1428571428571428;0
org.apache.tools.ant.types.FilterChain;25.0;3.0;0.0;31.0;38.0;0.0;5.0;26.0;25.0;0.0;189.0;1.0;0.0;0.5556;0.08;1.0;1.0;6.52;1.0;1.0;0
org.apache.tools.ant.types.selectors.SelectSelector;13.0;5.0;0.0;8.0;34.0;68.0;5.0;4.0;12.0;0.75;199.0;1.0;0.0;0.8378;0.2923;2.0;8.0;14.1538;5.0;2.230769230769231;0
org.apache.tools.ant.DefaultLogger;16.0;1.0;3.0;13.0;39.0;80.0;6.0;7.0;12.0;0.8762;340.0;0.8571;0.0;0.0;0.2857;0.0;0.0;19.8125;8.0;1.875;1
org.apache.tools.ant.taskdefs.JikesOutputParser;12.0;1.0;0.0;3.0;22.0;44.0;1.0;2.0;5.0;0.8052;156.0;1.0;1.0;0.0;0.2619;0.0;0.0;11.4167;4.0;1.3333333333333333;0
org.apache.tools.ant.taskdefs.Execute;30.0;1.0;0.0;33.0;111.0;363.0;14.0;21.0;22.0;0.8457;1003.0;0.7895;6.0;0.0;0.1084;0.0;0.0;31.8;11.0;2.4;3
org.apache.tools.ant.DynamicConfigurator;2.0;1.0;0.0;4.0;2.0;1.0;3.0;1.0;2.0;2.0;2.0;0.0;0.0;0.0;1.0;0.0;0.0;0.0;1.0;1.0;0
org.apache.tools.ant.taskdefs.Cvs;1.0;4.0;0.0;1.0;2.0;0.0;0.0;1.0;1.0;2.0;4.0;0.0;0.0;1.0;1.0;0.0;0.0;3.0;1.0;1.0;0
org.apache.tools.zip.UnrecognizedExtraField;10.0;1.0;0.0;3.0;13.0;31.0;1.0;2.0;10.0;0.7037;76.0;1.0;1.0;0.0;0.375;0.0;0.0;6.3;2.0;1.2;0
org.apache.tools.ant.taskdefs.Typedef;1.0;6.0;1.0;3.0;2.0;0.0;2.0;1.0;1.0;2.0;4.0;0.0;0.0;1.0;1.0;0.0;0.0;3.0;1.0;1.0;0
org.apache.tools.ant.filters.ConcatFilter;9.0;5.0;0.0;4.0;28.0;12.0;0.0;4.0;8.0;0.5;217.0;1.0;0.0;0.8;0.4815;2.0;5.0;22.6667;1.0;1.0;0
org.apache.tools.zip.ZipEntry;31.0;2.0;0.0;8.0;85.0;317.0;5.0;3.0;22.0;0.8583;615.0;0.9167;0.0;0.4694;0.14;1.0;3.0;18.4516;5.0;1.6774193548387097;2
org.apache.tools.ant.types.EnumeratedAttribute;8.0;1.0;33.0;36.0;14.0;20.0;35.0;1.0;7.0;0.7143;87.0;1.0;0.0;0.0;0.6875;0.0;0.0;9.625;5.0;1.625;0
org.apache.tools.ant.taskdefs.condition.Not;2.0;3.0;0.0;3.0;8.0;1.0;1.0;3.0;2.0;2.0;33.0;0.0;0.0;0.9697;1.0;0.0;0.0;15.5;1.0;1.0;0
org.apache.tools.ant.types.RegularExpression;6.0;3.0;0.0;10.0;23.0;1.0;4.0;6.0;5.0;0.8;95.0;0.6667;2.0;0.8824;0.6;0.0;0.0;14.3333;3.0;1.6666666666666667;0
org.apache.tools.ant.util.LazyHashtable;9.0;3.0;0.0;0.0;16.0;34.0;0.0;0.0;8.0;0.0;60.0;1.0;0.0;0.8261;0.6667;1.0;2.0;5.5556;2.0;1.1111111111111112;0
org.apache.tools.ant.types.selectors.DifferentSelector;3.0;5.0;0.0;7.0;14.0;0.0;4.0;3.0;2.0;0.25;92.0;1.0;1.0;0.9535;0.5556;1.0;1.0;29.0;8.0;3.3333333333333335;0
org.apache.tools.ant.taskdefs.Sync;15.0;3.0;0.0;6.0;49.0;33.0;1.0;6.0;9.0;0.4286;463.0;1.0;1.0;0.7255;0.25;0.0;0.0;29.8;7.0;2.0;3
org.apache.tools.ant.taskdefs.condition.IsSet;3.0;2.0;0.0;5.0;7.0;1.0;1.0;4.0;3.0;0.5;29.0;1.0;0.0;0.8182;0.6667;0.0;0.0;8.3333;1.0;1.0;0
org.apache.tools.ant.filters.LineContainsRegExp;8.0;5.0;0.0;7.0;29.0;0.0;1.0;6.0;5.0;0.5714;187.0;1.0;0.0;0.8235;0.375;2.0;5.0;22.0;4.0;1.375;0
org.apache.tools.ant.util.ClasspathUtils;11.0;1.0;0.0;8.0;27.0;55.0;2.0;7.0;9.0;1.1;218.0;0.5;0.0;0.0;0.2841;0.0;0.0;18.6364;8.0;2.0;1
org.apache.tools.ant.taskdefs.LogOutputStream;9.0;2.0;2.0;9.0;18.0;8.0;8.0;1.0;6.0;0.8214;160.0;1.0;1.0;0.3846;0.3778;1.0;1.0;16.0;1.0;1.0;0
org.apache.tools.ant.types.selectors.SizeSelector;8.0;5.0;0.0;9.0;30.0;0.0;5.0;4.0;8.0;0.6939;365.0;0.5714;0.0;0.8444;0.25;1.0;4.0;43.75;19.0;5.5;0
org.apache.tools.ant.UnknownElement;28.0;3.0;0.0;25.0;89.0;246.0;17.0;13.0;16.0;0.7716;817.0;1.0;0.0;0.5781;0.2411;1.0;5.0;27.9643;16.0;2.4642857142857144;4
org.apache.tools.tar.TarEntry;35.0;1.0;0.0;6.0;73.0;353.0;4.0;2.0;34.0;0.8096;790.0;0.7895;0.0;0.0;0.16;1.0;1.0;21.0286;14.0;1.8;0
org.apache.tools.ant.types.selectors.BaseExtendSelector;4.0;4.0;8.0;12.0;5.0;0.0;8.0;4.0;3.0;0.3333;18.0;1.0;1.0;0.9211;0.4375;0.0;0.0;3.25;1.0;1.0;0
org.apache.tools.ant.taskdefs.Checksum;20.0;4.0;0.0;8.0;91.0;108.0;1.0;7.0;15.0;0.7763;960.0;1.0;0.0;0.8041;0.2125;0.0;0.0;46.2;3.0;1.15;2
org.apache.tools.ant.taskdefs.DependSet;6.0;4.0;0.0;7.0;33.0;0.0;0.0;7.0;6.0;0.6;511.0;1.0;0.0;0.9398;0.5556;1.0;1.0;83.5;1.0;1.0;1
org.apache.tools.ant.types.selectors.DateSelector;11.0;5.0;0.0;10.0;38.0;1.0;5.0;5.0;11.0;0.84;392.0;0.5;0.0;0.7917;0.2159;1.0;4.0;33.7273;8.0;2.909090909090909;0
org.apache.tools.ant.util.IdentityMapper;4.0;1.0;0.0;6.0;5.0;6.0;5.0;1.0;4.0;2.0;16.0;0.0;0.0;0.0;0.875;0.0;0.0;3.0;1.0;1.0;0
org.apache.tools.ant.taskdefs.compilers.Sj;2.0;2.0;0.0;5.0;11.0;1.0;1.0;4.0;2.0;2.0;41.0;0.0;0.0;0.9583;1.0;0.0;0.0;19.5;1.0;1.0;0
org.apache.tools.ant.DemuxOutputStream;10.0;2.0;0.0;4.0;30.0;27.0;1.0;3.0;5.0;0.7619;252.0;1.0;1.0;0.3571;0.2833;1.0;1.0;23.5;2.0;1.1;0
org.apache.tools.ant.types.selectors.NoneSelector;3.0;5.0;1.0;7.0;14.0;3.0;6.0;2.0;3.0;2.0;52.0;0.0;0.0;0.9688;0.5556;1.0;1.0;16.3333;3.0;2.0;0
org.apache.tools.ant.ComponentHelper;34.0;1.0;0.0;18.0;133.0;283.0;8.0;12.0;23.0;0.8095;1255.0;0.7857;3.0;0.0;0.1961;0.0;0.0;35.5;10.0;2.6176470588235294;2
org.apache.tools.ant.taskdefs.email.PlainMailer;3.0;2.0;1.0;7.0;40.0;3.0;2.0;5.0;1.0;2.0;235.0;0.0;0.0;0.9;0.5556;1.0;1.0;77.3333;8.0;3.3333333333333335;0
org.apache.tools.ant.taskdefs.condition.FilesMatch;4.0;1.0;0.0;4.0;13.0;0.0;1.0;3.0;4.0;0.6667;60.0;1.0;1.0;0.0;0.75;0.0;0.0;13.25;1.0;1.0;0
org.apache.tools.ant.filters.BaseFilterReader;10.0;3.0;6.0;9.0;21.0;21.0;7.0;2.0;5.0;0.8148;151.0;1.0;1.0;0.6923;0.2286;2.0;3.0;13.8;1.0;1.0;0
org.apache.tools.ant.taskdefs.ExecuteStreamHandler;5.0;1.0;0.0;13.0;5.0;10.0;13.0;0.0;5.0;2.0;5.0;0.0;0.0;0.0;0.5333;0.0;0.0;0.0;1.0;1.0;0
org.apache.tools.ant.taskdefs.XSLTLiaison2;1.0;1.0;0.0;2.0;1.0;0.0;1.0;2.0;1.0;2.0;1.0;0.0;0.0;0.0;1.0;0.0;0.0;0.0;1.0;1.0;0
org.apache.tools.ant.BuildListener;7.0;1.0;0.0;9.0;7.0;21.0;8.0;1.0;7.0;2.0;7.0;0.0;0.0;0.0;1.0;0.0;0.0;0.0;1.0;1.0;0
org.apache.tools.ant.taskdefs.rmic.SunRmic;3.0;2.0;0.0;8.0;22.0;3.0;1.0;7.0;2.0;1.0;152.0;0.0;0.0;0.8889;0.5;0.0;0.0;48.6667;1.0;1.0;0
org.apache.tools.ant.filters.ReplaceTokens;13.0;5.0;0.0;6.0;39.0;0.0;1.0;5.0;7.0;0.713;424.0;1.0;0.0;0.7179;0.2923;2.0;5.0;30.9231;10.0;1.6923076923076923;1
org.apache.tools.ant.DemuxInputStream;3.0;2.0;0.0;2.0;5.0;0.0;1.0;1.0;3.0;0.0;34.0;1.0;1.0;0.8182;0.5;1.0;2.0;10.0;1.0;1.0;0
org.apache.tools.ant.taskdefs.Pack;9.0;3.0;2.0;5.0;24.0;26.0;2.0;3.0;5.0;0.6875;169.0;1.0;0.0;0.8222;0.4444;1.0;1.0;17.5556;1.0;1.0;0
org.apache.tools.ant.filters.TailFilter;10.0;5.0;0.0;5.0;30.0;0.0;1.0;4.0;6.0;0.6889;328.0;1.0;1.0;0.7778;0.375;2.0;5.0;30.8;12.0;2.5;0
org.apache.tools.ant.taskdefs.email.EmailAddress;8.0;1.0;0.0;4.0;15.0;6.0;4.0;0.0;7.0;0.5714;284.0;1.0;0.0;0.0;0.5417;0.0;0.0;34.25;20.0;5.0;0
org.apache.tools.ant.taskdefs.cvslib.CvsTagEntry;7.0;1.0;0.0;1.0;11.0;7.0;1.0;0.0;7.0;0.3333;105.0;0.0;0.0;0.0;0.7143;0.0;0.0;13.5714;7.0;1.8571428571428572;0
org.apache.tools.ant.Main;23.0;1.0;0.0;14.0;115.0;173.0;1.0;14.0;5.0;0.7512;1957.0;0.8947;0.0;0.0;0.1446;0.0;0.0;83.2609;50.0;4.521739130434782;0
org.apache.tools.ant.taskdefs.Sequential;3.0;3.0;0.0;3.0;10.0;0.0;0.0;3.0;3.0;0.0;32.0;1.0;0.0;0.9487;0.6667;0.0;0.0;9.3333;1.0;1.0;0
org.apache.tools.ant.taskdefs.ManifestException;1.0;3.0;0.0;6.0;2.0;0.0;6.0;0.0;1.0;2.0;5.0;0.0;0.0;1.0;1.0;0.0;0.0;4.0;1.0;1.0;0
org.apache.tools.ant.types.Environment;3.0;1.0;1.0;6.0;9.0;0.0;4.0;2.0;3.0;0.0;47.0;1.0;0.0;0.0;0.6667;0.0;0.0;14.3333;1.0;1.0;1
org.apache.tools.ant.taskdefs.condition.ConditionBase;20.0;2.0;5.0;20.0;25.0;0.0;5.0;18.0;18.0;0.0;122.0;1.0;0.0;0.3214;0.1028;0.0;0.0;5.05;1.0;1.0;0
org.apache.tools.ant.input.MultipleChoiceInputRequest;3.0;2.0;0.0;3.0;8.0;0.0;2.0;1.0;3.0;0.0;32.0;1.0;0.0;0.75;0.5556;0.0;0.0;9.3333;2.0;1.3333333333333333;0
org.apache.tools.ant.taskdefs.Definer;22.0;5.0;1.0;12.0;75.0;151.0;2.0;11.0;14.0;0.8485;618.0;1.0;0.0;0.72;0.2216;0.0;0.0;26.5909;7.0;1.6818181818181819;1
org.apache.tools.ant.taskdefs.Rename;5.0;3.0;0.0;5.0;19.0;0.0;0.0;5.0;5.0;0.6667;100.0;1.0;0.0;0.9024;0.5333;1.0;1.0;18.4;1.0;1.0;0
org.apache.tools.ant.types.selectors.ExtendFileSelector;0.0;1.0;0.0;4.0;0.0;0.0;2.0;2.0;0.0;2.0;0.0;0.0;0.0;0.0;0.0;0.0;0.0;0.0;0.0;0.0;0
org.apache.tools.ant.taskdefs.compilers.Kjc;4.0;2.0;0.0;9.0;26.0;6.0;1.0;8.0;2.0;1.0;195.0;0.0;0.0;0.8846;0.5;0.0;0.0;47.5;10.0;3.25;0
org.apache.tools.ant.util.CollectionUtils;4.0;1.0;0.0;3.0;13.0;6.0;3.0;0.0;4.0;2.0;86.0;0.0;0.0;0.0;0.3333;1.0;1.0;20.5;8.0;3.75;0
org.apache.tools.ant.types.PatternSet;22.0;3.0;0.0;11.0;68.0;133.0;7.0;5.0;16.0;0.5714;677.0;1.0;0.0;0.5882;0.2662;2.0;3.0;29.5909;9.0;3.0;3
org.apache.tools.ant.taskdefs.cvslib.RCSFile;5.0;1.0;0.0;2.0;7.0;4.0;2.0;0.0;0.0;0.5;39.0;1.0;0.0;0.0;0.7;0.0;0.0;6.2;2.0;1.2;0
org.apache.tools.ant.util.DateUtils;11.0;1.0;0.0;3.0;36.0;51.0;3.0;0.0;8.0;1.01;314.0;0.6;0.0;0.0;0.22;0.0;0.0;26.6364;4.0;1.5454545454545454;0
org.apache.tools.ant.types.selectors.FileSelector;1.0;1.0;0.0;16.0;1.0;0.0;15.0;1.0;1.0;2.0;1.0;0.0;0.0;0.0;1.0;0.0;0.0;0.0;1.0;1.0;0
org.apache.tools.ant.taskdefs.Jikes;2.0;1.0;0.0;5.0;30.0;0.0;0.0;5.0;0.0;0.0;188.0;1.0;2.0;0.0;0.6;0.0;0.0;91.5;10.0;5.5;0
org.apache.tools.ant.taskdefs.Deltree;4.0;3.0;0.0;3.0;18.0;4.0;0.0;3.0;3.0;0.6667;152.0;1.0;0.0;0.925;0.75;1.0;1.0;36.75;1.0;1.0;0
org.apache.tools.ant.taskdefs.cvslib.ChangeLogParser;12.0;1.0;0.0;4.0;37.0;0.0;3.0;1.0;1.0;0.7662;340.0;1.0;0.0;0.0;0.8182;0.0;0.0;26.1667;3.0;1.8333333333333333;0
org.apache.tools.ant.util.facade.FacadeTaskHelper;9.0;1.0;0.0;3.0;19.0;8.0;2.0;1.0;9.0;0.5313;119.0;1.0;0.0;0.0;0.5185;0.0;0.0;11.7778;3.0;1.6666666666666667;0
org.apache.tools.ant.types.ResourceFactory;1.0;1.0;0.0;5.0;1.0;0.0;4.0;1.0;1.0;2.0;1.0;0.0;0.0;0.0;1.0;0.0;0.0;0.0;1.0;1.0;0
org.apache.tools.zip.ExtraFieldUtils;8.0;1.0;0.0;4.0;41.0;22.0;1.0;3.0;6.0;0.7857;377.0;0.5;0.0;0.0;0.1667;0.0;0.0;45.875;3.0;1.625;0
org.apache.tools.ant.types.Mapper;11.0;3.0;0.0;15.0;42.0;17.0;7.0;8.0;10.0;0.7;291.0;1.0;2.0;0.75;0.2879;1.0;1.0;25.0;3.0;2.0;1
org.apache.tools.ant.taskdefs.GZip;2.0;4.0;0.0;3.0;13.0;1.0;0.0;3.0;1.0;2.0;56.0;0.0;0.0;0.9804;1.0;1.0;2.0;27.0;4.0;2.5;0
org.apache.tools.ant.input.DefaultInputHandler;4.0;1.0;0.0;7.0;22.0;6.0;2.0;5.0;2.0;2.0;120.0;0.0;0.0;0.0;0.75;0.0;0.0;29.0;4.0;1.75;0
org.apache.tools.ant.util.MergingMapper;4.0;1.0;0.0;4.0;5.0;0.0;3.0;1.0;4.0;0.3333;24.0;1.0;0.0;0.0;0.875;0.0;0.0;4.75;1.0;1.0;0
org.apache.tools.ant.taskdefs.rmic.RmicAdapterFactory;3.0;1.0;0.0;7.0;14.0;3.0;1.0;6.0;1.0;2.0;88.0;0.0;0.0;0.0;0.4444;0.0;0.0;28.3333;1.0;1.0;1
org.apache.tools.ant.types.selectors.OrSelector;3.0;5.0;0.0;6.0;14.0;3.0;5.0;2.0;3.0;2.0;52.0;0.0;0.0;0.9688;0.5556;1.0;1.0;16.3333;3.0;2.0;0
org.apache.tools.ant.taskdefs.Mkdir;4.0;3.0;0.0;3.0;17.0;4.0;0.0;3.0;3.0;1.0;99.0;1.0;0.0;0.925;0.75;1.0;1.0;23.25;2.0;1.25;0
org.apache.tools.bzip2.CBZip2OutputStream;33.0;2.0;0.0;6.0;44.0;322.0;2.0;4.0;5.0;0.8575;4238.0;0.7805;1.0;0.1389;0.2576;1.0;1.0;126.1818;32.0;5.666666666666667;0
org.apache.tools.ant.taskdefs.cvslib.RedirectingOutputStream;2.0;4.0;0.0;4.0;4.0;0.0;1.0;3.0;1.0;0.0;16.0;1.0;1.0;0.9375;0.6667;1.0;1.0;6.5;1.0;1.0;0
org.apache.tools.ant.BuildEvent;11.0;2.0;0.0;11.0;15.0;13.0;9.0;3.0;11.0;0.75;97.0;1.0;3.0;0.2;0.2208;0.0;0.0;7.2727;1.0;1.0;0
org.apache.tools.ant.taskdefs.SendEmail;2.0;4.0;0.0;1.0;5.0;1.0;0.0;1.0;2.0;2.0;10.0;0.0;0.0;0.9859;0.75;1.0;1.0;4.0;1.0;1.0;0
org.apache.tools.zip.ZipOutputStream;25.0;3.0;0.0;8.0;99.0;106.0;5.0;3.0;15.0;0.8029;1445.0;0.9231;8.0;0.3125;0.2135;1.0;7.0;55.76;2.0;1.12;1
org.apache.tools.ant.taskdefs.PathConvert;16.0;3.0;0.0;11.0;48.0;58.0;1.0;11.0;12.0;0.7867;485.0;1.0;2.0;0.7115;0.25;1.0;1.0;28.6875;4.0;1.5625;0
org.apache.tools.ant.taskdefs.email.Message;11.0;2.0;0.0;6.0;26.0;0.0;4.0;2.0;11.0;0.58;180.0;1.0;0.0;0.5294;0.4091;0.0;0.0;14.9091;1.0;1.0;0
org.apache.tools.ant.util.RegexpPatternMapper;5.0;1.0;0.0;4.0;20.0;0.0;0.0;4.0;4.0;0.3333;145.0;1.0;1.0;0.0;0.9;0.0;0.0;27.4;5.0;2.4;0
org.apache.tools.ant.taskdefs.compilers.Javac12;3.0;2.0;0.0;8.0;20.0;3.0;1.0;7.0;2.0;1.0;151.0;0.0;0.0;0.92;0.5;0.0;0.0;48.3333;1.0;1.0;0
org.apache.tools.ant.taskdefs.compilers.Javac13;2.0;2.0;0.0;6.0;13.0;1.0;1.0;5.0;2.0;2.0;66.0;1.0;0.0;0.9583;1.0;0.0;0.0;31.5;1.0;1.0;0
org.apache.tools.ant.taskdefs.compilers.CompilerAdapterFactory;5.0;1.0;0.0;13.0;28.0;10.0;1.0;12.0;1.0;1.0;225.0;0.5;0.0;0.0;0.3333;0.0;0.0;43.6;2.0;1.2;1
org.apache.tools.ant.BuildLogger;4.0;1.0;0.0;5.0;4.0;6.0;4.0;1.0;4.0;2.0;4.0;0.0;0.0;0.0;0.5;0.0;0.0;0.0;1.0;1.0;0
org.apache.tools.ant.util.JavaEnvUtils;11.0;1.0;0.0;17.0;26.0;31.0;16.0;2.0;7.0;0.8923;362.0;0.6154;1.0;0.0;0.3;0.0;0.0;30.7273;5.0;2.3636363636363638;3
org.apache.tools.ant.filters.StringInputStream;9.0;2.0;0.0;0.0;23.0;0.0;0.0;0.0;9.0;0.5313;250.0;1.0;0.0;0.5625;0.3889;1.0;2.0;26.3333;1.0;1.0;0
org.apache.tools.ant.types.selectors.FilenameSelector;8.0;5.0;0.0;9.0;23.0;0.0;5.0;4.0;8.0;0.7619;198.0;0.5;0.0;0.8444;0.35;1.0;4.0;23.0;6.0;2.375;0
org.apache.tools.ant.taskdefs.XSLTLiaison;3.0;1.0;0.0;2.0;3.0;3.0;2.0;0.0;3.0;1.5;4.0;0.0;0.0;0.0;0.6667;0.0;0.0;0.0;1.0;1.0;0
org.apache.tools.ant.taskdefs.Chmod;18.0;5.0;0.0;11.0;59.0;39.0;0.0;11.0;16.0;0.6078;316.0;1.0;1.0;0.8651;0.2685;4.0;7.0;16.3889;4.0;1.2777777777777777;0
org.apache.tools.ant.taskdefs.rmic.RmicAdapter;4.0;1.0;0.0;6.0;4.0;6.0;3.0;4.0;4.0;2.0;4.0;0.0;0.0;0.0;0.625;0.0;0.0;0.0;1.0;1.0;0
org.apache.tools.ant.taskdefs.Unpack;10.0;3.0;2.0;6.0;26.0;29.0;2.0;4.0;6.0;0.5556;162.0;1.0;0.0;0.8043;0.5;0.0;0.0;15.0;4.0;1.3;0
org.apache.tools.ant.types.selectors.SelectorUtils;17.0;1.0;0.0;6.0;42.0;134.0;5.0;1.0;14.0;0.9375;936.0;1.0;1.0;0.0;0.2083;0.0;0.0;54.0;47.0;7.0;0
org.apache.tools.ant.util.KeepAliveOutputStream;2.0;3.0;0.0;0.0;3.0;1.0;0.0;0.0;2.0;2.0;7.0;0.0;0.0;0.9091;0.75;1.0;1.0;2.5;1.0;1.0;0
org.apache.tools.bzip2.CBZip2InputStream;32.0;2.0;0.0;4.0;40.0;330.0;2.0;2.0;2.0;0.7728;2011.0;0.7778;1.0;0.225;0.2063;1.0;1.0;60.4375;26.0;4.125;0
org.apache.tools.ant.types.selectors.modifiedselector.PropertiesfileCache;12.0;1.0;0.0;2.0;42.0;0.0;1.0;1.0;12.0;0.3864;236.0;1.0;0.0;0.0;0.4444;0.0;0.0;18.3333;4.0;1.75;1
org.apache.tools.ant.types.selectors.TypeSelector;6.0;5.0;0.0;7.0;22.0;0.0;4.0;3.0;6.0;0.6;105.0;0.5;0.0;0.8837;0.3333;2.0;5.0;16.1667;4.0;1.8333333333333333;0
org.apache.tools.ant.types.Permissions;12.0;1.0;0.0;6.0;34.0;4.0;3.0;4.0;6.0;0.6515;367.0;1.0;0.0;0.0;0.3125;0.0;0.0;29.0833;1.0;1.0;0
org.apache.tools.ant.taskdefs.Java;48.0;3.0;0.0;21.0;152.0;498.0;0.0;21.0;38.0;0.8609;1000.0;1.0;4.0;0.4405;0.1222;1.0;3.0;19.5625;2.0;1.1458333333333333;3
org.apache.tools.ant.TaskContainer;1.0;1.0;0.0;13.0;1.0;0.0;12.0;1.0;1.0;2.0;1.0;0.0;0.0;0.0;1.0;0.0;0.0;0.0;1.0;1.0;0
org.apache.tools.ant.taskdefs.Ear;8.0;6.0;0.0;7.0;31.0;16.0;0.0;7.0;4.0;0.8095;149.0;1.0;1.0;0.9643;0.3571;3.0;9.0;17.25;2.0;1.125;0
org.apache.tools.ant.types.selectors.modifiedselector.Cache;7.0;1.0;0.0;2.0;7.0;21.0;2.0;0.0;7.0;2.0;7.0;0.0;0.0;0.0;0.6429;0.0;0.0;0.0;1.0;1.0;0
org.apache.tools.ant.taskdefs.AntStructure;9.0;3.0;0.0;6.0;61.0;28.0;0.0;6.0;3.0;0.925;748.0;0.6;0.0;0.8222;0.2857;0.0;0.0;81.0;7.0;2.3333333333333335;1
org.apache.tools.ant.listener.MailLogger;7.0;2.0;0.0;9.0;69.0;15.0;0.0;9.0;2.0;0.5;453.0;1.0;0.0;0.75;0.3673;2.0;4.0;63.5714;14.0;3.0;0
org.apache.tools.ant.taskdefs.Exit;8.0;3.0;0.0;3.0;18.0;10.0;0.0;3.0;6.0;0.7143;172.0;1.0;0.0;0.8409;0.75;0.0;0.0;20.125;4.0;1.875;0
org.apache.tools.ant.util.JAXPUtils;13.0;1.0;0.0;5.0;32.0;70.0;3.0;2.0;9.0;0.8333;158.0;1.0;1.0;0.0;0.0833;0.0;0.0;10.8462;2.0;1.0769230769230769;0
org.apache.tools.ant.Target;23.0;1.0;0.0;32.0;57.0;147.0;28.0;6.0;19.0;0.8052;441.0;1.0;1.0;0.0;0.313;0.0;0.0;17.8696;8.0;1.9130434782608696;2
org.apache.tools.ant.taskdefs.Javadoc;85.0;3.0;0.0;31.0;233.0;2766.0;7.0;31.0;78.0;0.9444;2410.0;0.9697;10.0;0.3083;0.1369;3.0;3.0;26.9647;13.0;1.7294117647058824;6
org.apache.tools.ant.Task;30.0;2.0;59.0;101.0;57.0;361.0;98.0;7.0;20.0;0.8707;317.0;1.0;4.0;0.2368;0.1958;1.0;3.0;9.3;4.0;1.2333333333333334;1
org.apache.tools.ant.taskdefs.Taskdef;2.0;7.0;0.0;1.0;8.0;1.0;0.0;1.0;1.0;1.0;37.0;0.0;0.0;0.9872;0.5;0.0;0.0;16.5;3.0;2.0;0
org.apache.tools.ant.taskdefs.GenerateKey;14.0;3.0;0.0;7.0;34.0;65.0;0.0;7.0;14.0;0.9103;404.0;1.0;1.0;0.74;0.5952;1.0;1.0;27.0;2.0;1.0714285714285714;0
org.apache.tools.ant.taskdefs.condition.Or;2.0;3.0;0.0;3.0;7.0;1.0;1.0;3.0;2.0;2.0;23.0;0.0;0.0;0.9697;1.0;0.0;0.0;10.5;1.0;1.0;0
org.apache.tools.ant.taskdefs.condition.Os;13.0;1.0;0.0;14.0;23.0;68.0;12.0;2.0;12.0;0.6979;357.0;1.0;0.0;0.0;0.7083;0.0;0.0;25.8462;44.0;4.3076923076923075;0
org.apache.tools.ant.types.ZipFileSet;19.0;5.0;0.0;12.0;46.0;25.0;4.0;8.0;16.0;0.4889;458.0;0.8;0.0;0.8519;0.2982;4.0;15.0;22.5789;4.0;2.0;3
org.apache.tools.ant.util.GlobPatternMapper;5.0;1.0;2.0;5.0;15.0;0.0;4.0;1.0;4.0;0.5;137.0;1.0;0.0;0.0;0.9;0.0;0.0;25.2;4.0;2.0;0
org.apache.tools.ant.types.selectors.ExtendSelector;10.0;4.0;0.0;14.0;36.0;3.0;5.0;9.0;10.0;0.5833;252.0;1.0;2.0;0.7955;0.2667;1.0;3.0;23.8;7.0;2.4;0
org.apache.tools.ant.util.SourceFileScanner;4.0;1.0;0.0;13.0;18.0;0.0;6.0;7.0;4.0;0.2222;137.0;1.0;2.0;0.0;0.5;0.0;0.0;32.5;3.0;1.75;1
org.apache.tools.ant.filters.StripLineComments;8.0;5.0;0.0;5.0;26.0;0.0;1.0;4.0;5.0;0.5714;172.0;1.0;0.0;0.8235;0.375;2.0;5.0;20.125;4.0;1.375;0
org.apache.tools.ant.types.selectors.DepthSelector;7.0;5.0;0.0;8.0;26.0;0.0;5.0;3.0;7.0;0.6667;260.0;0.0;0.0;0.8636;0.3429;2.0;5.0;35.5714;9.0;3.2857142857142856;0
org.apache.tools.ant.types.Assertions;12.0;3.0;0.0;10.0;38.0;2.0;2.0;9.0;8.0;0.4091;224.0;1.0;0.0;0.7317;0.1979;2.0;3.0;17.5;4.0;1.9166666666666667;2
org.apache.tools.ant.util.ScriptRunner;8.0;1.0;0.0;3.0;38.0;6.0;0.0;3.0;8.0;0.619;233.0;1.0;0.0;0.0;0.375;0.0;0.0;27.75;6.0;1.875;1
org.apache.tools.ant.taskdefs.cvslib.CVSEntry;9.0;1.0;0.0;4.0;18.0;14.0;3.0;1.0;4.0;0.6563;88.0;1.0;0.0;0.0;0.5185;0.0;0.0;8.3333;1.0;1.0;0
org.apache.tools.ant.types.FileSet;3.0;4.0;3.0;30.0;9.0;3.0;28.0;2.0;2.0;2.0;23.0;0.0;0.0;0.9888;0.6667;3.0;4.0;6.6667;2.0;1.3333333333333333;0
org.apache.tools.ant.taskdefs.rmic.KaffeRmic;3.0;2.0;0.0;6.0;19.0;3.0;1.0;5.0;2.0;1.0;93.0;0.0;0.0;0.8889;0.5;0.0;0.0;29.6667;1.0;1.0;0
org.apache.tools.ant.taskdefs.email.Mailer;18.0;1.0;1.0;8.0;20.0;129.0;3.0;5.0;17.0;0.9529;134.0;1.0;3.0;0.0;0.2292;0.0;0.0;5.6111;1.0;1.0;0
org.apache.tools.ant.types.DTDLocation;1.0;2.0;0.0;1.0;2.0;0.0;0.0;1.0;1.0;2.0;4.0;0.0;0.0;1.0;1.0;0.0;0.0;3.0;1.0;1.0;0
org.apache.tools.ant.taskdefs.Copy;31.0;3.0;2.0;17.0;98.0;307.0;2.0;15.0;24.0;0.8841;1137.0;1.0;2.0;0.5522;0.2097;2.0;2.0;35.0;18.0;1.903225806451613;4
org.apache.tools.tar.TarConstants;0.0;1.0;0.0;1.0;0.0;0.0;1.0;0.0;0.0;2.0;24.0;0.0;0.0;0.0;0.0;0.0;0.0;0.0;0.0;0.0;1
org.apache.tools.tar.TarUtils;8.0;1.0;0.0;1.0;14.0;28.0;1.0;0.0;8.0;2.0;271.0;0.0;0.0;0.0;0.45;0.0;0.0;32.875;7.0;3.0;0
org.apache.tools.ant.types.selectors.MajoritySelector;4.0;5.0;0.0;6.0;15.0;0.0;5.0;2.0;4.0;0.3333;83.0;1.0;0.0;0.9538;0.4375;1.0;1.0;19.5;5.0;2.25;0
org.apache.tools.ant.taskdefs.rmic.WLRmic;5.0;2.0;0.0;9.0;23.0;10.0;1.0;8.0;4.0;1.0;130.0;0.0;0.0;0.8;0.5;0.0;0.0;24.8;1.0;1.0;0
org.apache.tools.ant.util.LineTokenizer;4.0;2.0;0.0;6.0;10.0;0.0;4.0;2.0;4.0;0.3333;125.0;1.0;0.0;0.75;0.5;0.0;0.0;29.5;2.0;1.25;0
org.apache.tools.ant.taskdefs.cvslib.CvsUser;6.0;1.0;0.0;2.0;11.0;3.0;1.0;1.0;3.0;0.6;54.0;1.0;0.0;0.0;0.6667;0.0;0.0;7.6667;1.0;1.0;0
org.apache.tools.ant.taskdefs.ExecuteWatchdog;9.0;1.0;0.0;8.0;23.0;0.0;5.0;3.0;8.0;0.5;148.0;1.0;1.0;0.0;0.2889;0.0;0.0;14.8889;4.0;1.5555555555555556;0
org.apache.tools.ant.taskdefs.Exec;10.0;3.0;0.0;5.0;44.0;21.0;1.0;5.0;7.0;0.7407;367.0;1.0;0.0;0.8043;0.45;0.0;0.0;35.1;2.0;1.2;0
org.apache.tools.ant.util.TaskLogger;6.0;1.0;0.0;1.0;8.0;0.0;0.0;1.0;6.0;0.0;43.0;1.0;1.0;0.0;0.6667;0.0;0.0;6.0;1.0;1.0;0
org.apache.tools.ant.AntTypeDefinition;20.0;1.0;2.0;11.0;46.0;112.0;7.0;4.0;16.0;0.6842;543.0;0.8571;0.0;0.0;0.3167;0.0;0.0;25.8;11.0;3.05;0
org.apache.tools.ant.taskdefs.Zip;38.0;4.0;1.0;26.0;170.0;453.0;1.0;25.0;22.0;0.8696;2235.0;1.0;2.0;0.6842;0.1441;0.0;0.0;57.2105;5.0;1.3157894736842106;6
org.apache.tools.ant.taskdefs.MacroInstance;8.0;3.0;0.0;14.0;78.0;6.0;1.0;13.0;5.0;0.8254;585.0;1.0;1.0;0.8409;0.35;0.0;0.0;71.0;10.0;4.0;2
org.apache.tools.ant.util.PackageNameMapper;2.0;2.0;0.0;1.0;6.0;1.0;0.0;1.0;1.0;2.0;20.0;0.0;0.0;0.875;0.75;1.0;1.0;9.0;1.0;1.0;0
org.apache.tools.ant.taskdefs.Manifest;17.0;1.0;0.0;8.0;74.0;14.0;3.0;5.0;16.0;0.8661;599.0;0.2857;1.0;0.0;0.1634;1.0;1.0;33.4118;8.0;1.6470588235294117;1
org.apache.tools.ant.PathTokenizer;3.0;1.0;0.0;3.0;17.0;0.0;2.0;1.0;3.0;0.25;204.0;1.0;0.0;0.0;0.6667;0.0;0.0;65.6667;3.0;2.0;0
org.apache.tools.ant.taskdefs.Expand;10.0;3.0;1.0;12.0;61.0;19.0;1.0;11.0;8.0;0.8095;543.0;1.0;0.0;0.8043;0.2667;2.0;2.0;52.6;5.0;1.5;2
org.apache.tools.ant.filters.util.ChainReaderHelper;10.0;1.0;0.0;14.0;39.0;19.0;4.0;11.0;8.0;0.8889;343.0;0.25;1.0;0.0;0.2286;0.0;0.0;32.5;3.0;1.2;0
org.apache.tools.ant.taskdefs.DefBase;12.0;4.0;1.0;9.0;27.0;0.0;1.0;8.0;11.0;0.5455;90.0;1.0;1.0;0.7885;0.3333;0.0;0.0;6.3333;3.0;1.1666666666666667;0
org.apache.tools.ant.util.ResourceUtils;2.0;1.0;0.0;7.0;22.0;1.0;2.0;5.0;2.0;2.0;222.0;0.0;0.0;0.0;0.5;0.0;0.0;110.0;13.0;7.0;2
org.apache.tools.ant.filters.ExpandProperties;4.0;4.0;0.0;4.0;13.0;0.0;1.0;3.0;4.0;0.0;87.0;1.0;0.0;0.9286;0.75;2.0;4.0;20.5;1.0;1.0;0
org.apache.tools.ant.TaskAdapter;7.0;3.0;0.0;5.0;26.0;15.0;2.0;4.0;6.0;0.8333;237.0;0.5;0.0;0.8605;0.2857;1.0;1.0;32.5714;1.0;1.0;0
org.apache.tools.zip.ZipFile;15.0;1.0;0.0;8.0;71.0;55.0;4.0;5.0;9.0;0.7937;616.0;1.0;0.0;0.0;0.219;0.0;0.0;39.4667;3.0;1.1333333333333333;2
org.apache.tools.ant.taskdefs.PreSetDef;4.0;4.0;0.0;10.0;19.0;2.0;0.0;10.0;4.0;0.6667;102.0;1.0;1.0;0.9318;0.5;0.0;0.0;24.0;4.0;2.25;0
org.apache.tools.ant.taskdefs.rmic.DefaultRmicAdapter;15.0;1.0;3.0;12.0;55.0;71.0;4.0;9.0;5.0;0.7857;371.0;1.0;2.0;0.0;0.2286;0.0;0.0;23.5333;14.0;2.2;0
org.apache.tools.ant.taskdefs.MatchingTask;42.0;3.0;11.0;37.0;97.0;0.0;11.0;26.0;40.0;0.0;328.0;1.0;1.0;0.4744;0.0734;2.0;2.0;6.7857;6.0;1.1904761904761905;0
org.apache.tools.ant.taskdefs.Get;10.0;3.0;0.0;7.0;57.0;19.0;0.0;7.0;9.0;0.8333;518.0;0.875;0.0;0.8043;0.34;2.0;2.0;50.0;2.0;1.1;2
org.apache.tools.ant.taskdefs.Sleep;10.0;3.0;0.0;2.0;20.0;21.0;0.0;2.0;9.0;0.6;132.0;1.0;0.0;0.8043;0.4;1.0;1.0;11.7;1.0;1.0;0
org.apache.tools.ant.input.InputHandler;1.0;1.0;0.0;8.0;1.0;0.0;6.0;2.0;1.0;2.0;1.0;0.0;0.0;0.0;1.0;0.0;0.0;0.0;1.0;1.0;0
org.apache.tools.ant.AntClassLoader;49.0;2.0;1.0;24.0;129.0;926.0;18.0;8.0;31.0;0.8833;1509.0;0.7;1.0;0.6091;0.1635;1.0;5.0;29.3878;12.0;2.204081632653061;10
org.apache.tools.ant.types.Path;30.0;3.0;0.0;49.0;104.0;301.0;40.0;11.0;24.0;0.6034;1238.0;0.5;1.0;0.5263;0.1218;2.0;6.0;40.2;15.0;2.7333333333333334;0
org.apache.tools.ant.PropertyHelper;20.0;1.0;0.0;3.0;50.0;74.0;2.0;2.0;18.0;0.6;721.0;1.0;2.0;0.0;0.2813;0.0;0.0;34.8;7.0;2.45;1
org.apache.tools.ant.types.AbstractFileSet;50.0;3.0;2.0;33.0;123.0;919.0;4.0;29.0;47.0;0.7843;918.0;1.0;1.0;0.3846;0.0644;2.0;5.0;17.22;6.0;1.92;2
org.apache.tools.ant.types.CommandlineJava;35.0;1.0;0.0;11.0;79.0;333.0;2.0;10.0;31.0;0.7516;487.0;1.0;6.0;0.0;0.1679;0.0;0.0;12.6571;7.0;1.7428571428571429;3
org.apache.tools.ant.taskdefs.Tstamp;6.0;3.0;0.0;5.0;26.0;3.0;1.0;5.0;4.0;0.4;134.0;1.0;0.0;0.881;0.5;0.0;0.0;21.0;2.0;1.1666666666666667;0
org.apache.tools.ant.taskdefs.CVSPass;6.0;3.0;0.0;3.0;30.0;0.0;0.0;3.0;5.0;0.6;1270.0;1.0;0.0;0.881;0.5556;1.0;1.0;210.0;2.0;1.1666666666666667;0
org.apache.tools.ant.types.Resource;14.0;1.0;0.0;8.0;19.0;45.0;8.0;0.0;14.0;0.5769;138.0;1.0;0.0;0.0;0.3714;0.0;0.0;8.5714;3.0;1.2142857142857142;0
org.apache.tools.ant.taskdefs.BZip2;2.0;4.0;0.0;4.0;15.0;1.0;0.0;4.0;1.0;2.0;67.0;0.0;0.0;0.9804;1.0;1.0;2.0;32.5;4.0;2.5;0
org.apache.tools.ant.taskdefs.Parallel;19.0;3.0;0.0;8.0;53.0;119.0;2.0;8.0;9.0;0.869;522.0;0.9286;2.0;0.6727;0.1696;0.0;0.0;25.7368;7.0;1.5263157894736843;1
org.apache.tools.ant.filters.TabsToSpaces;7.0;5.0;0.0;4.0;18.0;0.0;1.0;3.0;5.0;0.7083;126.0;1.0;0.0;0.8485;0.4762;2.0;5.0;16.4286;5.0;1.5714285714285714;0
org.apache.tools.ant.types.selectors.modifiedselector.Algorithm;2.0;1.0;0.0;3.0;2.0;1.0;3.0;0.0;2.0;2.0;2.0;0.0;0.0;0.0;0.75;0.0;0.0;0.0;1.0;1.0;0
org.apache.tools.ant.taskdefs.Available;20.0;3.0;0.0;12.0;69.0;130.0;1.0;11.0;16.0;0.8469;818.0;1.0;4.0;0.6607;0.25;2.0;2.0;39.35;25.0;3.1;3
org.apache.tools.ant.types.Reference;5.0;1.0;1.0;34.0;11.0;4.0;32.0;2.0;5.0;0.25;54.0;1.0;0.0;0.0;0.5333;0.0;0.0;9.6;1.0;1.0;0
org.apache.tools.ant.types.selectors.modifiedselector.EqualComparator;3.0;1.0;0.0;1.0;5.0;3.0;1.0;0.0;3.0;2.0;24.0;0.0;0.0;0.0;0.6667;0.0;0.0;7.0;4.0;2.0;0
org.apache.tools.ant.taskdefs.SQLExec;20.0;4.0;0.0;9.0;98.0;116.0;1.0;9.0;16.0;0.8684;894.0;1.0;0.0;0.7625;0.19;3.0;3.0;42.8;1.0;1.0;2
org.apache.tools.ant.types.resolver.ApacheCatalogResolver;7.0;2.0;0.0;7.0;32.0;9.0;1.0;7.0;5.0;0.75;128.0;0.5;1.0;0.5455;0.5;0.0;0.0;17.0;2.0;1.2857142857142858;0
org.apache.tools.ant.taskdefs.Delete;41.0;4.0;0.0;25.0;98.0;0.0;0.0;25.0;38.0;0.8556;890.0;1.0;0.0;0.661;0.0806;3.0;4.0;20.4878;16.0;1.6585365853658536;3
org.apache.tools.ant.taskdefs.email.UUMailer;2.0;3.0;0.0;3.0;15.0;1.0;0.0;3.0;0.0;2.0;59.0;0.0;0.0;0.9524;0.6667;1.0;1.0;28.5;1.0;1.0;0
org.apache.tools.ant.BuildException;15.0;4.0;0.0;242.0;29.0;0.0;241.0;1.0;15.0;0.3929;157.0;1.0;1.0;0.68;0.3222;1.0;3.0;9.3333;2.0;1.1333333333333333;0
org.apache.tools.ant.Project;100.0;1.0;0.0;202.0;251.0;4576.0;193.0;23.0;87.0;0.9795;2015.0;0.5882;4.0;0.0;0.0909;0.0;0.0;18.81;7.0;1.41;5
org.apache.tools.ant.taskdefs.compilers.JavacExternal;2.0;2.0;0.0;5.0;14.0;1.0;1.0;4.0;2.0;2.0;45.0;0.0;0.0;0.9583;1.0;0.0;0.0;21.5;1.0;1.0;2
org.apache.tools.ant.taskdefs.ExecTask;36.0;3.0;1.0;17.0;106.0;272.0;3.0;14.0;26.0;0.8629;712.0;1.0;3.0;0.5139;0.175;0.0;0.0;18.3611;12.0;1.4166666666666667;0
org.apache.tools.ant.types.selectors.AndSelector;3.0;5.0;0.0;6.0;14.0;3.0;5.0;2.0;3.0;2.0;52.0;0.0;0.0;0.9688;0.5556;1.0;1.0;16.3333;3.0;2.0;0
org.apache.tools.ant.taskdefs.Filter;6.0;3.0;0.0;5.0;18.0;5.0;0.0;5.0;5.0;0.7333;95.0;1.0;0.0;0.881;0.5;0.0;0.0;14.3333;1.0;1.0;0
org.apache.tools.ant.types.selectors.modifiedselector.ModifiedSelector;18.0;5.0;0.0;18.0;75.0;43.0;5.0;13.0;17.0;0.7273;661.0;1.0;5.0;0.6909;0.1778;2.0;4.0;35.1111;17.0;3.0555555555555554;3
org.apache.tools.ant.util.TeeOutputStream;6.0;2.0;0.0;1.0;12.0;0.0;1.0;0.0;6.0;0.0;62.0;1.0;0.0;0.5;0.4583;1.0;1.0;9.0;1.0;1.0;0
org.apache.tools.ant.taskdefs.condition.IsFalse;3.0;2.0;0.0;4.0;6.0;0.0;1.0;3.0;3.0;0.0;34.0;1.0;0.0;0.8182;0.6667;0.0;0.0;10.0;2.0;1.3333333333333333;0
org.apache.tools.ant.types.selectors.ContainsSelector;8.0;5.0;0.0;10.0;30.0;0.0;5.0;5.0;8.0;0.8163;299.0;0.4286;0.0;0.8444;0.35;1.0;4.0;35.5;11.0;3.25;0
org.apache.tools.ant.Location;8.0;1.0;0.0;80.0;19.0;18.0;79.0;1.0;6.0;0.4286;99.0;0.75;1.0;0.0;0.3929;0.0;0.0;10.875;3.0;1.5;0
org.apache.tools.ant.taskdefs.condition.Condition;1.0;1.0;0.0;20.0;1.0;0.0;19.0;1.0;1.0;2.0;1.0;0.0;0.0;0.0;1.0;0.0;0.0;0.0;1.0;1.0;0
org.apache.tools.ant.taskdefs.Basename;5.0;3.0;0.0;4.0;15.0;4.0;0.0;4.0;5.0;0.75;90.0;1.0;0.0;0.9024;0.5333;0.0;0.0;16.4;1.0;1.0;0
org.apache.tools.ant.taskdefs.KeySubst;8.0;3.0;0.0;2.0;40.0;10.0;0.0;2.0;8.0;0.7143;306.0;1.0;0.0;0.8409;0.325;1.0;1.0;36.75;4.0;1.375;0
org.apache.tools.ant.util.regexp.Regexp;1.0;1.0;0.0;8.0;1.0;0.0;6.0;2.0;1.0;2.0;3.0;0.0;0.0;0.0;1.0;0.0;0.0;0.0;1.0;1.0;0
org.apache.tools.ant.taskdefs.WaitFor;7.0;3.0;0.0;5.0;18.0;1.0;0.0;5.0;7.0;0.7;139.0;1.0;0.0;0.8421;0.4286;0.0;0.0;18.1429;1.0;1.0;0
org.apache.tools.ant.taskdefs.LoadProperties;5.0;3.0;0.0;7.0;41.0;0.0;0.0;7.0;5.0;0.5;229.0;1.0;0.0;0.9024;0.4;2.0;2.0;44.2;1.0;1.0;0
org.apache.tools.mail.MailPrintStream;5.0;4.0;0.0;1.0;9.0;10.0;1.0;0.0;3.0;0.75;81.0;1.0;0.0;0.9273;0.44;1.0;1.0;15.0;5.0;2.2;0
org.apache.tools.ant.taskdefs.Ant;24.0;3.0;0.0;16.0;119.0;72.0;2.0;14.0;17.0;0.8514;1066.0;0.9167;1.0;0.6167;0.1852;3.0;5.0;42.9167;6.0;1.75;2
org.apache.tools.ant.taskdefs.cvslib.ChangeLogTask;15.0;3.0;0.0;14.0;79.0;69.0;0.0;14.0;10.0;0.8265;500.0;1.0;0.0;0.7255;0.2333;1.0;1.0;31.8667;6.0;1.4666666666666666;2
org.apache.tools.ant.input.InputRequest;5.0;1.0;1.0;5.0;7.0;6.0;5.0;0.0;5.0;0.75;32.0;1.0;0.0;0.0;0.7;0.0;0.0;5.0;2.0;1.2;0
org.apache.tools.ant.taskdefs.Touch;8.0;3.0;0.0;8.0;39.0;0.0;0.0;8.0;6.0;0.6286;330.0;1.0;1.0;0.8409;0.325;0.0;0.0;39.625;1.0;1.0;1
org.apache.tools.ant.taskdefs.WhichResource;8.0;3.0;0.0;5.0;28.0;8.0;0.0;5.0;7.0;0.7143;221.0;1.0;1.0;0.8409;0.5;2.0;2.0;26.125;6.0;1.875;0
org.apache.tools.ant.filters.ChainableReader;1.0;1.0;0.0;19.0;1.0;0.0;19.0;0.0;1.0;2.0;1.0;0.0;0.0;0.0;1.0;0.0;0.0;0.0;1.0;1.0;0
org.apache.tools.ant.taskdefs.ManifestTask;7.0;3.0;0.0;8.0;36.0;1.0;0.0;8.0;7.0;0.7083;250.0;1.0;2.0;0.8605;0.2857;2.0;2.0;34.1429;1.0;1.0;1
org.apache.tools.ant.taskdefs.AbstractCvsTask;41.0;3.0;2.0;16.0;107.0;700.0;2.0;14.0;32.0;0.925;982.0;0.9565;2.0;0.4805;0.1951;0.0;0.0;22.3902;10.0;1.6585365853658536;0
org.apache.tools.ant.types.XMLCatalog;30.0;3.0;0.0;14.0;109.0;395.0;4.0;12.0;13.0;0.8697;928.0;0.5556;4.0;0.5172;0.2112;1.0;1.0;29.6333;8.0;2.033333333333333;0
org.apache.tools.ant.taskdefs.UpToDate;11.0;3.0;0.0;12.0;39.0;19.0;1.0;11.0;9.0;0.75;332.0;1.0;1.0;0.7872;0.3273;1.0;1.0;28.6364;21.0;3.090909090909091;0
org.apache.tools.ant.taskdefs.JDBCTask;26.0;3.0;1.0;8.0;57.0;225.0;1.0;7.0;20.0;0.8727;537.0;1.0;2.0;0.6066;0.24;0.0;0.0;19.2308;7.0;1.2692307692307692;1
org.apache.tools.ant.filters.util.JavaClassHelper;3.0;1.0;0.0;4.0;19.0;1.0;0.0;4.0;2.0;0.5;89.0;1.0;0.0;0.0;0.5;0.0;0.0;28.3333;1.0;1.0;0
org.apache.tools.tar.TarInputStream;16.0;3.0;0.0;3.0;41.0;84.0;1.0;2.0;16.0;0.6741;559.0;1.0;2.0;0.5806;0.25;2.0;9.0;33.375;1.0;1.0;3
org.apache.tools.ant.taskdefs.XmlProperty;28.0;3.0;0.0;5.0;81.0;272.0;0.0;5.0;12.0;0.9281;777.0;1.0;1.0;0.5873;0.2901;1.0;1.0;26.1429;27.0;2.607142857142857;2
org.apache.tools.ant.taskdefs.AntlibDefinition;5.0;3.0;3.0;6.0;12.0;2.0;4.0;2.0;5.0;0.625;49.0;1.0;0.0;0.9024;0.4667;0.0;0.0;8.4;1.0;1.0;0
org.apache.tools.ant.types.FilterSet;20.0;3.0;0.0;10.0;71.0;124.0;7.0;5.0;15.0;0.7829;697.0;0.625;0.0;0.625;0.3;2.0;3.0;33.45;6.0;2.1;3
org.apache.tools.ant.MagicNames;1.0;1.0;0.0;0.0;2.0;0.0;0.0;0.0;1.0;2.0;6.0;0.0;0.0;0.0;1.0;0.0;0.0;3.0;1.0;1.0;0
org.apache.tools.ant.util.UnPackageNameMapper;2.0;2.0;0.0;1.0;6.0;1.0;0.0;1.0;1.0;2.0;20.0;0.0;0.0;0.875;0.75;1.0;1.0;9.0;1.0;1.0;0
org.apache.tools.ant.util.Tokenizer;2.0;1.0;0.0;5.0;2.0;1.0;5.0;0.0;2.0;2.0;2.0;0.0;0.0;0.0;0.75;0.0;0.0;0.0;1.0;1.0;0
org.apache.tools.ant.types.DataType;15.0;2.0;15.0;19.0;29.0;59.0;15.0;4.0;5.0;0.7143;169.0;1.0;1.0;0.3913;0.2095;0.0;0.0;10.0667;3.0;1.3333333333333333;0
org.apache.tools.ant.taskdefs.BuildNumber;6.0;3.0;0.0;4.0;35.0;0.0;0.0;4.0;3.0;0.8667;298.0;1.0;0.0;0.881;0.4444;1.0;1.0;48.1667;1.0;1.0;0
org.apache.tools.ant.types.selectors.SelectorScanner;3.0;1.0;0.0;3.0;3.0;3.0;2.0;1.0;3.0;2.0;3.0;0.0;0.0;0.0;0.6667;0.0;0.0;0.0;1.0;1.0;0
org.apache.tools.ant.taskdefs.CallTarget;14.0;3.0;0.0;9.0;44.0;0.0;0.0;9.0;14.0;0.7308;199.0;1.0;1.0;0.74;0.2551;2.0;4.0;12.9286;2.0;1.5;0
org.apache.tools.ant.helper.ProjectHelperImpl;14.0;2.0;0.0;18.0;65.0;65.0;9.0;13.0;2.0;0.8791;322.0;1.0;3.0;0.5862;0.2308;1.0;1.0;21.5;2.0;1.0714285714285714;1
org.apache.tools.ant.ProjectHelper;18.0;1.0;2.0;23.0;69.0;151.0;16.0;9.0;17.0;1.0392;413.0;0.1667;0.0;0.0;0.1528;0.0;0.0;21.6111;4.0;1.5555555555555556;1
org.apache.tools.ant.taskdefs.Concat;28.0;3.0;0.0;15.0;94.0;220.0;2.0;15.0;18.0;0.8773;768.0;1.0;3.0;0.5873;0.119;1.0;1.0;25.8571;22.0;2.7857142857142856;0
org.apache.tools.ant.util.LoaderUtils;8.0;1.0;0.0;6.0;21.0;28.0;3.0;3.0;6.0;1.0;70.0;0.0;0.0;0.0;0.175;0.0;0.0;7.625;3.0;1.375;0
org.apache.tools.ant.taskdefs.Dirname;4.0;3.0;0.0;4.0;10.0;2.0;0.0;4.0;4.0;0.6667;48.0;1.0;0.0;0.925;0.5;0.0;0.0;10.5;1.0;1.0;0
org.apache.tools.ant.taskdefs.Patch;11.0;3.0;0.0;10.0;38.0;0.0;0.0;10.0;11.0;0.7;250.0;1.0;1.0;0.7872;0.4545;1.0;1.0;21.3636;2.0;1.5454545454545454;0
org.apache.tools.ant.taskdefs.compilers.Jvc;2.0;2.0;0.0;8.0;24.0;1.0;1.0;7.0;2.0;2.0;147.0;0.0;0.0;0.9583;1.0;0.0;0.0;72.5;1.0;1.0;0
org.apache.tools.ant.taskdefs.Redirector;21.0;1.0;0.0;12.0;52.0;90.0;2.0;10.0;15.0;0.8375;521.0;1.0;1.0;0.0;0.2262;0.0;0.0;23.0476;14.0;1.8095238095238095;3
org.apache.tools.ant.taskdefs.Rmic;48.0;4.0;0.0;24.0;111.0;964.0;7.0;19.0;44.0;0.9463;819.0;0.9524;4.0;0.624;0.1542;3.0;3.0;15.625;7.0;1.3958333333333333;0
org.apache.tools.ant.loader.AntClassLoader2;7.0;3.0;0.0;5.0;54.0;19.0;0.0;5.0;1.0;0.9167;404.0;0.5;1.0;0.9516;0.4857;3.0;13.0;56.4286;12.0;2.5714285714285716;1
org.apache.tools.ant.taskdefs.PumpStreamHandler;15.0;1.0;2.0;8.0;23.0;67.0;6.0;2.0;9.0;0.7143;170.0;1.0;0.0;0.0;0.5167;0.0;0.0;9.9333;2.0;1.2666666666666666;1
org.apache.tools.ant.util.WeakishReference;5.0;1.0;1.0;3.0;13.0;8.0;1.0;2.0;3.0;0.875;91.0;0.5;0.0;0.0;0.2667;0.0;0.0;16.4;4.0;1.8;1
org.apache.tools.ant.taskdefs.Copyfile;6.0;3.0;0.0;4.0;24.0;1.0;0.0;4.0;6.0;0.7;137.0;1.0;0.0;0.881;0.4167;3.0;3.0;21.1667;1.0;1.0;0
org.apache.tools.ant.filters.StripLineBreaks;7.0;5.0;0.0;4.0;17.0;0.0;1.0;3.0;5.0;0.7778;107.0;1.0;0.0;0.8485;0.4762;2.0;5.0;13.8571;5.0;1.5714285714285714;0
org.apache.tools.ant.helper.AntXMLContext;26.0;1.0;0.0;10.0;47.0;241.0;7.0;3.0;26.0;0.9164;279.0;1.0;3.0;0.0;0.1538;0.0;0.0;9.3077;3.0;1.3461538461538463;1
org.apache.tools.zip.ZipShort;7.0;1.0;0.0;7.0;8.0;0.0;7.0;0.0;7.0;0.0;89.0;1.0;0.0;0.0;0.4286;1.0;1.0;11.5714;4.0;1.4285714285714286;0
org.apache.tools.ant.taskdefs.Copydir;8.0;4.0;0.0;5.0;39.0;4.0;0.0;5.0;7.0;0.7143;277.0;1.0;0.0;0.9176;0.4688;4.0;4.0;32.875;5.0;1.5;0
org.apache.tools.ant.taskdefs.SignJar;19.0;3.0;0.0;8.0;61.0;135.0;0.0;8.0;16.0;0.8889;500.0;1.0;0.0;0.6727;0.3789;1.0;1.0;24.5789;13.0;2.0;0
org.apache.tools.ant.taskdefs.cvslib.CvsTagDiff;12.0;4.0;0.0;4.0;61.0;16.0;0.0;4.0;8.0;0.9021;718.0;0.5385;1.0;0.8778;0.3056;1.0;2.0;57.75;3.0;1.1666666666666667;0
org.apache.tools.ant.types.FileList;8.0;3.0;0.0;10.0;33.0;0.0;6.0;4.0;6.0;0.4286;181.0;1.0;0.0;0.8333;0.3125;1.0;1.0;21.375;5.0;2.25;0
org.apache.tools.ant.taskdefs.condition.Http;4.0;2.0;0.0;4.0;15.0;0.0;1.0;3.0;4.0;0.3333;109.0;1.0;0.0;0.75;0.5;0.0;0.0;25.75;1.0;1.0;0
org.apache.tools.ant.types.AntFilterReader;10.0;3.0;0.0;8.0;31.0;15.0;2.0;6.0;10.0;0.6667;166.0;1.0;1.0;0.7692;0.3;1.0;1.0;15.3;3.0;1.5;0
org.apache.tools.ant.util.FileUtils;37.0;1.0;0.0;51.0;147.0;654.0;46.0;8.0;33.0;0.9414;2044.0;0.7778;0.0;0.0;0.2833;0.0;0.0;54.0;29.0;2.918918918918919;8
org.apache.tools.ant.taskdefs.MacroDef;17.0;4.0;0.0;13.0;62.0;78.0;4.0;12.0;12.0;0.8125;416.0;0.8;1.0;0.7193;0.2059;1.0;1.0;23.1765;16.0;2.8823529411764706;0
org.apache.tools.ant.DirectoryScanner;53.0;1.0;1.0;37.0;119.0;1112.0;28.0;9.0;28.0;0.8427;1738.0;1.0;2.0;0.0;0.2445;0.0;0.0;31.3774;23.0;2.849056603773585;2
org.apache.tools.ant.filters.StripJavaComments;4.0;4.0;0.0;3.0;7.0;0.0;1.0;2.0;4.0;0.0;161.0;1.0;0.0;0.9286;0.75;2.0;4.0;38.5;1.0;1.0;0
org.apache.tools.ant.types.selectors.NotSelector;3.0;6.0;0.0;6.0;11.0;3.0;5.0;1.0;3.0;2.0;37.0;0.0;0.0;0.9697;1.0;2.0;3.0;11.3333;2.0;1.6666666666666667;0
org.apache.tools.ant.types.Substitution;4.0;3.0;0.0;6.0;17.0;0.0;2.0;4.0;4.0;0.8333;70.0;0.5;0.0;0.9091;0.5833;0.0;0.0;16.0;3.0;1.75;0
org.apache.tools.ant.taskdefs.ImportTask;6.0;3.0;0.0;7.0;32.0;9.0;0.0;7.0;4.0;0.8;194.0;1.0;1.0;0.9024;0.35;2.0;2.0;30.8333;10.0;2.5;1
org.apache.tools.ant.taskdefs.condition.And;2.0;3.0;0.0;3.0;7.0;1.0;1.0;3.0;2.0;2.0;23.0;0.0;0.0;0.9697;1.0;0.0;0.0;10.5;1.0;1.0;0
org.apache.tools.ant.taskdefs.condition.Socket;4.0;2.0;0.0;4.0;13.0;0.0;1.0;3.0;4.0;0.3333;89.0;1.0;0.0;0.75;0.5;0.0;0.0;20.75;1.0;1.0;0
org.apache.tools.ant.taskdefs.Echo;7.0;3.0;0.0;5.0;23.0;0.0;0.0;5.0;7.0;0.625;145.0;1.0;0.0;0.8605;0.3429;1.0;1.0;19.1429;5.0;1.5714285714285714;0
org.apache.tools.ant.taskdefs.Transform;1.0;5.0;0.0;1.0;2.0;0.0;0.0;1.0;1.0;2.0;4.0;0.0;0.0;1.0;1.0;0.0;0.0;3.0;1.0;1.0;0
org.apache.tools.ant.types.selectors.modifiedselector.DigestAlgorithm;7.0;1.0;0.0;3.0;25.0;0.0;1.0;2.0;7.0;0.5417;210.0;1.0;0.0;0.0;0.4762;0.0;0.0;28.4286;5.0;2.142857142857143;1
org.apache.tools.ant.IntrospectionHelper;33.0;1.0;0.0;29.0;100.0;420.0;19.0;25.0;22.0;0.9028;1584.0;0.3333;0.0;0.0;0.2813;0.0;0.0;46.1818;50.0;4.0;3
org.apache.tools.ant.taskdefs.RecorderEntry;16.0;1.0;0.0;6.0;36.0;58.0;1.0;5.0;13.0;0.6333;366.0;1.0;0.0;0.0;0.2422;0.0;0.0;21.5;5.0;1.8125;2
org.apache.tools.ant.taskdefs.LoadFile;7.0;3.0;0.0;6.0;38.0;0.0;0.0;6.0;7.0;0.6667;262.0;1.0;0.0;0.8605;0.3429;2.0;2.0;35.7143;1.0;1.0;0
