org.apache.tools.ant.taskdefs.cvslib.ChangeLogWriter;4.0;1.0;0.0;3.0;23.0;4.0;1.0;2.0;1.0;0.3333;174.0;1.0;0.0;0.0;0.5833;0.0;0.0;42.0;3.0;1.75;1
org.apache.tools.ant.taskdefs.XSLTLoggerAware;1.0;1.0;0.0;3.0;1.0;0.0;2.0;1.0;1.0;2.0;1.0;0.0;0.0;0.0;1.0;0.0;0.0;0.0;1.0;1.0;0
org.apache.tools.ant.taskdefs.GUnzip;3.0;4.0;0.0;4.0;20.0;3.0;0.0;4.0;1.0;1.5;124.0;1.0;0.0;0.9608;1.0;2.0;3.0;40.0;8.0;3.3333333333333335;0
org.apache.tools.ant.taskdefs.Move;5.0;4.0;0.0;11.0;46.0;10.0;0.0;11.0;1.0;2.0;587.0;0.0;0.0;0.954;0.6;4.0;6.0;116.4;18.0;6.0;1
org.apache.tools.ant.taskdefs.condition.Equals;6.0;1.0;0.0;3.0;11.0;1.0;1.0;2.0;6.0;0.7;74.0;1.0;0.0;0.0;0.5556;0.0;0.0;10.6667;1.0;1.0;2
org.apache.tools.ant.util.regexp.RegexpMatcherFactory;4.0;1.0;1.0;5.0;11.0;6.0;2.0;3.0;3.0;2.0;62.0;0.0;0.0;0.0;0.5;0.0;0.0;14.5;1.0;1.0;0
org.apache.tools.zip.UnixStat;0.0;1.0;0.0;1.0;0.0;0.0;1.0;0.0;0.0;2.0;7.0;0.0;0.0;0.0;0.0;0.0;0.0;0.0;0;0;0
org.apache.tools.ant.taskdefs.condition.IsTrue;3.0;2.0;0.0;4.0;7.0;0.0;1.0;3.0;3.0;0.0;29.0;1.0;0.0;0.8182;0.6667;0.0;0.0;8.3333;1.0;1.0;0
org.apache.tools.ant.taskdefs.FixCRLF;18.0;4.0;0.0;12.0;82.0;83.0;1.0;12.0;11.0;0.9602;1235.0;1.0;1.0;0.8211;0.1818;2.0;2.0;65.8889;8.0;2.0;1
org.apache.tools.ant.taskdefs.Recorder;9.0;3.0;0.0;9.0;34.0;10.0;0.0;9.0;7.0;0.7292;214.0;1.0;0.0;0.8409;0.3125;1.0;1.0;22.1111;6.0;1.6666666666666667;2
org.apache.tools.ant.taskdefs.Untar;3.0;4.0;0.0;8.0;21.0;0.0;0.0;8.0;2.0;0.0;102.0;1.0;1.0;0.9623;0.5;2.0;2.0;32.6667;5.0;2.3333333333333335;1
org.apache.tools.ant.taskdefs.TaskOutputStream;3.0;2.0;0.0;1.0;9.0;1.0;0.0;1.0;1.0;0.5;47.0;1.0;1.0;0.7143;0.6667;1.0;1.0;13.6667;1.0;1.0;7
org.apache.tools.mail.MailMessage;29.0;1.0;0.0;5.0;66.0;348.0;2.0;3.0;12.0;0.8107;567.0;0.9;2.0;0.0;0.3172;0.0;0.0;18.2069;11.0;1.4827586206896552;0
org.apache.tools.ant.XmlLogger;15.0;1.0;0.0;12.0;69.0;39.0;0.0;12.0;12.0;0.9325;614.0;1.0;1.0;0.0;0.3429;0.0;0.0;38.7333;10.0;2.8666666666666667;1
org.apache.tools.ant.FileScanner;14.0;1.0;0.0;5.0;14.0;91.0;5.0;0.0;14.0;2.0;14.0;0.0;0.0;0.0;0.2714;0.0;0.0;0.0;1.0;1.0;0
org.apache.tools.ant.taskdefs.compilers.Gcj;3.0;2.0;0.0;7.0;25.0;3.0;1.0;6.0;2.0;2.0;142.0;0.0;0.0;0.92;1.0;1.0;1.0;46.3333;10.0;4.0;1
org.apache.tools.ant.taskdefs.ConditionTask;4.0;3.0;0.0;5.0;16.0;0.0;0.0;5.0;4.0;0.3333;95.0;1.0;0.0;0.9143;0.75;0.0;0.0;22.25;1.0;1.0;0
org.apache.tools.ant.taskdefs.TempFile;6.0;3.0;0.0;5.0;14.0;1.0;0.0;5.0;6.0;0.7;75.0;1.0;0.0;0.881;0.5556;0.0;0.0;10.8333;1.0;1.0;0
org.apache.tools.tar.TarBuffer;21.0;1.0;0.0;2.0;35.0;38.0;2.0;0.0;17.0;0.6318;617.0;0.8182;0.0;0.0;0.2937;0.0;0.0;27.8571;3.0;1.1428571428571428;0
org.apache.tools.ant.taskdefs.Property;30.0;3.0;0.0;12.0;77.0;365.0;2.0;10.0;22.0;0.8966;717.0;1.0;3.0;0.5781;0.2042;0.0;0.0;22.5667;7.0;1.5666666666666667;1
org.apache.tools.ant.types.Parameter;7.0;1.0;0.0;20.0;8.0;3.0;20.0;0.0;7.0;0.6667;43.0;1.0;0.0;0.0;0.7143;0.0;0.0;4.7143;1.0;1.0;0
org.apache.tools.ant.filters.ClassConstants;5.0;4.0;0.0;3.0;20.0;4.0;1.0;2.0;4.0;0.8333;165.0;0.6667;0.0;0.8966;0.4667;2.0;4.0;31.4;1.0;1.0;2
org.apache.tools.zip.ZipLong;7.0;1.0;0.0;2.0;8.0;0.0;2.0;0.0;7.0;0.0;147.0;1.0;0.0;0.0;0.3429;1.0;1.0;19.8571;4.0;1.4285714285714286;0
org.apache.tools.ant.Diagnostics;12.0;1.0;0.0;3.0;47.0;60.0;1.0;3.0;5.0;0.8182;466.0;0.0;0.0;0.0;0.15;0.0;0.0;37.5833;4.0;1.9166666666666667;1
org.apache.tools.mail.SmtpResponseReader;5.0;1.0;0.0;1.0;19.0;0.0;1.0;0.0;3.0;0.5;108.0;1.0;0.0;0.0;0.5333;0.0;0.0;20.2;3.0;1.6;0
org.apache.tools.ant.util.FileNameMapper;3.0;1.0;0.0;19.0;3.0;3.0;19.0;0.0;3.0;2.0;3.0;0.0;0.0;0.0;1.0;0.0;0.0;0.0;1.0;1.0;0
org.apache.tools.ant.taskdefs.LogStreamHandler;2.0;2.0;0.0;9.0;8.0;1.0;5.0;4.0;2.0;2.0;29.0;0.0;0.0;0.9231;0.6667;0.0;0.0;13.5;1.0;1.0;1
org.apache.tools.ant.types.Commandline;28.0;1.0;0.0;31.0;57.0;266.0;29.0;4.0;24.0;0.642;598.0;1.0;0.0;0.0;0.1975;0.0;0.0;20.25;16.0;2.4642857142857144;1
org.apache.tools.zip.ZipExtraField;6.0;1.0;0.0;5.0;6.0;15.0;4.0;1.0;6.0;2.0;6.0;0.0;0.0;0.0;0.4444;0.0;0.0;0.0;1.0;1.0;0
org.apache.tools.ant.taskdefs.XSLTLogger;1.0;1.0;0.0;3.0;1.0;0.0;3.0;0.0;1.0;2.0;1.0;0.0;0.0;0.0;1.0;0.0;0.0;0.0;1.0;1.0;0
org.apache.tools.ant.taskdefs.condition.Contains;5.0;1.0;0.0;3.0;9.0;0.0;1.0;2.0;5.0;0.6667;64.0;1.0;0.0;0.0;0.5333;0.0;0.0;11.2;1.0;1.0;1
org.apache.tools.ant.taskdefs.XSLTProcess;26.0;4.0;0.0;18.0;89.0;219.0;1.0;18.0;18.0;0.8968;880.0;1.0;4.0;0.7573;0.2212;3.0;4.0;32.1154;3.0;1.1923076923076923;1
org.apache.tools.ant.ExitException;2.0;5.0;0.0;1.0;7.0;0.0;1.0;0.0;2.0;0.0;20.0;1.0;0.0;0.9444;0.75;0.0;0.0;8.5;1.0;1.0;1
org.apache.tools.ant.taskdefs.compilers.DefaultCompilerAdapter;19.0;1.0;8.0;23.0;92.0;81.0;8.0;15.0;4.0;0.7126;898.0;1.0;9.0;0.0;0.2302;0.0;0.0;45.0526;30.0;4.368421052631579;1
org.apache.tools.ant.taskdefs.email.EmailTask;23.0;3.0;1.0;14.0;73.0;151.0;1.0;13.0;23.0;0.9217;668.0;0.7778;2.0;0.6271;0.2077;3.0;3.0;27.2609;26.0;2.4347826086956523;1
org.apache.tools.ant.util.Watchdog;7.0;1.0;0.0;3.0;22.0;0.0;3.0;1.0;6.0;0.5556;111.0;1.0;0.0;0.0;0.4762;0.0;0.0;14.4286;4.0;1.7142857142857142;0
org.apache.tools.ant.taskdefs.BUnzip2;3.0;4.0;0.0;5.0;24.0;3.0;0.0;5.0;1.0;1.5;163.0;1.0;0.0;0.9608;1.0;2.0;3.0;53.0;11.0;4.333333333333333;0
org.apache.tools.ant.taskdefs.compilers.Jikes;2.0;2.0;0.0;9.0;26.0;1.0;1.0;8.0;2.0;2.0;243.0;0.0;0.0;0.9583;1.0;1.0;1.0;120.5;1.0;1.0;1
org.apache.tools.ant.filters.HeadFilter;7.0;5.0;0.0;5.0;17.0;0.0;1.0;4.0;5.0;0.5556;108.0;1.0;0.0;0.8485;0.4762;2.0;4.0;14.0;4.0;1.4285714285714286;7
org.apache.tools.ant.taskdefs.ProcessDestroyer;5.0;2.0;0.0;1.0;20.0;0.0;1.0;0.0;4.0;0.75;106.0;0.3333;0.0;0.9394;0.4667;0.0;0.0;19.6;3.0;1.6;1
org.apache.tools.ant.types.selectors.BaseSelector;6.0;3.0;5.0;15.0;8.0;3.0;12.0;3.0;6.0;0.4;39.0;1.0;0.0;0.8571;0.5;0.0;0.0;5.3333;3.0;1.5;0
org.apache.tools.ant.util.FlatFileNameMapper;4.0;1.0;0.0;2.0;7.0;6.0;1.0;1.0;4.0;2.0;20.0;0.0;0.0;0.0;0.875;0.0;0.0;4.0;1.0;1.0;0
org.apache.tools.ant.util.DOMElementWriter;8.0;1.0;0.0;1.0;40.0;18.0;1.0;0.0;7.0;0.6667;464.0;1.0;0.0;0.0;0.3469;0.0;0.0;56.625;11.0;4.125;0
org.apache.tools.ant.types.selectors.PresentSelector;7.0;4.0;0.0;13.0;25.0;0.0;4.0;9.0;7.0;0.4583;199.0;1.0;2.0;0.8537;0.3929;1.0;3.0;26.8571;5.0;2.7142857142857144;0
org.apache.tools.ant.util.regexp.RegexpMatcher;6.0;1.0;0.0;6.0;6.0;15.0;5.0;1.0;6.0;1.2;10.0;0.0;0.0;0.0;0.7222;0.0;0.0;0.0;1.0;1.0;0
org.apache.tools.ant.types.ZipScanner;6.0;2.0;0.0;3.0;11.0;13.0;2.0;1.0;6.0;0.8;68.0;1.0;0.0;0.9275;0.4444;1.0;5.0;10.1667;3.0;1.6666666666666667;0
org.apache.tools.ant.taskdefs.Javac;72.0;4.0;0.0;23.0;116.0;2338.0;7.0;18.0;65.0;0.964;890.0;1.0;6.0;0.5235;0.2063;1.0;1.0;10.9861;8.0;1.5277777777777777;7
org.apache.tools.bzip2.BZip2Constants;1.0;1.0;0.0;2.0;1.0;0.0;2.0;0.0;0.0;2.0;2064.0;0.0;0.0;0.0;0.0;0.0;0.0;2052.0;1.0;1.0;0
org.apache.tools.ant.taskdefs.War;9.0;6.0;0.0;9.0;34.0;28.0;0.0;9.0;6.0;0.8125;166.0;1.0;0.0;0.9529;0.4;4.0;9.0;17.2222;2.0;1.1111111111111112;1
org.apache.tools.ant.NoBannerLogger;4.0;2.0;0.0;4.0;16.0;0.0;0.0;4.0;4.0;0.3333;59.0;1.0;0.0;0.8571;0.875;1.0;1.0;13.5;5.0;2.0;0
org.apache.tools.ant.types.selectors.DependSelector;7.0;4.0;0.0;13.0;25.0;0.0;4.0;9.0;7.0;0.4583;201.0;1.0;2.0;0.8537;0.3929;1.0;3.0;27.1429;4.0;2.4285714285714284;0
org.apache.tools.ant.taskdefs.compilers.CompilerAdapter;2.0;1.0;0.0;4.0;2.0;1.0;3.0;2.0;2.0;2.0;2.0;0.0;0.0;0.0;0.75;0.0;0.0;0.0;1.0;1.0;0
org.apache.tools.ant.filters.PrefixLines;7.0;5.0;0.0;5.0;21.0;0.0;1.0;4.0;5.0;0.5556;142.0;1.0;0.0;0.8485;0.4762;2.0;5.0;18.8571;4.0;1.4285714285714286;5
org.apache.tools.ant.types.selectors.BaseSelectorContainer;23.0;4.0;4.0;19.0;40.0;223.0;6.0;19.0;23.0;0.0455;179.0;1.0;0.0;0.614;0.0938;0.0;0.0;6.7391;4.0;1.3043478260869565;0
org.apache.tools.ant.types.FilterSetCollection;5.0;1.0;0.0;6.0;13.0;0.0;5.0;1.0;5.0;0.0;69.0;1.0;0.0;0.0;0.5333;0.0;0.0;12.6;3.0;1.6;0
org.apache.tools.ant.util.StringUtils;6.0;1.0;0.0;14.0;24.0;15.0;14.0;0.0;5.0;1.0;116.0;0.0;0.0;0.0;0.3;0.0;0.0;18.1667;2.0;1.3333333333333333;0
org.apache.tools.ant.taskdefs.StreamPumper;4.0;1.0;0.0;1.0;10.0;2.0;1.0;0.0;4.0;0.8667;94.0;1.0;0.0;0.0;0.5;0.0;0.0;21.25;5.0;2.0;3
org.apache.tools.ant.taskdefs.ExecuteOn;16.0;4.0;2.0;19.0;56.0;48.0;2.0;17.0;10.0;0.7455;757.0;1.0;4.0;0.8387;0.1938;3.0;7.0;45.625;14.0;2.5625;2
org.apache.tools.ant.types.DirSet;3.0;4.0;0.0;4.0;5.0;3.0;3.0;1.0;2.0;2.0;15.0;0.0;0.0;0.9888;0.6667;3.0;3.0;4.0;1.0;1.0;1
org.apache.tools.ant.taskdefs.Jar;21.0;5.0;2.0;15.0;83.0;142.0;2.0;13.0;8.0;0.78;797.0;1.0;5.0;0.8675;0.1865;3.0;8.0;36.4762;9.0;1.5714285714285714;0
org.apache.tools.ant.types.FlexInteger;3.0;1.0;0.0;0.0;7.0;0.0;0.0;0.0;3.0;0.0;19.0;1.0;0.0;0.0;0.6667;0.0;0.0;5.0;1.0;1.0;0
org.apache.tools.ant.ProjectComponent;5.0;1.0;10.0;94.0;7.0;0.0;94.0;1.0;5.0;0.0;33.0;1.0;1.0;0.0;0.45;0.0;0.0;5.4;2.0;1.2;0
org.apache.tools.ant.input.PropertyFileInputHandler;3.0;1.0;0.0;3.0;19.0;0.0;0.0;3.0;2.0;0.75;102.0;0.5;0.0;0.0;0.6667;0.0;0.0;32.3333;1.0;1.0;1
org.apache.tools.tar.TarOutputStream;15.0;3.0;0.0;3.0;37.0;41.0;1.0;2.0;14.0;0.6964;437.0;0.75;1.0;0.4545;0.3111;1.0;2.0;27.3333;1.0;1.0;0
org.apache.tools.zip.AsiExtraField;20.0;1.0;0.0;4.0;42.0;130.0;0.0;4.0;18.0;0.7368;376.0;1.0;1.0;0.0;0.2842;0.0;0.0;17.45;3.0;1.25;0
org.apache.tools.ant.filters.LineContains;8.0;5.0;0.0;6.0;20.0;0.0;1.0;5.0;5.0;0.619;112.0;1.0;0.0;0.8235;0.375;2.0;5.0;12.625;4.0;1.375;7
org.apache.tools.ant.taskdefs.Tar;11.0;4.0;0.0;17.0;83.0;11.0;0.0;17.0;9.0;0.9167;671.0;0.25;2.0;0.8864;0.25;2.0;2.0;58.9091;2.0;1.0909090909090908;1
org.apache.tools.ant.taskdefs.Replace;22.0;4.0;0.0;9.0;92.0;129.0;2.0;9.0;16.0;0.8498;837.0;1.0;3.0;0.7879;0.3091;2.0;2.0;36.4545;5.0;1.2727272727272727;1
org.apache.tools.ant.filters.BaseParamFilterReader;4.0;4.0;9.0;12.0;7.0;4.0;9.0;3.0;3.0;0.6667;22.0;1.0;1.0;0.9286;0.5;0.0;0.0;4.25;1.0;1.0;0
org.apache.tools.ant.util.regexp.RegexpUtil;3.0;1.0;0.0;0.0;4.0;3.0;0.0;0.0;3.0;2.0;20.0;0.0;0.0;0.0;0.5;0.0;0.0;5.6667;2.0;1.3333333333333333;0
org.apache.tools.ant.types.selectors.SelectorContainer;19.0;1.0;0.0;19.0;19.0;171.0;3.0;16.0;19.0;2.0;19.0;0.0;0.0;0.0;0.1084;0.0;0.0;0.0;1.0;1.0;0
org.apache.tools.mail.ErrorInQuitException;1.0;4.0;0.0;1.0;3.0;0.0;1.0;0.0;1.0;2.0;6.0;0.0;0.0;1.0;1.0;0.0;0.0;5.0;1.0;1.0;0
org.apache.tools.ant.util.regexp.RegexpFactory;4.0;2.0;0.0;6.0;12.0;6.0;1.0;5.0;3.0;2.0;71.0;0.0;0.0;0.7;0.5;0.0;0.0;16.75;1.0;1.0;0
org.apache.tools.ant.util.facade.ImplementationSpecificArgument;3.0;3.0;2.0;6.0;6.0;1.0;5.0;1.0;3.0;0.5;25.0;1.0;0.0;0.8824;0.8333;1.0;1.0;7.0;3.0;1.6666666666666667;0
org.apache.tools.ant.util.TimeoutObserver;1.0;1.0;0.0;3.0;1.0;0.0;3.0;1.0;1.0;2.0;1.0;0.0;0.0;0.0;1.0;0.0;0.0;0.0;1.0;1.0;0
org.apache.tools.ant.taskdefs.cvslib.RedirectingStreamHandler;3.0;2.0;0.0;5.0;12.0;3.0;1.0;4.0;1.0;2.0;40.0;0.0;0.0;0.8571;0.6667;0.0;0.0;12.3333;1.0;1.0;0
org.apache.tools.ant.listener.AnsiColorLogger;3.0;2.0;0.0;1.0;16.0;0.0;0.0;1.0;1.0;1.2424;266.0;1.0;0.0;0.9;0.5;1.0;3.0;76.6667;11.0;5.666666666666667;2
org.apache.tools.ant.RuntimeConfigurable;11.0;1.0;0.0;12.0;32.0;27.0;9.0;4.0;9.0;0.6833;190.0;1.0;0.0;0.0;0.2323;0.0;0.0;15.7273;1.0;1.0;0
org.apache.tools.ant.types.Description;2.0;3.0;0.0;3.0;8.0;1.0;0.0;3.0;2.0;2.0;28.0;0.0;0.0;0.9677;0.75;0.0;0.0;13.0;2.0;1.5;0
org.apache.tools.ant.taskdefs.ExecuteJava;10.0;1.0;0.0;10.0;47.0;11.0;1.0;9.0;10.0;0.75;329.0;1.0;3.0;0.0;0.2125;0.0;0.0;31.1;6.0;1.6;1
org.apache.tools.ant.types.Parameterizable;1.0;1.0;0.0;5.0;1.0;0.0;4.0;1.0;1.0;2.0;1.0;0.0;0.0;0.0;1.0;0.0;0.0;0.0;1.0;1.0;0
org.apache.tools.ant.taskdefs.Input;6.0;3.0;0.0;8.0;19.0;0.0;0.0;8.0;6.0;0.5333;88.0;1.0;0.0;0.881;0.8333;0.0;0.0;13.1667;1.0;1.0;1
org.apache.tools.bzip2.CRC;7.0;1.0;0.0;2.0;8.0;0.0;2.0;0.0;1.0;0.5;1082.0;0.0;0.0;0.0;0.6667;0.0;0.0;153.2857;2.0;1.1428571428571428;0
org.apache.tools.ant.types.FilterChain;16.0;3.0;0.0;22.0;29.0;0.0;4.0;18.0;16.0;0.0;135.0;1.0;0.0;0.6667;0.125;1.0;1.0;7.375;1.0;1.0;0
org.apache.tools.ant.types.selectors.SelectSelector;9.0;6.0;0.0;10.0;24.0;36.0;4.0;7.0;8.0;2.0;104.0;0.0;0.0;0.8889;0.4074;3.0;8.0;10.5556;2.0;1.7777777777777777;0
org.apache.tools.ant.DefaultLogger;16.0;1.0;3.0;13.0;38.0;80.0;6.0;7.0;12.0;0.8762;334.0;0.8571;0.0;0.0;0.2857;0.0;0.0;19.4375;8.0;1.8125;0
org.apache.tools.ant.taskdefs.JikesOutputParser;12.0;1.0;0.0;3.0;22.0;44.0;1.0;2.0;5.0;0.8052;156.0;1.0;1.0;0.0;0.2619;0.0;0.0;11.4167;4.0;1.3333333333333333;1
org.apache.tools.ant.taskdefs.Execute;24.0;1.0;0.0;31.0;85.0;218.0;12.0;20.0;18.0;0.7768;708.0;0.9333;6.0;0.0;0.1383;0.0;0.0;27.875;8.0;2.2083333333333335;1
org.apache.tools.ant.DynamicConfigurator;2.0;1.0;0.0;2.0;2.0;1.0;1.0;1.0;2.0;2.0;2.0;0.0;0.0;0.0;1.0;0.0;0.0;0.0;1.0;1.0;0
org.apache.tools.ant.taskdefs.Cvs;1.0;4.0;0.0;2.0;2.0;0.0;1.0;1.0;1.0;2.0;4.0;0.0;0.0;1.0;1.0;0.0;0.0;3.0;1.0;1.0;0
org.apache.tools.zip.UnrecognizedExtraField;10.0;1.0;0.0;3.0;13.0;31.0;1.0;2.0;10.0;0.7037;76.0;1.0;1.0;0.0;0.375;0.0;0.0;6.3;2.0;1.2;0
org.apache.tools.ant.taskdefs.Typedef;2.0;6.0;0.0;2.0;3.0;1.0;0.0;2.0;1.0;2.0;6.0;0.0;0.0;0.9872;0.6667;0.0;0.0;2.0;1.0;1.0;1
org.apache.tools.zip.ZipEntry;23.0;2.0;0.0;5.0;68.0;181.0;2.0;3.0;17.0;0.8068;462.0;0.875;0.0;0.5476;0.1409;1.0;1.0;18.7391;5.0;1.6521739130434783;0
org.apache.tools.ant.types.EnumeratedAttribute;8.0;1.0;26.0;46.0;14.0;20.0;45.0;1.0;7.0;0.7143;84.0;1.0;0.0;0.0;0.6875;0.0;0.0;9.25;5.0;1.625;3
org.apache.tools.ant.taskdefs.condition.Not;2.0;3.0;0.0;3.0;8.0;1.0;1.0;3.0;2.0;2.0;32.0;0.0;0.0;0.9697;1.0;0.0;0.0;15.0;1.0;1.0;2
org.apache.tools.ant.types.RegularExpression;6.0;3.0;0.0;8.0;21.0;1.0;1.0;7.0;5.0;0.8;95.0;0.6667;2.0;0.8824;0.6;0.0;0.0;14.3333;3.0;1.6666666666666667;0
org.apache.tools.ant.taskdefs.condition.IsSet;3.0;2.0;0.0;5.0;7.0;1.0;1.0;4.0;3.0;0.5;29.0;1.0;0.0;0.8182;0.6667;0.0;0.0;8.3333;1.0;1.0;0
org.apache.tools.ant.filters.LineContainsRegExp;8.0;5.0;0.0;6.0;21.0;0.0;1.0;5.0;5.0;0.619;120.0;1.0;0.0;0.8235;0.375;2.0;5.0;13.625;4.0;1.375;7
org.apache.tools.ant.taskdefs.LogOutputStream;7.0;2.0;2.0;9.0;14.0;1.0;8.0;1.0;4.0;0.5833;90.0;1.0;1.0;0.4545;0.4643;1.0;1.0;11.2857;1.0;1.0;2
org.apache.tools.ant.types.selectors.SizeSelector;8.0;5.0;0.0;10.0;28.0;0.0;4.0;6.0;8.0;0.6939;365.0;0.5714;0.0;0.8444;0.25;1.0;4.0;43.75;19.0;5.5;0
org.apache.tools.ant.UnknownElement;13.0;3.0;0.0;12.0;42.0;36.0;3.0;10.0;7.0;0.6389;422.0;1.0;0.0;0.7551;0.3205;1.0;6.0;31.2308;4.0;1.9230769230769231;1
org.apache.tools.tar.TarEntry;32.0;1.0;0.0;6.0;69.0;264.0;4.0;2.0;31.0;0.7333;771.0;1.0;0.0;0.0;0.1806;1.0;1.0;22.625;14.0;1.8125;0
org.apache.tools.ant.types.selectors.BaseExtendSelector;4.0;4.0;5.0;9.0;5.0;0.0;5.0;4.0;3.0;0.3333;18.0;1.0;1.0;0.9211;0.4375;0.0;0.0;3.25;1.0;1.0;0
org.apache.tools.ant.taskdefs.Checksum;15.0;4.0;0.0;11.0;72.0;39.0;1.0;10.0;12.0;0.7143;682.0;1.0;0.0;0.8478;0.2778;0.0;0.0;43.6667;1.0;1.0;1
org.apache.tools.ant.taskdefs.DependSet;6.0;4.0;0.0;10.0;33.0;13.0;0.0;10.0;6.0;0.8;494.0;1.0;0.0;0.9398;0.5556;1.0;1.0;80.6667;1.0;1.0;6
org.apache.tools.ant.types.selectors.DateSelector;11.0;5.0;0.0;11.0;38.0;1.0;4.0;7.0;11.0;0.84;391.0;0.5;0.0;0.7917;0.2159;1.0;4.0;33.6364;8.0;2.909090909090909;0
org.apache.tools.ant.util.IdentityMapper;4.0;1.0;0.0;4.0;5.0;6.0;3.0;1.0;4.0;2.0;16.0;0.0;0.0;0.0;0.875;0.0;0.0;3.0;1.0;1.0;0
org.apache.tools.ant.taskdefs.compilers.Sj;2.0;2.0;0.0;4.0;8.0;1.0;1.0;3.0;2.0;2.0;28.0;0.0;0.0;0.9583;1.0;0.0;0.0;13.0;1.0;1.0;1
org.apache.tools.ant.DemuxOutputStream;8.0;2.0;0.0;3.0;22.0;16.0;1.0;2.0;4.0;0.6429;132.0;1.0;1.0;0.4167;0.3;1.0;1.0;15.0;1.0;1.0;12
org.apache.tools.ant.types.selectors.NoneSelector;3.0;5.0;1.0;6.0;14.0;3.0;5.0;2.0;3.0;2.0;52.0;0.0;0.0;0.9688;0.5556;1.0;1.0;16.3333;3.0;2.0;0
org.apache.tools.ant.taskdefs.email.PlainMailer;3.0;2.0;0.0;6.0;38.0;3.0;1.0;5.0;1.0;2.0;198.0;0.0;0.0;0.9;0.5556;1.0;1.0;65.0;6.0;2.6666666666666665;0
org.apache.tools.ant.taskdefs.condition.FilesMatch;4.0;1.0;0.0;4.0;13.0;0.0;1.0;3.0;4.0;0.6667;60.0;1.0;1.0;0.0;0.75;0.0;0.0;13.25;1.0;1.0;0
org.apache.tools.ant.filters.BaseFilterReader;10.0;3.0;4.0;16.0;21.0;23.0;14.0;2.0;5.0;0.6667;136.0;1.0;1.0;0.6923;0.2286;2.0;3.0;12.4;1.0;1.0;5
org.apache.tools.ant.taskdefs.ExecuteStreamHandler;5.0;1.0;0.0;11.0;5.0;10.0;11.0;0.0;5.0;2.0;5.0;0.0;0.0;0.0;0.5333;0.0;0.0;0.0;1.0;1.0;0
org.apache.tools.ant.BuildListener;7.0;1.0;0.0;9.0;7.0;21.0;8.0;1.0;7.0;2.0;7.0;0.0;0.0;0.0;1.0;0.0;0.0;0.0;1.0;1.0;0
org.apache.tools.ant.taskdefs.rmic.SunRmic;3.0;2.0;0.0;7.0;22.0;3.0;0.0;7.0;2.0;1.0;152.0;0.0;0.0;0.8889;0.5;0.0;0.0;48.6667;1.0;1.0;0
org.apache.tools.ant.taskdefs.Pack;8.0;3.0;2.0;5.0;21.0;18.0;2.0;3.0;4.0;0.7143;145.0;1.0;0.0;0.8409;0.4375;1.0;1.0;16.875;1.0;1.0;0
org.apache.tools.ant.filters.ReplaceTokens;12.0;5.0;0.0;6.0;35.0;0.0;1.0;5.0;7.0;0.697;296.0;1.0;0.0;0.7368;0.3;2.0;5.0;23.1667;8.0;1.5833333333333333;7
org.apache.tools.ant.filters.TailFilter;7.0;5.0;0.0;5.0;18.0;1.0;1.0;4.0;5.0;0.5238;280.0;1.0;0.0;0.8485;0.4762;2.0;5.0;38.0;4.0;1.4285714285714286;9
org.apache.tools.ant.taskdefs.email.EmailAddress;7.0;1.0;0.0;3.0;8.0;21.0;3.0;0.0;7.0;1.1667;23.0;1.0;0.0;0.0;0.7143;0.0;0.0;2.0;1.0;1.0;8
org.apache.tools.ant.taskdefs.cvslib.CvsTagEntry;7.0;1.0;0.0;1.0;10.0;21.0;1.0;0.0;7.0;1.0556;68.0;0.0;0.0;0.0;0.7143;0.0;0.0;8.2857;5.0;1.5714285714285714;10
org.apache.tools.ant.Main;19.0;1.0;0.0;12.0;103.0;133.0;1.0;12.0;3.0;0.8137;1713.0;0.8824;0.0;0.0;0.1414;0.0;0.0;88.2632;11.0;2.6315789473684212;1
org.apache.tools.ant.taskdefs.Sequential;4.0;3.0;0.0;6.0;11.0;6.0;0.0;6.0;4.0;1.0;32.0;1.0;0.0;0.925;0.625;1.0;1.0;6.75;1.0;1.0;6
org.apache.tools.ant.types.Environment;3.0;1.0;1.0;7.0;9.0;0.0;5.0;2.0;3.0;0.0;47.0;1.0;0.0;0.0;0.6667;0.0;0.0;14.3333;1.0;1.0;0
org.apache.tools.ant.taskdefs.ManifestException;1.0;3.0;0.0;5.0;2.0;0.0;5.0;0.0;1.0;2.0;5.0;0.0;0.0;1.0;1.0;0.0;0.0;4.0;1.0;1.0;0
org.apache.tools.ant.taskdefs.condition.ConditionBase;18.0;2.0;5.0;18.0;22.0;0.0;5.0;16.0;16.0;0.0;108.0;1.0;0.0;0.3462;0.1146;0.0;0.0;4.9444;1.0;1.0;1
org.apache.tools.ant.input.MultipleChoiceInputRequest;3.0;2.0;0.0;3.0;6.0;0.0;2.0;1.0;3.0;0.0;23.0;1.0;0.0;0.75;0.5556;0.0;0.0;6.3333;1.0;1.0;2
org.apache.tools.ant.taskdefs.Definer;15.0;3.0;2.0;10.0;47.0;73.0;2.0;8.0;12.0;0.8651;452.0;1.0;1.0;0.7255;0.225;1.0;1.0;28.5333;12.0;1.8666666666666667;1
org.apache.tools.ant.taskdefs.Rename;5.0;3.0;0.0;4.0;17.0;0.0;0.0;4.0;5.0;0.6667;99.0;1.0;0.0;0.9024;0.5333;1.0;1.0;18.2;1.0;1.0;1
org.apache.tools.ant.types.selectors.ExtendFileSelector;0.0;1.0;0.0;4.0;0.0;0.0;2.0;2.0;0.0;2.0;0.0;0.0;0.0;0.0;0.0;0.0;0.0;0.0;0;0;0
org.apache.tools.ant.taskdefs.compilers.Kjc;4.0;2.0;0.0;10.0;26.0;6.0;1.0;9.0;2.0;1.0;195.0;0.0;0.0;0.8846;0.5;0.0;0.0;47.5;10.0;3.25;0
org.apache.tools.ant.util.CollectionUtils;3.0;1.0;0.0;3.0;12.0;3.0;3.0;0.0;3.0;2.0;90.0;0.0;0.0;0.0;0.3333;1.0;1.0;29.0;8.0;5.333333333333333;0
org.apache.tools.ant.types.PatternSet;21.0;3.0;0.0;12.0;62.0;134.0;7.0;6.0;15.0;0.6;630.0;1.0;0.0;0.6;0.2721;1.0;1.0;28.8095;9.0;3.0476190476190474;0
org.apache.tools.ant.taskdefs.cvslib.RCSFile;5.0;1.0;0.0;2.0;6.0;10.0;2.0;0.0;0.0;1.25;23.0;1.0;0.0;0.0;0.7;0.0;0.0;3.0;1.0;1.0;7
org.apache.tools.ant.util.DateUtils;7.0;1.0;0.0;1.0;20.0;19.0;1.0;0.0;4.0;1.037;197.0;0.6667;0.0;0.0;0.2667;0.0;0.0;25.8571;4.0;1.4285714285714286;0
org.apache.tools.ant.types.selectors.FileSelector;1.0;1.0;0.0;15.0;1.0;0.0;14.0;1.0;1.0;2.0;1.0;0.0;0.0;0.0;1.0;0.0;0.0;0.0;1.0;1.0;0
org.apache.tools.ant.taskdefs.Jikes;2.0;1.0;0.0;5.0;29.0;0.0;0.0;5.0;0.0;0.0;176.0;1.0;2.0;0.0;0.6;0.0;0.0;85.5;10.0;5.5;3
org.apache.tools.ant.taskdefs.Deltree;4.0;3.0;0.0;3.0;17.0;4.0;0.0;3.0;3.0;0.6667;152.0;1.0;0.0;0.925;0.75;1.0;1.0;36.75;1.0;1.0;0
org.apache.tools.ant.taskdefs.cvslib.ChangeLogParser;11.0;1.0;0.0;4.0;34.0;0.0;3.0;1.0;1.0;0.7857;312.0;1.0;0.0;0.0;0.85;0.0;0.0;26.0909;3.0;1.9090909090909092;0
org.apache.tools.ant.util.facade.FacadeTaskHelper;8.0;1.0;0.0;3.0;18.0;10.0;2.0;1.0;8.0;0.5357;108.0;1.0;0.0;0.0;0.5417;0.0;0.0;12.0;3.0;1.5;0
org.apache.tools.zip.ExtraFieldUtils;8.0;1.0;0.0;4.0;39.0;22.0;1.0;3.0;6.0;0.7857;377.0;0.5;0.0;0.0;0.1667;0.0;0.0;45.875;3.0;1.625;0
org.apache.tools.ant.types.Mapper;11.0;3.0;0.0;14.0;40.0;17.0;5.0;9.0;10.0;0.7;286.0;1.0;2.0;0.75;0.2879;1.0;1.0;24.5455;3.0;2.0;0
org.apache.tools.ant.taskdefs.GZip;2.0;4.0;0.0;4.0;12.0;1.0;0.0;4.0;1.0;2.0;55.0;0.0;0.0;0.9804;1.0;1.0;2.0;26.5;4.0;2.5;0
org.apache.tools.ant.input.DefaultInputHandler;4.0;1.0;0.0;6.0;21.0;6.0;2.0;4.0;2.0;2.0;91.0;0.0;0.0;0.0;0.75;0.0;0.0;21.75;4.0;1.75;0
org.apache.tools.ant.util.MergingMapper;4.0;1.0;0.0;4.0;5.0;0.0;3.0;1.0;4.0;0.3333;24.0;1.0;0.0;0.0;0.875;0.0;0.0;4.75;1.0;1.0;0
org.apache.tools.ant.taskdefs.rmic.RmicAdapterFactory;3.0;1.0;0.0;6.0;13.0;3.0;1.0;5.0;1.0;2.0;80.0;0.0;0.0;0.0;0.4444;0.0;0.0;25.6667;1.0;1.0;1
org.apache.tools.ant.types.selectors.OrSelector;3.0;5.0;0.0;5.0;14.0;3.0;4.0;2.0;3.0;2.0;52.0;0.0;0.0;0.9688;0.5556;1.0;1.0;16.3333;3.0;2.0;0
org.apache.tools.ant.taskdefs.Mkdir;3.0;3.0;0.0;3.0;5.0;3.0;0.0;3.0;3.0;1.0;22.0;1.0;0.0;0.9487;0.6667;0.0;0.0;6.0;1.0;1.0;7
org.apache.tools.bzip2.CBZip2OutputStream;33.0;2.0;0.0;6.0;43.0;322.0;3.0;4.0;6.0;0.8594;4244.0;0.7619;1.0;0.1389;0.2576;1.0;1.0;126.3333;32.0;5.666666666666667;0
org.apache.tools.ant.taskdefs.cvslib.RedirectingOutputStream;2.0;4.0;0.0;4.0;4.0;0.0;1.0;3.0;1.0;0.0;16.0;1.0;1.0;0.9375;0.6667;1.0;1.0;6.5;1.0;1.0;1
org.apache.tools.ant.BuildEvent;11.0;2.0;0.0;12.0;15.0;13.0;9.0;4.0;11.0;0.75;97.0;1.0;3.0;0.2;0.2208;0.0;0.0;7.2727;1.0;1.0;0
org.apache.tools.ant.taskdefs.SendEmail;2.0;4.0;0.0;1.0;3.0;1.0;0.0;1.0;2.0;2.0;6.0;0.0;0.0;0.9859;0.75;0.0;0.0;2.0;1.0;1.0;1
org.apache.tools.zip.ZipOutputStream;17.0;4.0;0.0;7.0;81.0;40.0;4.0;3.0;10.0;0.8239;1178.0;0.9091;8.0;0.5;0.25;2.0;3.0;67.0;2.0;1.1176470588235294;0
org.apache.tools.ant.taskdefs.PathConvert;16.0;3.0;0.0;13.0;48.0;58.0;1.0;13.0;12.0;0.7867;480.0;1.0;2.0;0.7115;0.25;2.0;2.0;28.375;4.0;1.5;2
org.apache.tools.ant.taskdefs.email.Message;9.0;2.0;0.0;5.0;20.0;0.0;3.0;2.0;9.0;0.5;140.0;1.0;0.0;0.6;0.4167;0.0;0.0;14.1111;1.0;1.0;1
org.apache.tools.ant.util.RegexpPatternMapper;5.0;1.0;0.0;4.0;20.0;0.0;0.0;4.0;4.0;0.3333;144.0;1.0;1.0;0.0;0.9;0.0;0.0;27.2;5.0;2.4;0
org.apache.tools.ant.taskdefs.compilers.Javac12;3.0;2.0;0.0;8.0;20.0;3.0;1.0;7.0;2.0;1.0;151.0;0.0;0.0;0.92;0.5;0.0;0.0;48.3333;1.0;1.0;1
org.apache.tools.ant.taskdefs.compilers.Javac13;2.0;2.0;0.0;5.0;12.0;1.0;1.0;4.0;2.0;2.0;61.0;1.0;0.0;0.9583;1.0;0.0;0.0;29.0;1.0;1.0;1
org.apache.tools.ant.taskdefs.compilers.CompilerAdapterFactory;4.0;1.0;0.0;12.0;22.0;6.0;1.0;11.0;1.0;2.0;190.0;0.0;0.0;0.0;0.3333;0.0;0.0;46.5;1.0;1.0;3
org.apache.tools.ant.BuildLogger;4.0;1.0;0.0;5.0;4.0;6.0;4.0;1.0;4.0;2.0;4.0;0.0;0.0;0.0;0.5;0.0;0.0;0.0;1.0;1.0;0
org.apache.tools.ant.util.JavaEnvUtils;11.0;1.0;0.0;15.0;26.0;31.0;14.0;2.0;7.0;0.8923;361.0;0.6154;1.0;0.0;0.3;0.0;0.0;30.6364;5.0;2.3636363636363638;0
org.apache.tools.ant.filters.StringInputStream;6.0;2.0;0.0;1.0;10.0;15.0;1.0;0.0;6.0;1.0;29.0;1.0;0.0;0.6429;0.4444;1.0;1.0;3.6667;1.0;1.0;5
org.apache.tools.ant.types.selectors.FilenameSelector;8.0;5.0;0.0;9.0;23.0;0.0;4.0;5.0;8.0;0.7619;198.0;0.5;0.0;0.8444;0.35;1.0;4.0;23.0;6.0;2.375;0
org.apache.tools.ant.taskdefs.XSLTLiaison;3.0;1.0;0.0;2.0;3.0;3.0;2.0;0.0;3.0;1.5;4.0;0.0;0.0;0.0;0.6667;0.0;0.0;0.0;1.0;1.0;0
org.apache.tools.ant.taskdefs.rmic.RmicAdapter;4.0;1.0;0.0;6.0;4.0;6.0;3.0;4.0;4.0;2.0;4.0;0.0;0.0;0.0;0.625;0.0;0.0;0.0;1.0;1.0;0
org.apache.tools.ant.taskdefs.Chmod;17.0;5.0;0.0;15.0;57.0;22.0;0.0;15.0;15.0;0.5833;298.0;1.0;1.0;0.872;0.2647;4.0;7.0;16.3529;4.0;1.2941176470588236;0
org.apache.tools.ant.taskdefs.Unpack;10.0;3.0;2.0;5.0;22.0;29.0;2.0;3.0;6.0;0.6667;144.0;1.0;0.0;0.8043;0.5;0.0;0.0;13.2;4.0;1.3;4
org.apache.tools.ant.types.selectors.SelectorUtils;11.0;1.0;0.0;3.0;26.0;53.0;3.0;0.0;9.0;0.9;725.0;1.0;1.0;0.0;0.26;0.0;0.0;64.8182;47.0;8.636363636363637;0
org.apache.tools.ant.util.KeepAliveOutputStream;2.0;3.0;0.0;0.0;3.0;1.0;0.0;0.0;2.0;2.0;7.0;0.0;0.0;0.9091;0.75;1.0;1.0;2.5;1.0;1.0;0
org.apache.tools.bzip2.CBZip2InputStream;32.0;2.0;0.0;4.0;40.0;330.0;2.0;2.0;2.0;0.7811;2014.0;0.7872;1.0;0.225;0.2063;1.0;1.0;60.4688;26.0;4.125;0
org.apache.tools.ant.taskdefs.Java;31.0;3.0;0.0;20.0;103.0;209.0;0.0;20.0;25.0;0.82;672.0;1.0;2.0;0.5522;0.1613;1.0;3.0;20.3548;2.0;1.064516129032258;1
org.apache.tools.ant.TaskContainer;1.0;1.0;0.0;9.0;1.0;0.0;8.0;1.0;1.0;2.0;1.0;0.0;0.0;0.0;1.0;0.0;0.0;0.0;1.0;1.0;0
org.apache.tools.ant.taskdefs.Ear;7.0;6.0;0.0;9.0;32.0;13.0;0.0;9.0;4.0;0.75;150.0;1.0;0.0;0.9643;0.4;4.0;9.0;20.1429;2.0;1.1428571428571428;1
org.apache.tools.ant.taskdefs.AntStructure;10.0;3.0;0.0;7.0;61.0;37.0;0.0;7.0;3.0;0.9;758.0;0.6;0.0;0.8043;0.2857;0.0;0.0;73.8;7.0;2.2;0
org.apache.tools.ant.listener.MailLogger;5.0;2.0;0.0;5.0;37.0;4.0;0.0;5.0;2.0;0.5;250.0;1.0;0.0;0.8182;0.5;1.0;3.0;48.8;11.0;3.0;0
org.apache.tools.ant.taskdefs.Exit;8.0;3.0;0.0;4.0;17.0;18.0;0.0;4.0;6.0;0.7143;112.0;1.0;0.0;0.8409;0.75;0.0;0.0;12.625;4.0;1.875;0
org.apache.tools.ant.util.JAXPUtils;8.0;1.0;0.0;2.0;21.0;26.0;1.0;1.0;5.0;0.7143;89.0;1.0;0.0;0.0;0.1429;0.0;0.0;10.0;2.0;1.125;0
org.apache.tools.ant.Target;22.0;1.0;0.0;19.0;49.0;125.0;16.0;5.0;18.0;0.8095;382.0;1.0;1.0;0.0;0.3091;0.0;0.0;16.0455;8.0;1.7727272727272727;0
org.apache.tools.ant.taskdefs.Javadoc;81.0;3.0;0.0;35.0;213.0;2518.0;7.0;35.0;74.0;0.94;2199.0;0.9667;10.0;0.319;0.1375;3.0;3.0;25.7778;13.0;1.7160493827160495;2
org.apache.tools.ant.Task;23.0;2.0;53.0;113.0;37.0;179.0;110.0;7.0;17.0;0.8182;254.0;1.0;4.0;0.2903;0.2464;1.0;3.0;9.6957;4.0;1.2173913043478262;0
org.apache.tools.ant.taskdefs.Taskdef;2.0;6.0;0.0;2.0;3.0;1.0;0.0;2.0;1.0;2.0;6.0;0.0;0.0;0.9872;0.6667;0.0;0.0;2.0;1.0;1.0;1
org.apache.tools.ant.taskdefs.GenerateKey;14.0;3.0;0.0;8.0;33.0;65.0;0.0;8.0;14.0;0.9103;404.0;1.0;1.0;0.74;0.5952;1.0;2.0;27.0;2.0;1.0714285714285714;0
org.apache.tools.ant.taskdefs.condition.Or;2.0;3.0;0.0;3.0;7.0;1.0;1.0;3.0;2.0;2.0;23.0;0.0;0.0;0.9697;1.0;0.0;0.0;10.5;1.0;1.0;0
org.apache.tools.ant.taskdefs.condition.Os;13.0;1.0;0.0;14.0;22.0;68.0;12.0;2.0;12.0;0.7083;295.0;1.0;0.0;0.0;0.7083;0.0;0.0;21.0769;36.0;3.6923076923076925;5
org.apache.tools.ant.types.ZipFileSet;11.0;5.0;0.0;13.0;30.0;5.0;4.0;9.0;9.0;0.65;168.0;1.0;0.0;0.9109;0.3273;2.0;10.0;13.9091;3.0;1.4545454545454546;1
org.apache.tools.ant.util.GlobPatternMapper;5.0;1.0;1.0;3.0;15.0;0.0;2.0;1.0;4.0;0.5;137.0;1.0;0.0;0.0;0.9;0.0;0.0;25.2;4.0;2.0;0
org.apache.tools.ant.types.selectors.ExtendSelector;10.0;4.0;0.0;16.0;36.0;3.0;4.0;12.0;10.0;0.5833;246.0;1.0;2.0;0.7955;0.2667;1.0;3.0;23.2;7.0;2.4;0
org.apache.tools.ant.util.SourceFileScanner;3.0;1.0;0.0;11.0;24.0;1.0;7.0;4.0;3.0;0.0;264.0;1.0;2.0;0.0;0.6667;0.0;0.0;86.3333;13.0;5.333333333333333;0
org.apache.tools.ant.filters.StripLineComments;8.0;5.0;0.0;6.0;20.0;0.0;1.0;5.0;5.0;0.619;112.0;1.0;0.0;0.8235;0.375;2.0;5.0;12.625;4.0;1.375;7
org.apache.tools.ant.types.selectors.DepthSelector;7.0;5.0;0.0;8.0;26.0;0.0;4.0;4.0;7.0;0.6667;260.0;0.0;0.0;0.8636;0.3429;2.0;5.0;35.5714;9.0;3.2857142857142856;0
org.apache.tools.ant.taskdefs.cvslib.CVSEntry;9.0;1.0;0.0;4.0;18.0;14.0;3.0;1.0;4.0;0.6563;88.0;1.0;0.0;0.0;0.5185;0.0;0.0;8.3333;1.0;1.0;0
org.apache.tools.ant.types.FileSet;3.0;4.0;2.0;30.0;8.0;3.0;26.0;4.0;2.0;2.0;27.0;0.0;0.0;0.9888;0.6667;3.0;4.0;8.0;2.0;1.3333333333333333;0
org.apache.tools.ant.taskdefs.rmic.KaffeRmic;3.0;2.0;0.0;7.0;19.0;3.0;1.0;6.0;2.0;1.0;93.0;0.0;0.0;0.8889;0.5;0.0;0.0;29.6667;1.0;1.0;0
org.apache.tools.ant.taskdefs.email.Mailer;15.0;1.0;1.0;6.0;28.0;103.0;2.0;4.0;12.0;1.0119;153.0;1.0;3.0;0.0;0.2232;0.0;0.0;8.4;4.0;1.2;14
org.apache.tools.ant.types.DTDLocation;5.0;1.0;0.0;1.0;6.0;10.0;1.0;0.0;5.0;1.0;22.0;1.0;0.0;0.0;0.7;0.0;0.0;3.0;1.0;1.0;4
org.apache.tools.ant.taskdefs.Copy;27.0;3.0;1.0;18.0;87.0;217.0;1.0;17.0;20.0;0.8704;917.0;1.0;2.0;0.5873;0.213;2.0;2.0;32.2593;13.0;1.7407407407407407;2
org.apache.tools.tar.TarConstants;0.0;1.0;0.0;1.0;0.0;0.0;1.0;0.0;0.0;2.0;24.0;0.0;0.0;0.0;0.0;0.0;0.0;0.0;0;0;0
org.apache.tools.ant.types.selectors.MajoritySelector;4.0;5.0;0.0;5.0;15.0;0.0;4.0;2.0;4.0;0.3333;83.0;1.0;0.0;0.9538;0.4375;1.0;1.0;19.5;5.0;2.25;0
org.apache.tools.tar.TarUtils;8.0;1.0;0.0;1.0;14.0;28.0;1.0;0.0;8.0;2.0;274.0;0.0;0.0;0.0;0.45;0.0;0.0;33.25;7.0;3.0;0
org.apache.tools.ant.taskdefs.rmic.WLRmic;5.0;2.0;0.0;11.0;24.0;10.0;1.0;10.0;4.0;1.0;133.0;0.0;0.0;0.8;0.5;0.0;0.0;25.4;1.0;1.0;0
org.apache.tools.ant.taskdefs.cvslib.CvsUser;6.0;1.0;0.0;2.0;11.0;3.0;1.0;1.0;3.0;0.6;54.0;1.0;0.0;0.0;0.6667;0.0;0.0;7.6667;1.0;1.0;0
org.apache.tools.ant.taskdefs.ExecuteWatchdog;8.0;1.0;0.0;8.0;22.0;0.0;5.0;3.0;7.0;0.5429;141.0;1.0;1.0;0.0;0.3438;0.0;0.0;16.0;5.0;1.75;1
org.apache.tools.ant.taskdefs.Exec;10.0;3.0;0.0;6.0;42.0;21.0;1.0;6.0;7.0;0.7937;366.0;1.0;0.0;0.8043;0.45;0.0;0.0;34.9;2.0;1.2;3
org.apache.tools.ant.util.TaskLogger;6.0;1.0;0.0;1.0;8.0;0.0;0.0;1.0;6.0;0.0;43.0;1.0;1.0;0.0;0.6667;0.0;0.0;6.0;1.0;1.0;0
org.apache.tools.ant.taskdefs.Zip;34.0;4.0;1.0;25.0;138.0;421.0;3.0;22.0;17.0;0.8636;1740.0;1.0;0.0;0.7091;0.142;4.0;4.0;49.6471;4.0;1.2058823529411764;2
org.apache.tools.ant.util.PackageNameMapper;2.0;2.0;0.0;1.0;6.0;1.0;0.0;1.0;1.0;2.0;20.0;0.0;0.0;0.875;0.75;1.0;1.0;9.0;1.0;1.0;0
org.apache.tools.ant.taskdefs.Manifest;17.0;1.0;0.0;7.0;71.0;14.0;2.0;5.0;16.0;0.8661;569.0;0.2857;1.0;0.0;0.1634;1.0;1.0;31.6471;8.0;1.6470588235294117;1
org.apache.tools.ant.PathTokenizer;3.0;1.0;0.0;3.0;17.0;0.0;2.0;1.0;3.0;0.25;196.0;1.0;0.0;0.0;0.6667;0.0;0.0;63.0;3.0;2.0;0
org.apache.tools.ant.taskdefs.Expand;9.0;3.0;1.0;11.0;53.0;16.0;1.0;10.0;7.0;0.75;457.0;1.0;0.0;0.8222;0.2716;2.0;2.0;49.2222;5.0;1.4444444444444444;1
org.apache.tools.ant.filters.util.ChainReaderHelper;9.0;1.0;0.0;14.0;38.0;12.0;3.0;12.0;8.0;0.8571;309.0;0.1429;1.0;0.0;0.2593;0.0;0.0;32.5556;1.0;1.0;1
org.apache.tools.ant.TaskAdapter;6.0;3.0;0.0;7.0;24.0;9.0;4.0;4.0;5.0;0.8;231.0;0.5;0.0;0.881;0.2667;1.0;1.0;37.1667;1.0;1.0;1
org.apache.tools.ant.filters.ExpandProperties;4.0;4.0;0.0;4.0;13.0;0.0;1.0;3.0;4.0;0.0;84.0;1.0;0.0;0.9286;0.75;2.0;4.0;19.75;1.0;1.0;2
org.apache.tools.ant.taskdefs.rmic.DefaultRmicAdapter;16.0;1.0;3.0;15.0;56.0;86.0;4.0;12.0;6.0;0.8;375.0;1.0;2.0;0.0;0.2267;0.0;0.0;22.25;14.0;2.1875;0
org.apache.tools.ant.taskdefs.MatchingTask;36.0;3.0;11.0;35.0;84.0;0.0;11.0;24.0;35.0;0.4857;302.0;1.0;1.0;0.5139;0.0875;2.0;2.0;7.3333;6.0;1.2222222222222223;1
org.apache.tools.ant.taskdefs.Sleep;10.0;3.0;0.0;2.0;20.0;21.0;0.0;2.0;9.0;0.6;130.0;1.0;0.0;0.8043;0.4;1.0;1.0;11.5;1.0;1.0;2
org.apache.tools.ant.input.InputHandler;1.0;1.0;0.0;8.0;1.0;0.0;6.0;2.0;1.0;2.0;1.0;0.0;0.0;0.0;1.0;0.0;0.0;0.0;1.0;1.0;0
org.apache.tools.ant.AntClassLoader;42.0;2.0;0.0;20.0;115.0;703.0;14.0;8.0;25.0;0.8819;1367.0;0.6842;1.0;0.6442;0.1768;1.0;5.0;31.0952;12.0;2.2857142857142856;0
org.apache.tools.ant.types.Path;28.0;3.0;0.0;44.0;96.0;286.0;32.0;13.0;22.0;0.5926;1047.0;0.5;1.0;0.5455;0.127;2.0;5.0;36.3214;15.0;2.642857142857143;0
org.apache.tools.ant.types.AbstractFileSet;41.0;3.0;2.0;52.0;102.0;560.0;26.0;26.0;38.0;0.7964;698.0;1.0;1.0;0.4348;0.0764;1.0;3.0;15.8537;5.0;1.7073170731707317;0
org.apache.tools.ant.types.CommandlineJava;27.0;1.0;0.0;10.0;60.0;145.0;1.0;9.0;26.0;0.6484;401.0;1.0;4.0;0.0;0.3148;0.0;0.0;13.5926;6.0;1.5555555555555556;0
org.apache.tools.ant.taskdefs.Tstamp;4.0;3.0;0.0;6.0;22.0;0.0;1.0;6.0;4.0;0.1667;142.0;1.0;0.0;0.925;0.625;0.0;0.0;34.0;2.0;1.25;0
org.apache.tools.ant.taskdefs.CVSPass;6.0;3.0;0.0;3.0;30.0;0.0;0.0;3.0;5.0;0.6;1262.0;1.0;0.0;0.881;0.5556;1.0;1.0;208.6667;2.0;1.1666666666666667;1
org.apache.tools.ant.taskdefs.BZip2;2.0;4.0;0.0;5.0;14.0;1.0;0.0;5.0;1.0;2.0;66.0;0.0;0.0;0.9804;1.0;1.0;2.0;32.0;4.0;2.5;0
org.apache.tools.ant.taskdefs.Parallel;3.0;3.0;0.0;6.0;17.0;3.0;1.0;6.0;3.0;1.0;135.0;1.0;0.0;0.9487;0.6667;0.0;0.0;43.6667;1.0;1.0;5
org.apache.tools.ant.filters.TabsToSpaces;7.0;5.0;0.0;5.0;17.0;0.0;1.0;4.0;5.0;0.7083;122.0;1.0;0.0;0.8485;0.4762;2.0;5.0;15.8571;5.0;1.5714285714285714;7
org.apache.tools.ant.taskdefs.Available;20.0;3.0;0.0;14.0;67.0;130.0;1.0;13.0;16.0;0.8469;801.0;1.0;4.0;0.6607;0.25;1.0;1.0;38.5;25.0;3.05;2
org.apache.tools.ant.types.Reference;5.0;1.0;1.0;28.0;11.0;4.0;26.0;2.0;5.0;0.25;54.0;1.0;0.0;0.0;0.5333;0.0;0.0;9.6;1.0;1.0;0
org.apache.tools.ant.taskdefs.SQLExec;18.0;4.0;0.0;13.0;90.0;87.0;1.0;13.0;14.0;0.8493;778.0;1.0;0.0;0.7821;0.1889;4.0;4.0;41.3333;1.0;1.0;1
org.apache.tools.ant.taskdefs.Delete;21.0;4.0;0.0;11.0;56.0;24.0;0.0;11.0;19.0;0.7875;715.0;1.0;0.0;0.7959;0.2857;3.0;4.0;32.6667;16.0;2.238095238095238;1
org.apache.tools.ant.BuildException;14.0;4.0;0.0;195.0;26.0;0.0;194.0;1.0;14.0;0.3846;153.0;1.0;1.0;0.7083;0.3333;1.0;2.0;9.7857;2.0;1.1428571428571428;0
org.apache.tools.ant.Project;91.0;1.0;0.0;152.0;212.0;3687.0;143.0;17.0;77.0;0.9705;2452.0;0.6;4.0;0.0;0.1055;0.0;0.0;25.5604;6.0;1.5054945054945055;0
org.apache.tools.ant.taskdefs.compilers.JavacExternal;2.0;2.0;0.0;5.0;13.0;1.0;1.0;4.0;2.0;2.0;39.0;0.0;0.0;0.9583;1.0;0.0;0.0;18.5;1.0;1.0;1
org.apache.tools.ant.types.selectors.AndSelector;3.0;5.0;1.0;6.0;14.0;3.0;5.0;2.0;3.0;2.0;52.0;0.0;0.0;0.9688;0.5556;1.0;1.0;16.3333;3.0;2.0;0
org.apache.tools.ant.taskdefs.ExecTask;27.0;3.0;1.0;19.0;80.0;249.0;4.0;15.0;18.0;0.8692;607.0;1.0;2.0;0.5873;0.1667;0.0;0.0;20.9259;3.0;1.1851851851851851;1
org.apache.tools.ant.taskdefs.Filter;6.0;3.0;0.0;6.0;16.0;5.0;0.0;6.0;5.0;0.7333;95.0;1.0;0.0;0.881;0.5;0.0;0.0;14.3333;1.0;1.0;0
org.apache.tools.ant.types.selectors.ContainsSelector;7.0;5.0;0.0;9.0;28.0;0.0;4.0;5.0;7.0;0.7083;215.0;0.5;0.0;0.8636;0.3429;1.0;4.0;29.1429;9.0;3.0;0
org.apache.tools.ant.taskdefs.condition.IsFalse;3.0;2.0;0.0;4.0;7.0;0.0;1.0;3.0;3.0;0.0;33.0;1.0;0.0;0.8182;0.6667;0.0;0.0;9.6667;1.0;1.0;0
org.apache.tools.ant.Location;5.0;1.0;0.0;70.0;9.0;10.0;70.0;0.0;3.0;1.125;48.0;0.75;1.0;0.0;0.5833;0.0;0.0;7.8;2.0;1.2;8
org.apache.tools.ant.taskdefs.condition.Condition;1.0;1.0;0.0;18.0;1.0;0.0;17.0;1.0;1.0;2.0;1.0;0.0;0.0;0.0;1.0;0.0;0.0;0.0;1.0;1.0;0
org.apache.tools.ant.taskdefs.Basename;5.0;3.0;0.0;5.0;13.0;4.0;0.0;5.0;5.0;0.75;71.0;1.0;0.0;0.9024;0.5333;0.0;0.0;12.6;1.0;1.0;0
org.apache.tools.ant.taskdefs.KeySubst;8.0;3.0;0.0;2.0;39.0;10.0;0.0;2.0;8.0;0.7143;279.0;1.0;0.0;0.8409;0.325;1.0;1.0;33.375;4.0;1.375;1
org.apache.tools.ant.util.regexp.Regexp;1.0;1.0;0.0;4.0;1.0;0.0;2.0;2.0;1.0;2.0;3.0;0.0;0.0;0.0;1.0;0.0;0.0;0.0;1.0;1.0;0
org.apache.tools.ant.taskdefs.WaitFor;7.0;3.0;0.0;6.0;17.0;1.0;0.0;6.0;7.0;0.7;138.0;1.0;0.0;0.8421;0.4286;0.0;0.0;18.0;1.0;1.0;2
org.apache.tools.ant.taskdefs.LoadProperties;4.0;3.0;0.0;8.0;39.0;0.0;0.0;8.0;4.0;0.3333;200.0;1.0;0.0;0.925;0.5;1.0;1.0;48.5;1.0;1.0;0
org.apache.tools.mail.MailPrintStream;5.0;4.0;0.0;1.0;9.0;10.0;1.0;0.0;3.0;0.75;81.0;0.0;0.0;0.9273;0.44;1.0;1.0;15.0;5.0;2.2;0
org.apache.tools.ant.taskdefs.cvslib.ChangeLogTask;15.0;3.0;0.0;16.0;77.0;69.0;0.0;16.0;10.0;0.8265;504.0;1.0;0.0;0.7255;0.2333;1.0;1.0;32.1333;6.0;1.4666666666666666;0
org.apache.tools.ant.taskdefs.Ant;19.0;3.0;0.0;16.0;117.0;35.0;1.0;15.0;11.0;0.8232;849.0;0.9091;1.0;0.6727;0.3053;2.0;3.0;43.1053;12.0;2.263157894736842;1
org.apache.tools.ant.input.InputRequest;5.0;1.0;1.0;5.0;6.0;10.0;5.0;0.0;5.0;1.25;17.0;1.0;0.0;0.0;0.7;0.0;0.0;2.0;1.0;1.0;6
org.apache.tools.ant.taskdefs.Touch;8.0;3.0;0.0;10.0;36.0;0.0;0.0;10.0;6.0;0.6286;313.0;1.0;1.0;0.8409;0.325;0.0;0.0;37.5;1.0;1.0;2
org.apache.tools.ant.filters.ChainableReader;1.0;1.0;0.0;13.0;1.0;0.0;13.0;0.0;1.0;2.0;1.0;0.0;0.0;0.0;1.0;0.0;0.0;0.0;1.0;1.0;0
org.apache.tools.ant.taskdefs.ManifestTask;6.0;3.0;0.0;9.0;32.0;0.0;0.0;9.0;6.0;0.6;216.0;1.0;2.0;0.881;0.3333;2.0;2.0;34.5;1.0;1.0;0
org.apache.tools.ant.taskdefs.AbstractCvsTask;40.0;3.0;1.0;17.0;99.0;664.0;2.0;15.0;31.0;0.9182;853.0;0.9524;2.0;0.4868;0.1944;0.0;0.0;19.8;8.0;1.625;1
org.apache.tools.ant.types.XMLCatalog;21.0;3.0;0.0;10.0;82.0;184.0;1.0;9.0;10.0;0.6833;719.0;1.0;2.0;0.6;0.2262;1.0;3.0;33.0952;4.0;1.9523809523809523;1
org.apache.tools.ant.taskdefs.UpToDate;11.0;3.0;0.0;14.0;37.0;19.0;1.0;13.0;9.0;0.75;317.0;1.0;1.0;0.7872;0.3273;1.0;1.0;27.2727;21.0;3.090909090909091;0
org.apache.tools.ant.taskdefs.JDBCTask;26.0;3.0;1.0;9.0;54.0;225.0;1.0;8.0;20.0;0.8727;539.0;1.0;2.0;0.6066;0.24;0.0;0.0;19.3077;7.0;1.2692307692307692;3
org.apache.tools.ant.filters.util.JavaClassHelper;3.0;1.0;0.0;5.0;16.0;1.0;0.0;5.0;2.0;0.5;83.0;1.0;0.0;0.0;0.5;0.0;0.0;26.3333;1.0;1.0;3
org.apache.tools.tar.TarInputStream;16.0;3.0;0.0;3.0;38.0;84.0;1.0;2.0;16.0;0.6741;541.0;1.0;2.0;0.5806;0.25;2.0;9.0;32.25;1.0;1.0;0
org.apache.tools.ant.taskdefs.XmlProperty;9.0;3.0;0.0;4.0;41.0;14.0;0.0;4.0;8.0;0.7917;334.0;1.0;0.0;0.8222;0.3556;1.0;1.0;35.4444;11.0;2.111111111111111;1
org.apache.tools.ant.types.FilterSet;19.0;3.0;0.0;11.0;61.0;121.0;7.0;5.0;15.0;0.75;502.0;0.5;0.0;0.6383;0.2947;2.0;2.0;25.1053;5.0;2.1052631578947367;0
org.apache.tools.ant.types.DataType;10.0;2.0;13.0;21.0;24.0;19.0;17.0;4.0;5.0;0.6667;146.0;1.0;1.0;0.5;0.2667;0.0;0.0;13.3;3.0;1.3;1
org.apache.tools.ant.taskdefs.BuildNumber;6.0;3.0;0.0;5.0;34.0;0.0;0.0;5.0;3.0;0.8667;237.0;1.0;0.0;0.881;0.4444;0.0;0.0;38.0;1.0;1.0;0
org.apache.tools.ant.taskdefs.CallTarget;10.0;3.0;0.0;9.0;33.0;3.0;0.0;9.0;8.0;0.7222;145.0;1.0;1.0;0.8043;0.4;2.0;4.0;13.1;2.0;1.4;2
org.apache.tools.ant.types.selectors.SelectorScanner;3.0;1.0;0.0;3.0;3.0;3.0;2.0;1.0;3.0;2.0;3.0;0.0;0.0;0.0;0.6667;0.0;0.0;0.0;1.0;1.0;0
org.apache.tools.ant.helper.ProjectHelperImpl;9.0;2.0;0.0;12.0;50.0;24.0;8.0;6.0;2.0;0.85;288.0;1.0;1.0;0.68;0.2963;1.0;1.0;30.4444;2.0;1.1111111111111112;0
org.apache.tools.ant.ProjectHelper;13.0;1.0;1.0;15.0;65.0;78.0;10.0;7.0;12.0;1.0833;469.0;0.0;0.0;0.0;0.2077;0.0;0.0;34.9231;2.0;1.0769230769230769;4
org.apache.tools.ant.taskdefs.Concat;12.0;3.0;0.0;11.0;64.0;0.0;0.0;11.0;9.0;0.6182;580.0;1.0;0.0;0.7708;0.2381;0.0;0.0;46.9167;20.0;3.5;1
org.apache.tools.ant.util.LoaderUtils;6.0;1.0;0.0;3.0;14.0;5.0;2.0;1.0;4.0;0.8;131.0;0.5;0.0;0.0;0.2;0.0;0.0;20.1667;4.0;2.1666666666666665;0
org.apache.tools.ant.taskdefs.Dirname;4.0;3.0;0.0;5.0;9.0;2.0;0.0;5.0;4.0;0.6667;48.0;1.0;0.0;0.925;0.5;0.0;0.0;10.5;1.0;1.0;0
org.apache.tools.ant.taskdefs.Patch;10.0;3.0;0.0;11.0;36.0;0.0;0.0;11.0;10.0;0.6944;236.0;1.0;1.0;0.8043;0.45;1.0;1.0;22.2;2.0;1.5;1
org.apache.tools.ant.taskdefs.compilers.Jvc;2.0;2.0;0.0;7.0;19.0;1.0;1.0;6.0;2.0;2.0;127.0;0.0;0.0;0.9583;1.0;1.0;1.0;62.5;1.0;1.0;1
org.apache.tools.ant.taskdefs.Rmic;48.0;4.0;0.0;25.0;108.0;964.0;7.0;20.0;44.0;0.9463;816.0;0.9524;4.0;0.624;0.1542;3.0;3.0;15.5625;7.0;1.3958333333333333;3
org.apache.tools.ant.taskdefs.PumpStreamHandler;13.0;1.0;2.0;9.0;20.0;46.0;7.0;2.0;8.0;0.6667;111.0;1.0;0.0;0.0;0.6154;0.0;0.0;7.2308;1.0;1.0;1
org.apache.tools.ant.taskdefs.Copyfile;6.0;3.0;0.0;5.0;22.0;1.0;0.0;5.0;6.0;0.7;137.0;1.0;0.0;0.881;0.4167;3.0;3.0;21.1667;1.0;1.0;1
org.apache.tools.ant.filters.StripLineBreaks;7.0;5.0;0.0;5.0;16.0;0.0;1.0;4.0;5.0;0.7778;102.0;1.0;0.0;0.8485;0.4762;2.0;5.0;13.1429;5.0;1.5714285714285714;4
org.apache.tools.zip.ZipShort;7.0;1.0;0.0;6.0;8.0;0.0;6.0;0.0;7.0;0.0;89.0;1.0;0.0;0.0;0.4286;1.0;1.0;11.5714;4.0;1.4285714285714286;0
org.apache.tools.ant.taskdefs.Copydir;8.0;4.0;0.0;7.0;37.0;4.0;0.0;7.0;7.0;0.7143;277.0;1.0;0.0;0.9176;0.4688;4.0;4.0;32.875;5.0;1.5;0
org.apache.tools.ant.taskdefs.SignJar;18.0;3.0;0.0;10.0;55.0;119.0;0.0;10.0;15.0;0.8824;458.0;1.0;0.0;0.6852;0.3778;0.0;0.0;23.7222;13.0;2.0555555555555554;1
org.apache.tools.ant.taskdefs.cvslib.CvsTagDiff;21.0;3.0;0.0;8.0;73.0;74.0;0.0;8.0;17.0;0.8864;669.0;0.7273;2.0;0.6491;0.2321;1.0;1.0;30.3333;3.0;1.0952380952380953;2
org.apache.tools.ant.types.FileList;8.0;3.0;0.0;9.0;30.0;0.0;4.0;5.0;6.0;0.4286;177.0;1.0;0.0;0.8333;0.3125;1.0;1.0;20.875;5.0;2.25;1
org.apache.tools.ant.taskdefs.condition.Http;4.0;2.0;0.0;4.0;15.0;0.0;1.0;3.0;4.0;0.3333;109.0;1.0;0.0;0.75;0.5;0.0;0.0;25.75;1.0;1.0;1
org.apache.tools.ant.util.FileUtils;29.0;1.0;0.0;29.0;120.0;396.0;26.0;6.0;25.0;0.9286;1347.0;0.8;0.0;0.0;0.2786;0.0;0.0;45.2759;29.0;2.689655172413793;1
org.apache.tools.ant.types.AntFilterReader;10.0;3.0;0.0;9.0;30.0;15.0;2.0;7.0;10.0;0.6667;164.0;1.0;1.0;0.7692;0.3;1.0;1.0;15.1;3.0;1.5;1
org.apache.tools.ant.DirectoryScanner;34.0;1.0;1.0;33.0;67.0;437.0;27.0;6.0;21.0;0.7525;1118.0;1.0;2.0;0.0;0.2576;0.0;0.0;31.3529;23.0;2.5588235294117645;3
org.apache.tools.ant.types.selectors.NotSelector;3.0;6.0;0.0;6.0;11.0;3.0;4.0;3.0;3.0;2.0;37.0;0.0;0.0;0.9697;1.0;2.0;3.0;11.3333;2.0;1.6666666666666667;0
org.apache.tools.ant.filters.StripJavaComments;4.0;4.0;0.0;3.0;7.0;0.0;1.0;2.0;4.0;0.0;130.0;1.0;0.0;0.9286;0.75;2.0;4.0;31.0;1.0;1.0;4
org.apache.tools.ant.types.Substitution;4.0;3.0;0.0;4.0;15.0;0.0;0.0;4.0;4.0;0.8333;70.0;0.5;0.0;0.9091;0.5833;0.0;0.0;16.0;3.0;1.75;0
org.apache.tools.ant.taskdefs.condition.And;2.0;3.0;0.0;3.0;7.0;1.0;1.0;3.0;2.0;2.0;23.0;0.0;0.0;0.9697;1.0;0.0;0.0;10.5;1.0;1.0;0
org.apache.tools.ant.taskdefs.condition.Socket;4.0;2.0;0.0;4.0;12.0;0.0;1.0;3.0;4.0;0.3333;70.0;1.0;0.0;0.75;0.5;0.0;0.0;16.0;1.0;1.0;1
org.apache.tools.ant.taskdefs.Echo;7.0;3.0;0.0;7.0;21.0;0.0;0.0;7.0;7.0;0.625;144.0;1.0;0.0;0.8605;0.3429;1.0;1.0;19.0;5.0;1.5714285714285714;1
org.apache.tools.ant.taskdefs.Transform;1.0;5.0;0.0;1.0;2.0;0.0;0.0;1.0;1.0;2.0;4.0;0.0;0.0;1.0;1.0;0.0;0.0;3.0;1.0;1.0;0
org.apache.tools.ant.IntrospectionHelper;24.0;1.0;0.0;25.0;78.0;218.0;16.0;21.0;17.0;0.9148;1203.0;0.36;0.0;0.0;0.323;0.0;0.0;48.0833;43.0;4.125;2
org.apache.tools.ant.taskdefs.RecorderEntry;16.0;1.0;0.0;6.0;36.0;58.0;1.0;5.0;13.0;0.6333;363.0;1.0;0.0;0.0;0.2422;0.0;0.0;21.3125;5.0;1.8125;1
org.apache.tools.ant.taskdefs.LoadFile;7.0;3.0;0.0;7.0;36.0;0.0;0.0;7.0;7.0;0.6667;261.0;1.0;0.0;0.8605;0.3429;2.0;2.0;35.5714;1.0;1.0;1
