org.gjt.sp.jedit.gui.SelectLineRange;5.0;7.0;0.0;8.0;52.0;2.0;1.0;8.0;4.0;0.5;372.0;1.0;1.0;0.9943;0.4667;0.0;0.0;72.4;5.0;2.2;0
org.gjt.sp.jedit.ModeCatalogHandler;5.0;2.0;0.0;5.0;21.0;0.0;1.0;5.0;4.0;0.6667;196.0;1.0;0.0;0.7647;0.8;1.0;3.0;37.0;7.0;3.4;0
org.gjt.sp.jedit.options.GeneralOptionPane;7.0;6.0;0.0;6.0;36.0;3.0;2.0;6.0;1.0;0.7889;508.0;1.0;0.0;0.9912;0.5;3.0;5.0;69.4286;6.0;2.0;0
bsh.reflect.ReflectManagerImpl;2.0;2.0;0.0;1.0;4.0;1.0;0.0;1.0;2.0;2.0;16.0;0.0;0.0;0.75;0.75;1.0;1.0;7.0;2.0;1.5;1
org.objectweb.asm.CodeVisitor;17.0;1.0;0.0;5.0;17.0;136.0;4.0;1.0;17.0;2.0;17.0;0.0;0.0;0.0;0.395;0.0;0.0;0.0;1.0;1.0;0
org.gjt.sp.util.CharIndexedSegment;6.0;1.0;0.0;4.0;7.0;0.0;3.0;1.0;6.0;0.1333;118.0;1.0;0.0;0.0;0.5;0.0;0.0;18.1667;4.0;2.5;0
org.gjt.sp.jedit.ActionContext;8.0;1.0;2.0;18.0;27.0;0.0;16.0;3.0;8.0;0.5238;156.0;0.3333;0.0;0.0;0.35;0.0;0.0;18.125;3.0;1.625;0
gnu.regexp.RETokenStart;3.0;2.0;0.0;4.0;9.0;1.0;1.0;3.0;0.0;0.5;106.0;1.0;0.0;0.7778;0.4444;1.0;2.0;34.0;11.0;4.333333333333333;0
org.gjt.sp.jedit.textarea.Gutter;40.0;4.0;0.0;14.0;106.0;606.0;5.0;14.0;36.0;0.9292;1100.0;0.88;3.0;0.944;0.125;3.0;15.0;25.875;31.0;2.125;1
bsh.This;11.0;1.0;2.0;20.0;37.0;29.0;12.0;13.0;8.0;0.45;353.0;0.0;2.0;0.0;0.2149;0.0;0.0;30.9091;7.0;1.7272727272727273;0
bsh.BSHTryStatement;2.0;2.0;0.0;16.0;27.0;1.0;1.0;15.0;1.0;2.0;228.0;0.0;0.0;0.9444;0.625;1.0;1.0;113.0;1.0;1.0;1
org.gjt.sp.jedit.Buffer;164.0;1.0;0.0;138.0;381.0;12328.0;109.0;49.0;126.0;0.9443;6016.0;0.6792;11.0;0.0;0.0827;0.0;0.0;35.3598;57.0;3.4390243902439024;7
org.gjt.sp.jedit.options.PluginManagerOptionPane;5.0;6.0;0.0;8.0;45.0;0.0;5.0;6.0;1.0;0.8056;318.0;1.0;1.0;0.9941;0.5;3.0;5.0;60.8;6.0;2.8;0
org.gjt.sp.jedit.gui.BufferOptions;12.0;7.0;0.0;13.0;69.0;32.0;2.0;12.0;3.0;0.8727;692.0;1.0;3.0;0.9844;0.2917;1.0;1.0;55.4167;8.0;1.9166666666666667;0
gnu.regexp.CharIndexed;3.0;1.0;0.0;29.0;3.0;3.0;29.0;0.0;3.0;1.5;4.0;0.0;0.0;0.0;0.8333;0.0;0.0;0.0;1.0;1.0;0
org.gjt.sp.jedit.proto.jeditresource.Handler;2.0;2.0;0.0;1.0;5.0;1.0;0.0;1.0;2.0;2.0;14.0;0.0;0.0;0.9231;0.75;0.0;0.0;6.0;1.0;1.0;0
org.gjt.sp.jedit.buffer.FoldHandler;12.0;1.0;3.0;13.0;30.0;40.0;10.0;4.0;10.0;0.7273;150.0;0.6667;0.0;0.0;0.1818;1.0;1.0;11.25;4.0;1.5833333333333333;0
gnu.regexp.RETokenRepeated;7.0;2.0;0.0;4.0;21.0;0.0;1.0;3.0;0.0;0.5417;299.0;1.0;1.0;0.5385;0.3333;1.0;4.0;41.1429;16.0;4.857142857142857;0
org.gjt.sp.jedit.gui.StatusBar;23.0;5.0;0.0;38.0;116.0;153.0;31.0;18.0;12.0;0.9038;1127.0;0.9231;2.0;0.968;0.1739;2.0;7.0;46.8696;19.0;3.1739130434782608;0
gnu.regexp.RETokenOneOf;5.0;2.0;0.0;5.0;22.0;0.0;1.0;4.0;0.0;0.125;206.0;1.0;0.0;0.7;0.35;1.0;4.0;39.8;11.0;4.6;0
org.gjt.sp.jedit.Mode;13.0;1.0;0.0;17.0;30.0;26.0;12.0;6.0;13.0;0.7333;278.0;1.0;3.0;0.0;0.3385;0.0;0.0;20.0;5.0;2.3076923076923075;3
gnu.regexp.CharIndexedString;4.0;1.0;0.0;2.0;7.0;0.0;1.0;1.0;3.0;0.2222;62.0;1.0;0.0;0.0;0.6667;0.0;0.0;13.75;3.0;2.0;0
org.gjt.sp.jedit.help.HelpIndex;11.0;1.0;0.0;11.0;59.0;23.0;3.0;8.0;7.0;0.5333;513.0;1.0;0.0;0.0;0.35;0.0;0.0;45.3636;3.0;1.3636363636363635;0
org.gjt.sp.jedit.gui.DockableWindowContainer;5.0;1.0;0.0;7.0;5.0;10.0;7.0;1.0;5.0;2.0;5.0;0.0;0.0;0.0;1.0;0.0;0.0;0.0;1.0;1.0;0
org.gjt.sp.jedit.TextUtilities;15.0;1.0;0.0;11.0;54.0;105.0;7.0;5.0;14.0;1.0714;896.0;0.375;0.0;0.0;0.3048;0.0;0.0;58.2;31.0;7.466666666666667;2
org.gjt.sp.jedit.EditPlugin;10.0;1.0;3.0;20.0;22.0;43.0;14.0;9.0;10.0;0.8889;164.0;0.0;1.0;0.0;0.4;0.0;0.0;15.3;5.0;1.7;0
gnu.regexp.CharIndexedReader;5.0;1.0;0.0;3.0;12.0;0.0;2.0;1.0;3.0;0.4688;272.0;1.0;0.0;0.0;0.6;0.0;0.0;51.8;10.0;4.4;0
org.gjt.sp.util.Log;15.0;1.0;0.0;112.0;46.0;47.0;112.0;2.0;7.0;0.8705;430.0;0.625;1.0;0.0;0.1429;0.0;0.0;26.6;7.0;2.4;0
org.gjt.sp.jedit.gui.ActionBar;17.0;5.0;0.0;22.0;76.0;76.0;11.0;17.0;3.0;0.7857;497.0;1.0;5.0;0.9779;0.2054;3.0;5.0;27.8235;11.0;2.176470588235294;0
org.gjt.sp.jedit.browser.VFSBrowser;60.0;5.0;0.0;65.0;217.0;1370.0;36.0;46.0;34.0;0.9362;1835.0;0.6176;8.0;0.9211;0.1294;3.0;12.0;29.0167;21.0;2.7666666666666666;1
org.gjt.sp.jedit.syntax.DummyTokenHandler;4.0;1.0;0.0;3.0;5.0;6.0;1.0;2.0;3.0;1.0;15.0;0.0;1.0;0.0;0.5333;0.0;0.0;2.5;1.0;1.0;0
bsh.EvalError;12.0;3.0;2.0;56.0;25.0;28.0;55.0;3.0;9.0;0.697;198.0;0.0;2.0;0.6071;0.3958;1.0;2.0;15.25;3.0;1.6666666666666667;5
org.gjt.sp.jedit.options.DockingOptionPane;5.0;6.0;0.0;3.0;29.0;8.0;1.0;3.0;3.0;0.625;109.0;1.0;1.0;0.9941;1.0;3.0;9.0;20.4;1.0;1.0;0
org.gjt.sp.jedit.options.BrowserColorsModel;13.0;2.0;0.0;5.0;35.0;6.0;3.0;2.0;9.0;0.3333;279.0;1.0;0.0;0.5714;0.5641;1.0;2.0;20.3846;4.0;2.0;0
org.gjt.sp.jedit.options.WindowTableModel;10.0;2.0;0.0;7.0;24.0;15.0;3.0;6.0;9.0;0.4444;142.0;1.0;0.0;0.64;0.5333;1.0;2.0;13.1;4.0;2.5;0
bsh.Interpreter;57.0;1.0;0.0;70.0;162.0;1284.0;56.0;23.0;45.0;0.7914;1825.0;0.2105;5.0;0.0;0.1187;0.0;0.0;30.6842;26.0;1.736842105263158;0
org.gjt.sp.jedit.gui.TextAreaDialog;7.0;7.0;1.0;7.0;41.0;21.0;3.0;5.0;6.0;2.0;220.0;0.0;0.0;0.9957;0.5;2.0;2.0;30.4286;1.0;1.0;0
org.gjt.sp.jedit.JARClassLoader;14.0;2.0;0.0;9.0;55.0;0.0;7.0;3.0;8.0;0.7179;486.0;1.0;1.0;0.859;0.3846;1.0;6.0;33.2857;4.0;1.9285714285714286;1
org.gjt.sp.jedit.options.EditingOptionPane;14.0;6.0;0.0;10.0;56.0;35.0;2.0;10.0;1.0;0.5385;708.0;1.0;3.0;0.9812;0.5;1.0;3.0;48.2143;3.0;1.4285714285714286;0
org.gjt.sp.jedit.gui.GrabKeyDialog;23.0;6.0;0.0;9.0;76.0;217.0;5.0;7.0;7.0;0.8318;545.0;1.0;3.0;0.9705;0.166;3.0;4.0;22.2609;6.0;1.9565217391304348;0
org.gjt.sp.jedit.GUIUtilities;57.0;1.0;0.0;121.0;173.0;1584.0;107.0;20.0;52.0;0.9524;1834.0;0.4444;1.0;0.0;0.0977;0.0;0.0;31.0175;16.0;2.8421052631578947;4
bsh.ReflectManager;4.0;1.0;1.0;4.0;5.0;6.0;3.0;1.0;4.0;0.6667;14.0;1.0;1.0;0.0;0.5;0.0;0.0;2.25;1.0;1.0;1
org.gjt.sp.jedit.gui.KeyEventWorkaround;3.0;1.0;0.0;7.0;12.0;1.0;6.0;1.0;3.0;1.1667;261.0;0.6667;0.0;0.0;0.3333;0.0;0.0;84.0;85.0;29.0;1
org.gjt.sp.jedit.EditPane;24.0;5.0;0.0;39.0;152.0;110.0;26.0;23.0;15.0;0.6522;894.0;1.0;5.0;0.968;0.2029;1.0;3.0;35.9583;29.0;3.2916666666666665;0
org.gjt.sp.jedit.options.SyntaxHiliteOptionPane;8.0;6.0;0.0;5.0;31.0;20.0;3.0;4.0;1.0;0.7619;121.0;0.6667;1.0;0.9912;0.5;3.0;9.0;13.75;1.0;1.0;0
org.gjt.sp.jedit.gui.FilesChangedDialog;15.0;7.0;0.0;8.0;87.0;71.0;4.0;8.0;3.0;0.7768;726.0;1.0;1.0;0.9803;0.24;0.0;0.0;46.8667;13.0;2.933333333333333;0
org.gjt.sp.jedit.search.CurrentBufferSet;6.0;1.0;0.0;6.0;9.0;15.0;4.0;3.0;6.0;2.0;34.0;0.0;0.0;0.0;0.6111;0.0;0.0;4.6667;2.0;1.1666666666666667;0
bsh.BSHEnhancedForStatement;2.0;2.0;0.0;15.0;24.0;1.0;1.0;14.0;1.0;1.0;177.0;0.0;0.0;0.9444;0.625;1.0;1.0;87.0;4.0;2.5;0
org.gjt.sp.jedit.search.SearchBar;20.0;5.0;0.0;18.0;84.0;118.0;5.0;18.0;5.0;0.8211;499.0;1.0;3.0;0.9722;0.33;3.0;5.0;23.45;12.0;1.7;1
org.gjt.sp.jedit.PerspectiveManager;5.0;1.0;0.0;13.0;41.0;8.0;5.0;10.0;5.0;0.75;524.0;1.0;0.0;0.0;0.4;0.0;0.0;103.6;14.0;4.0;2
org.gjt.sp.jedit.gui.AboutDialog;3.0;7.0;0.0;5.0;27.0;3.0;1.0;5.0;3.0;1.0;111.0;1.0;0.0;0.9971;0.6667;0.0;0.0;35.6667;1.0;1.0;0
bsh.ClassIdentifier;3.0;1.0;0.0;3.0;4.0;3.0;3.0;0.0;3.0;1.5;11.0;0.0;0.0;0.0;0.6667;0.0;0.0;2.3333;1.0;1.0;3
org.gjt.sp.jedit.gui.AnimatedIcon;13.0;2.0;0.0;1.0;20.0;30.0;1.0;1.0;9.0;0.8056;115.0;1.0;0.0;0.6129;0.2692;0.0;0.0;7.3846;2.0;1.1538461538461537;0
org.gjt.sp.jedit.buffer.KillRing;8.0;1.0;0.0;10.0;51.0;6.0;3.0;9.0;4.0;0.5714;587.0;0.25;1.0;0.0;0.1667;0.0;0.0;71.875;10.0;4.625;2
org.gjt.sp.jedit.BeanShell;26.0;1.0;0.0;37.0;92.0;229.0;13.0;26.0;18.0;0.88;929.0;1.0;3.0;0.0;0.216;0.0;0.0;34.5;6.0;1.4615384615384615;0
gnu.regexp.RETokenLookAhead;3.0;2.0;0.0;5.0;11.0;0.0;1.0;4.0;0.0;0.0;87.0;0.0;1.0;0.7778;0.4444;1.0;3.0;27.3333;7.0;3.3333333333333335;0
org.gjt.sp.jedit.menu.FavoritesProvider;3.0;1.0;0.0;12.0;18.0;3.0;2.0;12.0;3.0;2.0;89.0;0.0;0.0;0.0;0.6667;0.0;0.0;28.6667;4.0;2.0;0
org.gjt.sp.jedit.syntax.SyntaxUtilities;2.0;1.0;0.0;2.0;4.0;1.0;2.0;0.0;2.0;2.0;55.0;0.0;0.0;0.0;0.5;0.0;0.0;26.5;5.0;3.0;0
gnu.regexp.RESyntax;9.0;1.0;0.0;6.0;18.0;0.0;6.0;1.0;8.0;1.0156;368.0;0.1042;17.0;0.0;0.4063;0.0;0.0;34.5556;2.0;1.3333333333333333;0
bsh.BSHTypedVariableDeclaration;6.0;2.0;0.0;14.0;16.0;15.0;3.0;11.0;2.0;1.0;113.0;0.0;1.0;0.7727;0.4667;0.0;0.0;17.6667;2.0;1.1666666666666667;1
org.gjt.sp.jedit.textarea.StructureMatcher;2.0;1.0;0.0;4.0;2.0;1.0;4.0;2.0;2.0;2.0;2.0;0.0;0.0;0.0;1.0;0.0;0.0;0.0;1.0;1.0;0
org.gjt.sp.jedit.EditAction;13.0;1.0;5.0;26.0;20.0;48.0;24.0;3.0;13.0;0.5833;71.0;1.0;0.0;0.0;0.3077;0.0;0.0;4.3846;1.0;1.0;0
org.gjt.sp.jedit.menu.DirectoryProvider;3.0;1.0;0.0;13.0;34.0;1.0;2.0;13.0;3.0;0.5;227.0;1.0;0.0;0.0;0.5556;0.0;0.0;74.3333;18.0;6.666666666666667;0
bsh.ReturnControl;1.0;1.0;0.0;12.0;2.0;0.0;10.0;2.0;1.0;2.0;7.0;0.0;1.0;0.0;1.0;0.0;0.0;3.0;1.0;1.0;3
org.gjt.sp.jedit.EditServer;8.0;2.0;0.0;9.0;56.0;12.0;3.0;8.0;4.0;0.7714;386.0;1.0;0.0;0.8986;0.3125;0.0;0.0;46.625;15.0;3.125;0
bsh.ParserConstants;1.0;1.0;0.0;13.0;1.0;0.0;13.0;0.0;0.0;2.0;672.0;0.0;0.0;0.0;0.0;0.0;0.0;540.0;1.0;1.0;0
gnu.regexp.RETokenEnd;3.0;2.0;0.0;4.0;9.0;1.0;1.0;3.0;0.0;0.5;71.0;1.0;0.0;0.7778;0.4444;1.0;2.0;22.3333;6.0;2.6666666666666665;0
org.gjt.sp.jedit.options.FirewallOptionPane;12.0;6.0;0.0;3.0;31.0;28.0;1.0;3.0;3.0;0.8182;269.0;1.0;0.0;0.9841;0.5;2.0;4.0;20.6667;1.0;1.0;0
bsh.ClassGeneratorUtil;22.0;1.0;0.0;34.0;116.0;219.0;1.0;33.0;6.0;0.9624;1984.0;0.0;5.0;0.0;0.1616;0.0;0.0;88.3182;18.0;5.590909090909091;0
org.gjt.sp.jedit.View;64.0;6.0;0.0;154.0;271.0;1652.0;134.0;46.0;46.0;0.9593;2220.0;0.4872;10.0;0.9161;0.0773;2.0;11.0;33.0781;36.0;3.15625;10
org.gjt.sp.jedit.io.VFS;35.0;1.0;4.0;40.0;84.0;499.0;32.0;15.0;30.0;0.9792;700.0;0.2941;0.0;0.0;0.2262;0.0;0.0;18.5143;7.0;1.6285714285714286;3
gnu.regexp.RETokenWordBoundary;3.0;2.0;0.0;4.0;8.0;0.0;1.0;3.0;0.0;0.75;151.0;0.5;0.0;0.7778;0.4444;1.0;2.0;48.0;18.0;7.666666666666667;0
bsh.collection.CollectionIterator;4.0;1.0;0.0;2.0;11.0;6.0;1.0;1.0;3.0;1.3333;31.0;1.0;0.0;0.0;0.75;0.0;0.0;6.5;3.0;1.5;6
org.gjt.sp.jedit.buffer.LineManager;21.0;1.0;0.0;8.0;32.0;18.0;4.0;4.0;19.0;0.825;841.0;1.0;1.0;0.0;0.381;0.0;0.0;38.4762;17.0;3.3333333333333335;0
org.gjt.sp.jedit.buffer.PositionManager;5.0;1.0;0.0;4.0;17.0;0.0;4.0;2.0;4.0;0.375;130.0;0.5;0.0;0.0;0.5333;0.0;0.0;24.6;4.0;2.2;0
org.gjt.sp.jedit.browser.VFSFileNameField;8.0;7.0;0.0;15.0;57.0;8.0;4.0;12.0;3.0;0.2857;429.0;1.0;1.0;0.9916;0.3;5.0;11.0;52.5;36.0;6.25;0
bsh.JJTParserState;12.0;1.0;0.0;3.0;25.0;0.0;2.0;1.0;0.0;0.4364;218.0;1.0;0.0;0.0;0.3958;0.0;0.0;16.75;3.0;1.4166666666666667;0
bsh.StringUtil;6.0;1.0;0.0;5.0;23.0;15.0;5.0;1.0;6.0;2.0;170.0;0.0;0.0;0.0;0.2333;0.0;0.0;27.3333;5.0;2.5;11
org.gjt.sp.jedit.options.Abbrev;2.0;1.0;0.0;2.0;3.0;1.0;2.0;0.0;0.0;1.0;16.0;0.0;0.0;0.0;0.75;0.0;0.0;6.0;1.0;1.0;0
bsh.Name;20.0;1.0;0.0;23.0;79.0;102.0;7.0;19.0;8.0;0.7719;1578.0;0.5556;1.0;0.0;0.2526;0.0;0.0;77.45;5.0;1.9;0
org.gjt.sp.jedit.OptionPane;4.0;1.0;0.0;5.0;4.0;6.0;5.0;0.0;4.0;2.0;4.0;0.0;0.0;0.0;1.0;0.0;0.0;0.0;1.0;1.0;0
org.gjt.sp.util.WorkRequest;5.0;1.0;5.0;6.0;11.0;10.0;5.0;1.0;5.0;2.0;48.0;0.0;0.0;0.0;0.45;0.0;0.0;8.6;2.0;1.8;0
gnu.regexp.REFilterReader;5.0;3.0;0.0;4.0;18.0;8.0;0.0;4.0;5.0;0.375;176.0;1.0;2.0;0.8182;0.3667;2.0;3.0;33.0;7.0;2.8;0
org.gjt.sp.jedit.menu.PluginsProvider;4.0;1.0;0.0;6.0;37.0;6.0;0.0;6.0;3.0;2.0;326.0;0.0;0.0;0.0;0.4375;0.0;0.0;80.5;19.0;6.0;0
com.microstar.xml.XmlHandler;13.0;1.0;0.0;13.0;13.0;78.0;13.0;0.0;13.0;2.0;13.0;0.0;0.0;0.0;0.4308;0.0;0.0;0.0;1.0;1.0;0
bsh.BSHClassDeclaration;3.0;2.0;0.0;12.0;16.0;1.0;3.0;10.0;2.0;1.0833;109.0;0.0;1.0;0.8947;0.5;1.0;2.0;33.3333;1.0;1.0;2
org.gjt.sp.jedit.syntax.ParserRule;11.0;1.0;0.0;7.0;22.0;43.0;4.0;4.0;9.0;0.7519;364.0;0.0;4.0;0.0;0.5333;0.0;0.0;29.6364;5.0;1.8181818181818181;1
org.gjt.sp.jedit.browser.BrowserListener;2.0;1.0;0.0;4.0;2.0;1.0;3.0;2.0;2.0;2.0;2.0;0.0;0.0;0.0;1.0;0.0;0.0;0.0;1.0;1.0;0
org.gjt.sp.jedit.pluginmgr.ManagePanel;8.0;5.0;0.0;11.0;54.0;12.0;10.0;8.0;2.0;0.75;281.0;1.0;2.0;0.9896;0.3125;0.0;0.0;33.625;1.0;1.0;1
bsh.Primitive;45.0;1.0;0.0;44.0;85.0;824.0;39.0;7.0;29.0;0.7091;1876.0;0.2;2.0;0.0;0.0897;1.0;1.0;40.5778;14.0;2.933333333333333;14
org.gjt.sp.jedit.options.ShortcutsOptionPane;12.0;6.0;0.0;12.0;62.0;38.0;4.0;12.0;1.0;0.8;334.0;1.0;1.0;0.9841;0.25;4.0;9.0;26.4167;4.0;1.75;1
bsh.Reflect;32.0;1.0;0.0;25.0;117.0;496.0;16.0;17.0;14.0;2.0;1520.0;0.0;0.0;0.0;0.168;0.0;0.0;46.5;7.0;1.5625;1
org.gjt.sp.jedit.buffer.ContentManager;11.0;1.0;0.0;2.0;17.0;0.0;2.0;0.0;8.0;0.25;383.0;1.0;0.0;0.0;0.4364;0.0;0.0;33.4545;4.0;1.9090909090909092;0
org.gjt.sp.util.WorkThreadPool;20.0;1.0;0.0;15.0;45.0;62.0;14.0;5.0;9.0;0.8459;603.0;0.7857;5.0;0.0;0.1722;0.0;0.0;28.45;14.0;3.1;0
org.gjt.sp.jedit.gui.CompleteWord;18.0;5.0;0.0;17.0;98.0;123.0;4.0;17.0;3.0;0.7843;640.0;1.0;3.0;0.9744;0.1944;3.0;4.0;34.2222;15.0;2.8333333333333335;0
org.gjt.sp.jedit.gui.EnhancedDialog;5.0;6.0;18.0;21.0;16.0;10.0;21.0;3.0;4.0;0.5;56.0;1.0;1.0;0.9957;0.44;0.0;0.0;10.0;1.0;1.0;0
org.gjt.sp.jedit.options.ContextOptionPane;11.0;6.0;0.0;8.0;53.0;25.0;2.0;8.0;1.0;0.7167;349.0;1.0;0.0;0.9855;0.5;3.0;5.0;30.1818;6.0;2.0;0
org.gjt.sp.jedit.io.UrlVFS;4.0;2.0;0.0;4.0;17.0;6.0;2.0;3.0;4.0;2.0;86.0;0.0;0.0;0.9118;0.6;0.0;0.0;20.5;2.0;1.25;0
org.gjt.sp.jedit.msg.PropertiesChanged;1.0;2.0;0.0;12.0;2.0;0.0;10.0;2.0;1.0;2.0;5.0;0.0;0.0;1.0;1.0;0.0;0.0;4.0;1.0;1.0;0
org.gjt.sp.jedit.AbstractOptionPane;15.0;5.0;21.0;24.0;33.0;71.0;22.0;2.0;13.0;0.6964;437.0;1.0;0.0;0.9794;0.4667;0.0;0.0;27.8667;2.0;1.2;0
org.gjt.sp.jedit.Abbrevs;18.0;1.0;0.0;13.0;95.0;43.0;4.0;11.0;9.0;0.7132;709.0;0.875;0.0;0.0;0.1111;0.0;0.0;37.9444;14.0;2.6666666666666665;0
bsh.BSHPrimitiveType;2.0;2.0;0.0;4.0;3.0;1.0;3.0;1.0;1.0;1.0;10.0;0.0;0.0;0.9444;0.75;0.0;0.0;3.5;1.0;1.0;0
bsh.JavaCharStream;31.0;1.0;0.0;3.0;44.0;139.0;3.0;0.0;25.0;0.4706;1283.0;0.7059;0.0;0.0;0.3011;0.0;0.0;39.8387;7.0;1.6451612903225807;5
gnu.regexp.UncheckedRE;3.0;3.0;0.0;3.0;7.0;3.0;0.0;3.0;3.0;2.0;33.0;0.0;0.0;1.0;0.75;0.0;0.0;10.0;1.0;1.0;0
org.gjt.sp.jedit.gui.FloatingWindowContainer;13.0;6.0;0.0;9.0;38.0;62.0;5.0;8.0;9.0;0.8125;177.0;1.0;2.0;0.9829;0.3077;3.0;3.0;12.3077;2.0;1.0769230769230769;2
org.gjt.sp.jedit.search.BufferListSet;8.0;1.0;2.0;8.0;14.0;8.0;2.0;6.0;7.0;0.4286;175.0;1.0;0.0;0.0;0.4375;0.0;0.0;20.75;11.0;3.25;0
org.gjt.sp.jedit.syntax.DefaultTokenHandler;9.0;1.0;2.0;8.0;12.0;28.0;4.0;4.0;6.0;0.75;91.0;1.0;3.0;0.0;0.3704;0.0;0.0;8.7778;3.0;1.4444444444444444;0
org.gjt.sp.jedit.gui.FontSelector;8.0;6.0;0.0;9.0;25.0;16.0;8.0;2.0;5.0;0.2857;105.0;1.0;0.0;0.9923;0.35;1.0;2.0;12.0;2.0;1.25;0
org.gjt.sp.jedit.menu.RecentDirectoriesProvider;3.0;1.0;0.0;11.0;29.0;3.0;2.0;11.0;3.0;2.0;157.0;0.0;0.0;0.0;0.6667;0.0;0.0;51.3333;10.0;4.0;0
bsh.ParserTreeConstants;1.0;1.0;0.0;2.0;1.0;0.0;2.0;0.0;0.0;2.0;43.0;0.0;0.0;0.0;0.0;0.0;0.0;3.0;1.0;1.0;1
org.gjt.sp.jedit.syntax.Token;5.0;1.0;1.0;10.0;12.0;6.0;9.0;1.0;4.0;1.1667;164.0;0.0;2.0;0.0;0.35;0.0;0.0;26.4;1.0;1.0;1
org.gjt.sp.jedit.search.SearchAndReplace;42.0;1.0;0.0;42.0;147.0;541.0;11.0;35.0;30.0;0.7672;1719.0;1.0;4.0;0.0;0.0994;0.0;0.0;39.6667;26.0;2.857142857142857;3
org.gjt.sp.jedit.textarea.TextAreaPainter;51.0;4.0;0.0;25.0;131.0;927.0;18.0;15.0;48.0;0.9717;923.0;0.1389;5.0;0.9294;0.1307;3.0;16.0;16.3922;7.0;1.6274509803921569;1
org.gjt.sp.jedit.gui.KeyEventTranslator;9.0;1.0;0.0;8.0;44.0;24.0;3.0;5.0;8.0;0.45;535.0;0.2;0.0;0.0;0.1667;0.0;0.0;57.8889;25.0;7.444444444444445;0
bsh.UtilEvalError;4.0;3.0;3.0;46.0;11.0;6.0;43.0;3.0;3.0;2.0;41.0;0.0;0.0;0.8947;0.625;0.0;0.0;9.25;1.0;1.0;3
gnu.regexp.CharIndexedStringBuffer;4.0;1.0;0.0;2.0;7.0;0.0;1.0;1.0;3.0;0.0;59.0;1.0;0.0;0.0;0.6667;0.0;0.0;13.25;3.0;2.0;0
org.gjt.sp.jedit.options.BrowserColorsOptionPane;13.0;6.0;0.0;9.0;56.0;44.0;3.0;9.0;1.0;0.7639;316.0;1.0;1.0;0.9826;0.3846;4.0;9.0;22.8462;5.0;1.3076923076923077;0
org.gjt.sp.jedit.EditBus;6.0;1.0;0.0;30.0;21.0;3.0;26.0;4.0;4.0;0.3;143.0;1.0;1.0;0.0;0.2667;0.0;0.0;22.5;3.0;1.5;0
org.gjt.sp.jedit.syntax.SyntaxStyle;6.0;1.0;0.0;14.0;7.0;7.0;14.0;0.0;6.0;0.8;38.0;1.0;0.0;0.0;0.375;0.0;0.0;4.6667;1.0;1.0;0
gnu.regexp.RE;47.0;2.0;1.0;41.0;109.0;1019.0;19.0;25.0;26.0;0.9465;2549.0;0.4615;2.0;0.1489;0.2301;1.0;3.0;52.9574;11.0;1.9148936170212767;0
org.gjt.sp.jedit.options.GutterOptionPane;3.0;6.0;0.0;4.0;30.0;1.0;0.0;4.0;3.0;0.5;335.0;1.0;10.0;0.9971;1.0;2.0;4.0;105.6667;1.0;1.0;0
org.gjt.sp.jedit.msg.EditorExiting;1.0;2.0;0.0;3.0;2.0;0.0;1.0;2.0;1.0;2.0;5.0;0.0;0.0;1.0;1.0;0.0;0.0;4.0;1.0;1.0;0
org.gjt.sp.jedit.ServiceManager;10.0;1.0;0.0;11.0;50.0;0.0;5.0;8.0;8.0;0.2222;287.0;1.0;0.0;0.0;0.2037;0.0;0.0;27.6;3.0;1.6;0
gnu.regexp.RETokenPOSIX;6.0;2.0;0.0;4.0;23.0;3.0;1.0;3.0;0.0;1.0625;283.0;0.0;0.0;0.6364;0.2857;1.0;2.0;43.5;24.0;5.333333333333333;0
gnu.regexp.REFilterInputStream;5.0;3.0;0.0;4.0;18.0;8.0;0.0;4.0;5.0;0.375;176.0;1.0;2.0;0.8182;0.3667;2.0;3.0;33.0;7.0;2.8;0
org.objectweb.asm.ClassVisitor;5.0;1.0;0.0;2.0;5.0;10.0;1.0;1.0;5.0;2.0;5.0;0.0;0.0;0.0;0.64;0.0;0.0;0.0;1.0;1.0;0
org.gjt.sp.jedit.gui.RolloverButton;9.0;6.0;1.0;17.0;34.0;26.0;15.0;3.0;8.0;0.7083;142.0;1.0;0.0;0.9923;0.375;3.0;15.0;14.4444;3.0;1.7777777777777777;0
org.gjt.sp.jedit.msg.SearchSettingsChanged;1.0;2.0;0.0;5.0;2.0;0.0;3.0;2.0;1.0;2.0;5.0;0.0;0.0;1.0;1.0;0.0;0.0;4.0;1.0;1.0;0
org.gjt.sp.jedit.BeanShellAction;7.0;2.0;0.0;12.0;23.0;5.0;2.0;10.0;7.0;0.8333;206.0;1.0;2.0;0.6667;0.3143;1.0;1.0;27.2857;3.0;1.5714285714285714;0
bsh.NameSpace;74.0;1.0;1.0;53.0;147.0;2353.0;41.0;20.0;48.0;0.9139;1785.0;0.6667;5.0;0.0;0.107;0.0;0.0;22.8378;6.0;1.7162162162162162;1
bsh.BshMethod;15.0;1.0;1.0;28.0;47.0;69.0;12.0;19.0;10.0;0.6357;523.0;0.7;3.0;0.0;0.1958;0.0;0.0;33.2;3.0;1.2;0
org.gjt.sp.jedit.ServiceListHandler;12.0;2.0;0.0;5.0;34.0;42.0;1.0;5.0;8.0;0.8182;189.0;1.0;1.0;0.5417;0.2738;1.0;4.0;14.1667;4.0;1.6666666666666667;0
org.gjt.sp.jedit.jEdit;129.0;1.0;0.0;258.0;451.0;7442.0;223.0;79.0;91.0;0.9291;5173.0;1.0;10.0;0.0;0.0516;0.0;0.0;38.8837;59.0;3.565891472868217;6
org.gjt.sp.jedit.msg.EditorStarted;1.0;2.0;0.0;3.0;2.0;0.0;1.0;2.0;1.0;2.0;5.0;0.0;0.0;1.0;1.0;0.0;0.0;4.0;1.0;1.0;0
bsh.BSHVariableDeclarator;3.0;2.0;0.0;10.0;11.0;3.0;3.0;7.0;2.0;1.0;46.0;0.0;0.0;0.8947;0.4667;1.0;3.0;14.0;1.0;1.0;3
bsh.BSHAmbiguousName;8.0;2.0;0.0;20.0;21.0;26.0;11.0;9.0;6.0;0.4286;89.0;0.0;0.0;0.7083;0.4375;1.0;1.0;10.0;1.0;1.0;0
org.gjt.sp.util.WorkThreadProgressListener;2.0;1.0;0.0;6.0;2.0;1.0;6.0;1.0;2.0;2.0;2.0;0.0;0.0;0.0;1.0;0.0;0.0;0.0;1.0;1.0;0
org.gjt.sp.jedit.io.FileRootsVFS;10.0;2.0;0.0;5.0;30.0;31.0;1.0;5.0;4.0;0.873;239.0;0.8571;0.0;0.775;0.275;0.0;0.0;22.2;6.0;1.8;0
org.objectweb.asm.Edge;1.0;1.0;0.0;2.0;2.0;0.0;2.0;1.0;0.0;2.0;8.0;0.0;3.0;0.0;1.0;0.0;0.0;3.0;1.0;1.0;0
org.gjt.sp.jedit.syntax.ParserRuleSet;31.0;1.0;0.0;11.0;47.0;377.0;9.0;3.0;30.0;0.9228;382.0;1.0;6.0;0.0;0.1303;0.0;0.0;10.7097;5.0;1.3225806451612903;0
org.gjt.sp.jedit.search.HyperSearchRequest;9.0;2.0;0.0;20.0;52.0;16.0;4.0;20.0;2.0;0.7708;398.0;1.0;4.0;0.3333;0.2469;0.0;0.0;42.5556;7.0;2.3333333333333335;6
org.gjt.sp.jedit.buffer.LineElement;11.0;1.0;0.0;2.0;14.0;49.0;2.0;1.0;11.0;0.8;50.0;1.0;1.0;0.0;0.4545;0.0;0.0;3.3636;1.0;1.0;0
org.gjt.sp.jedit.msg.BufferUpdate;6.0;2.0;0.0;9.0;14.0;5.0;8.0;3.0;5.0;0.9333;86.0;0.1667;1.0;0.5556;0.4;1.0;1.0;11.3333;2.0;1.1666666666666667;0
org.gjt.sp.jedit.search.SearchFileSet;5.0;1.0;0.0;9.0;5.0;10.0;9.0;1.0;5.0;2.0;5.0;0.0;0.0;0.0;0.6667;0.0;0.0;0.0;1.0;1.0;0
bsh.CommandLineReader;4.0;3.0;0.0;1.0;8.0;4.0;1.0;0.0;4.0;1.0;75.0;0.0;0.0;0.8571;0.35;2.0;2.0;16.75;1.0;1.0;8
bsh.TokenMgrError;6.0;3.0;0.0;2.0;21.0;15.0;2.0;0.0;4.0;1.12;161.0;0.0;0.0;0.85;0.5;1.0;1.0;25.0;14.0;3.3333333333333335;11
bsh.BshIterator;2.0;1.0;0.0;5.0;2.0;1.0;5.0;0.0;2.0;2.0;2.0;0.0;0.0;0.0;1.0;0.0;0.0;0.0;1.0;1.0;0
org.gjt.sp.jedit.syntax.Chunk;10.0;2.0;0.0;11.0;38.0;0.0;7.0;4.0;10.0;0.6566;611.0;0.0909;1.0;0.2727;0.2667;0.0;0.0;59.0;12.0;5.4;1
org.gjt.sp.jedit.PluginJAR;31.0;1.0;1.0;40.0;157.0;207.0;27.0;26.0;17.0;0.78;1907.0;1.0;4.0;0.0;0.2323;0.0;0.0;60.0323;18.0;3.2903225806451615;2
org.gjt.sp.jedit.BufferHistory;14.0;1.0;0.0;16.0;81.0;33.0;4.0;15.0;7.0;0.6923;630.0;1.0;0.0;0.0;0.1538;0.0;0.0;43.7857;9.0;2.857142857142857;0
org.gjt.sp.jedit.menu.RecentFilesProvider;3.0;1.0;0.0;12.0;31.0;3.0;2.0;12.0;3.0;2.0;153.0;0.0;0.0;0.0;0.6667;0.0;0.0;50.0;10.0;4.0;0
org.gjt.sp.jedit.pluginmgr.MirrorList;3.0;1.0;0.0;7.0;19.0;0.0;3.0;6.0;1.0;0.0;91.0;0.0;0.0;0.0;0.6667;0.0;0.0;29.0;1.0;1.0;0
bsh.Token;3.0;1.0;0.0;4.0;4.0;3.0;4.0;0.0;3.0;1.5;20.0;0.0;2.0;0.0;0.5;0.0;0.0;3.0;2.0;1.3333333333333333;2
org.gjt.sp.jedit.textarea.MouseActions;2.0;1.0;0.0;3.0;8.0;0.0;1.0;2.0;0.0;0.0;51.0;1.0;0.0;0.0;0.8333;0.0;0.0;24.0;2.0;1.5;0
bsh.BSHReturnStatement;2.0;2.0;0.0;9.0;7.0;1.0;1.0;8.0;1.0;1.0;30.0;0.0;0.0;0.9444;0.625;1.0;1.0;13.5;1.0;1.0;1
org.gjt.sp.jedit.gui.DockableWindowManager;40.0;5.0;0.0;41.0;139.0;520.0;28.0;29.0;28.0;0.8958;1644.0;0.5625;5.0;0.9459;0.1011;3.0;12.0;39.7;11.0;2.675;3
org.gjt.sp.jedit.options.ViewOptionPane;10.0;6.0;0.0;4.0;34.0;21.0;1.0;4.0;1.0;0.8485;313.0;1.0;0.0;0.9869;0.5;3.0;5.0;29.2;5.0;1.7;0
org.gjt.sp.jedit.gui.AbbrevEditor;8.0;5.0;0.0;5.0;33.0;0.0;4.0;1.0;8.0;0.5714;419.0;1.0;0.0;0.9896;0.625;0.0;0.0;51.0;12.0;3.5;0
gnu.regexp.CharIndexedCharArray;4.0;1.0;0.0;2.0;5.0;0.0;1.0;1.0;3.0;0.3333;53.0;1.0;0.0;0.0;0.6667;0.0;0.0;11.75;3.0;2.0;4
org.gjt.sp.jedit.gui.EnhancedButton;3.0;7.0;0.0;5.0;10.0;1.0;2.0;4.0;2.0;0.5;41.0;1.0;0.0;0.9974;0.4;1.0;2.0;12.3333;2.0;1.3333333333333333;0
org.gjt.sp.jedit.pluginmgr.InstallPanel;9.0;5.0;0.0;14.0;69.0;20.0;12.0;12.0;1.0;0.825;331.0;1.0;3.0;0.9881;0.2889;0.0;0.0;35.2222;2.0;1.1111111111111112;0
org.gjt.sp.jedit.print.BufferPrinter1_3;5.0;1.0;0.0;4.0;33.0;0.0;0.0;4.0;4.0;0.375;161.0;1.0;0.0;0.0;0.25;0.0;0.0;30.8;3.0;1.8;0
org.gjt.sp.jedit.print.BufferPrinter1_4;6.0;1.0;0.0;6.0;48.0;0.0;0.0;6.0;4.0;0.3;290.0;1.0;0.0;0.0;0.2;0.0;0.0;47.0;8.0;3.3333333333333335;0
org.gjt.sp.jedit.options.ToolBarOptionPane;13.0;6.0;0.0;10.0;71.0;42.0;2.0;10.0;1.0;0.7963;512.0;1.0;5.0;0.9826;0.5;3.0;5.0;37.6923;9.0;2.230769230769231;0
bsh.BSHAllocationExpression;11.0;2.0;0.0;22.0;57.0;53.0;1.0;21.0;1.0;0.8;455.0;1.0;0.0;0.6538;0.4091;1.0;1.0;40.2727;1.0;1.0;2
bsh.ReflectError;2.0;3.0;0.0;9.0;4.0;1.0;9.0;0.0;2.0;2.0;9.0;0.0;0.0;1.0;0.75;0.0;0.0;3.5;1.0;1.0;0
bsh.BSHMethodInvocation;4.0;2.0;0.0;15.0;22.0;6.0;2.0;13.0;1.0;2.0;119.0;0.0;0.0;0.85;0.4375;1.0;1.0;28.75;1.0;1.0;1
org.gjt.sp.jedit.menu.EnhancedMenu;8.0;7.0;0.0;12.0;41.0;22.0;2.0;11.0;7.0;0.5429;212.0;1.0;3.0;0.9943;0.4688;1.0;1.0;24.875;9.0;2.875;0
bsh.Modifiers;8.0;1.0;0.0;13.0;16.0;26.0;13.0;0.0;4.0;1.0357;110.0;0.0;0.0;0.0;0.5;0.0;0.0;12.25;3.0;1.375;8
org.gjt.sp.jedit.msg.PluginUpdate;6.0;2.0;0.0;7.0;15.0;5.0;6.0;2.0;5.0;0.8667;68.0;0.3333;0.0;0.5556;0.4;1.0;1.0;9.3333;2.0;1.1666666666666667;0
org.gjt.sp.jedit.browser.VFSFileChooserDialog;12.0;7.0;0.0;23.0;97.0;32.0;8.0;21.0;5.0;0.8052;569.0;1.0;3.0;0.9844;0.2639;2.0;2.0;45.8333;11.0;3.0;1
org.gjt.sp.jedit.print.BufferPrintable;8.0;1.0;0.0;13.0;70.0;2.0;3.0;11.0;2.0;0.7578;903.0;1.0;4.0;0.0;0.2967;0.0;0.0;109.0;14.0;3.375;0
org.objectweb.asm.ByteVector;11.0;1.0;0.0;3.0;17.0;0.0;3.0;0.0;10.0;0.1;514.0;0.0;0.0;0.0;0.4;0.0;0.0;45.5455;11.0;2.6363636363636362;0
org.gjt.sp.jedit.gui.EditAbbrevDialog;10.0;6.0;0.0;7.0;47.0;19.0;4.0;5.0;4.0;0.5926;254.0;1.0;1.0;0.9886;0.2714;2.0;2.0;23.8;4.0;1.5;0
bsh.BSHSwitchStatement;3.0;2.0;0.0;11.0;17.0;3.0;1.0;10.0;2.0;2.0;149.0;0.0;0.0;0.8947;0.5;1.0;1.0;48.6667;1.0;1.0;0
org.objectweb.asm.Item;8.0;1.0;0.0;2.0;11.0;0.0;2.0;0.0;0.0;0.6883;256.0;0.0;1.0;0.0;0.2656;0.0;0.0;29.625;12.0;3.0;0
org.gjt.sp.jedit.gui.OptionsDialog;17.0;7.0;2.0;15.0;119.0;100.0;5.0;12.0;10.0;0.7014;885.0;1.0;1.0;0.9789;0.1765;5.0;13.0;50.5294;16.0;3.1176470588235294;0
org.gjt.sp.jedit.io.FavoritesVFS;10.0;2.0;0.0;11.0;36.0;13.0;4.0;8.0;9.0;0.6944;292.0;0.75;1.0;0.7949;0.3778;1.0;1.0;27.8;4.0;1.9;0
org.gjt.sp.jedit.menu.EnhancedCheckBoxMenuItem;6.0;7.0;0.0;8.0;36.0;1.0;3.0;7.0;3.0;0.6667;219.0;1.0;1.0;0.9939;0.3;3.0;16.0;35.0;8.0;3.3333333333333335;0
org.objectweb.asm.Type;24.0;1.0;0.0;1.0;41.0;198.0;1.0;0.0;18.0;0.8243;749.0;0.1667;9.0;0.0;0.1498;0.0;0.0;29.2083;13.0;2.7083333333333335;0
org.gjt.sp.jedit.buffer.ExplicitFoldHandler;2.0;2.0;0.0;2.0;5.0;1.0;0.0;2.0;2.0;2.0;74.0;0.0;0.0;0.9091;0.625;0.0;0.0;36.0;9.0;5.0;0
org.gjt.sp.jedit.gui.ToolBarManager;5.0;1.0;0.0;2.0;17.0;4.0;1.0;1.0;3.0;0.5;137.0;1.0;0.0;0.0;0.5;0.0;0.0;25.6;3.0;2.2;0
org.gjt.sp.jedit.gui.DefaultFocusComponent;1.0;1.0;0.0;5.0;1.0;0.0;5.0;0.0;1.0;2.0;1.0;0.0;0.0;0.0;1.0;0.0;0.0;0.0;1.0;1.0;0
bsh.Variable;12.0;1.0;0.0;9.0;24.0;26.0;4.0;5.0;7.0;0.75;182.0;0.0;2.0;0.0;0.3333;0.0;0.0;13.5;3.0;1.1666666666666667;0
org.gjt.sp.jedit.EBPlugin;2.0;2.0;0.0;6.0;9.0;1.0;1.0;5.0;1.0;1.0;32.0;1.0;0.0;0.9;0.75;0.0;0.0;14.5;2.0;1.5;0
org.gjt.sp.jedit.gui.JCheckBoxList;10.0;5.0;0.0;5.0;42.0;43.0;2.0;5.0;9.0;0.6667;219.0;1.0;0.0;0.9908;0.375;1.0;2.0;20.8;4.0;1.8;1
org.gjt.sp.jedit.MiscUtilities;52.0;1.0;0.0;100.0;146.0;1324.0;96.0;8.0;49.0;0.9935;2185.0;0.0;0.0;0.0;0.0773;0.0;0.0;40.9615;22.0;4.730769230769231;3
bsh.Node;7.0;1.0;0.0;39.0;7.0;21.0;39.0;0.0;7.0;2.0;7.0;0.0;0.0;0.0;0.5238;0.0;0.0;0.0;1.0;1.0;0
org.gjt.sp.jedit.search.BoyerMooreSearchMatcher;6.0;2.0;0.0;4.0;12.0;0.0;1.0;3.0;3.0;0.6;343.0;1.0;0.0;0.1667;0.4667;0.0;0.0;55.0;11.0;5.333333333333333;0
bsh.BSHBinaryExpression;4.0;2.0;0.0;11.0;20.0;6.0;1.0;10.0;1.0;1.0;282.0;0.0;0.0;0.85;0.45;1.0;1.0;69.25;4.0;2.5;4
org.gjt.sp.jedit.options.StyleEditor;5.0;7.0;0.0;6.0;45.0;2.0;1.0;5.0;4.0;0.6111;368.0;1.0;2.0;0.9943;0.4;0.0;0.0;70.8;6.0;3.6;0
org.gjt.sp.jedit.Debug;2.0;1.0;0.0;19.0;4.0;1.0;18.0;1.0;1.0;1.0;72.0;0.0;0.0;0.0;1.0;0.0;0.0;24.0;1.0;1.0;0
org.gjt.sp.jedit.proto.jeditresource.PluginResURLConnection;4.0;2.0;0.0;5.0;25.0;0.0;1.0;4.0;4.0;0.3333;179.0;1.0;0.0;0.9508;0.5;1.0;7.0;43.0;8.0;2.75;0
bsh.BSHWhileStatement;2.0;2.0;0.0;10.0;7.0;1.0;1.0;9.0;1.0;1.0;79.0;0.0;0.0;0.9444;0.625;1.0;1.0;38.0;1.0;1.0;0
org.gjt.sp.jedit.options.BrowserOptionPane;3.0;6.0;0.0;2.0;17.0;1.0;0.0;2.0;3.0;0.5;303.0;1.0;0.0;0.9971;1.0;2.0;4.0;97.0;6.0;2.6666666666666665;0
bsh.InterpreterError;1.0;4.0;0.0;21.0;2.0;0.0;21.0;0.0;1.0;2.0;5.0;0.0;0.0;1.0;1.0;0.0;0.0;4.0;1.0;1.0;0
bsh.CollectionManager;7.0;1.0;1.0;5.0;10.0;21.0;4.0;1.0;7.0;1.1667;38.0;1.0;1.0;0.0;0.7857;0.0;0.0;4.2857;1.0;1.0;8
org.gjt.sp.jedit.gui.HistoryModel;11.0;2.0;0.0;13.0;57.0;9.0;11.0;3.0;11.0;0.75;407.0;1.0;0.0;0.4118;0.3636;0.0;0.0;35.2727;10.0;2.909090909090909;0
org.gjt.sp.jedit.Registers;18.0;1.0;0.0;20.0;86.0;105.0;7.0;15.0;15.0;0.6118;769.0;1.0;1.0;0.0;0.2549;0.0;0.0;41.4444;11.0;3.7222222222222223;1
bsh.BSHTernaryExpression;2.0;2.0;0.0;6.0;5.0;1.0;1.0;5.0;1.0;2.0;26.0;0.0;0.0;0.9444;0.625;1.0;1.0;12.0;1.0;1.0;4
bsh.ClassGenerator;5.0;1.0;1.0;13.0;6.0;10.0;4.0;9.0;5.0;1.0;11.0;1.0;1.0;0.0;0.2923;0.0;0.0;1.0;1.0;1.0;1
org.gjt.sp.jedit.msg.DockableWindowUpdate;5.0;2.0;0.0;5.0;12.0;0.0;3.0;3.0;4.0;0.8;60.0;0.4;0.0;0.625;0.4375;1.0;1.0;10.0;2.0;1.2;0
bsh.DelayedEvalBshMethod;5.0;2.0;0.0;12.0;13.0;0.0;2.0;10.0;4.0;0.6667;94.0;0.0;4.0;0.75;0.28;1.0;2.0;16.6;2.0;1.2;0
org.gjt.sp.jedit.gui.PasteFromListDialog;10.0;7.0;0.0;9.0;69.0;19.0;4.0;9.0;3.0;0.7111;375.0;1.0;1.0;0.9872;0.26;0.0;0.0;36.0;3.0;1.8;0
org.gjt.sp.jedit.search.DirectoryListSet;10.0;2.0;0.0;9.0;26.0;0.0;4.0;6.0;8.0;0.5185;143.0;1.0;0.0;0.4375;0.32;1.0;1.0;13.0;3.0;1.2;0
gnu.regexp.REMatchEnumeration;6.0;1.0;0.0;3.0;11.0;9.0;1.0;3.0;5.0;0.4889;135.0;1.0;3.0;0.0;0.3333;0.0;0.0;20.0;6.0;1.8333333333333333;0
bsh.BSHType;9.0;2.0;0.0;20.0;27.0;24.0;10.0;10.0;7.0;0.8438;282.0;0.75;0.0;0.68;0.2778;0.0;0.0;29.8889;12.0;3.0;2
bsh.XThis;4.0;2.0;0.0;4.0;17.0;4.0;1.0;4.0;3.0;0.5;94.0;0.0;0.0;0.7692;0.4;1.0;1.0;22.0;4.0;1.75;0
bsh.BSHArrayDimensions;5.0;2.0;0.0;10.0;19.0;8.0;2.0;8.0;4.0;0.75;164.0;0.0;0.0;0.8095;0.44;1.0;1.0;31.0;1.0;1.0;3
bsh.BSHLiteral;5.0;2.0;0.0;6.0;18.0;4.0;1.0;5.0;2.0;0.5;138.0;0.0;0.0;0.8095;0.3667;0.0;0.0;26.4;10.0;4.2;1
org.objectweb.asm.Label;4.0;1.0;0.0;5.0;8.0;2.0;4.0;3.0;1.0;1.0;239.0;0.2;3.0;0.0;0.5;0.0;0.0;56.25;6.0;3.5;0
org.gjt.sp.jedit.browser.FileCellRenderer;8.0;6.0;0.0;15.0;45.0;12.0;8.0;7.0;5.0;0.7262;339.0;0.25;1.0;0.9916;0.2429;2.0;4.0;39.875;9.0;3.375;0
org.gjt.sp.jedit.options.StyleTableModel;8.0;2.0;0.0;10.0;26.0;0.0;2.0;8.0;6.0;0.2857;153.0;1.0;0.0;0.6957;0.4063;1.0;2.0;18.0;4.0;2.125;0
org.gjt.sp.jedit.options.AbbrevsModel;11.0;2.0;0.0;8.0;31.0;0.0;4.0;5.0;7.0;0.55;178.0;0.0;0.0;0.6154;0.3636;1.0;2.0;15.0;4.0;2.1818181818181817;0
org.gjt.sp.jedit.options.TextAreaOptionPane;5.0;6.0;0.0;5.0;33.0;0.0;1.0;5.0;3.0;0.7237;431.0;1.0;10.0;0.9941;0.5;3.0;5.0;81.4;2.0;1.4;0
org.gjt.sp.jedit.browser.VFSDirectoryEntryTableModel;12.0;2.0;0.0;9.0;36.0;16.0;2.0;7.0;10.0;0.4545;399.0;0.5;1.0;0.5926;0.4167;1.0;1.0;32.0833;5.0;2.3333333333333335;1
org.gjt.sp.jedit.syntax.KeywordMap;12.0;1.0;0.0;7.0;28.0;16.0;6.0;2.0;10.0;0.5455;258.0;1.0;1.0;0.0;0.2708;0.0;0.0;20.1667;5.0;2.0;0
org.gjt.sp.jedit.gui.DefaultInputHandler;15.0;2.0;0.0;10.0;52.0;35.0;3.0;8.0;13.0;0.5714;490.0;1.0;0.0;0.6;0.1857;2.0;5.0;31.4667;14.0;3.7333333333333334;0
org.gjt.sp.jedit.PropertyManager;16.0;1.0;0.0;1.0;34.0;4.0;1.0;0.0;2.0;0.5167;259.0;1.0;0.0;0.0;0.3875;0.0;0.0;14.9375;5.0;1.625;0
bsh.ConsoleInterface;6.0;1.0;0.0;1.0;6.0;15.0;1.0;0.0;6.0;2.0;6.0;0.0;0.0;0.0;0.75;0.0;0.0;0.0;1.0;1.0;0
org.gjt.sp.jedit.textarea.JEditTextArea;258.0;4.0;0.0;83.0;521.0;16715.0;68.0;38.0;214.0;0.9193;9877.0;0.6885;10.0;0.7199;0.0722;3.0;21.0;37.0465;30.0;3.686046511627907;9
bsh.BSHBlock;4.0;2.0;0.0;21.0;12.0;0.0;11.0;11.0;2.0;0.0;170.0;0.0;0.0;0.85;0.5833;1.0;1.0;41.25;1.0;1.0;1
bsh.BSHFormalParameters;5.0;2.0;0.0;11.0;9.0;8.0;5.0;6.0;3.0;0.9375;95.0;0.25;0.0;0.8095;0.44;1.0;1.0;17.2;3.0;1.4;1
org.gjt.sp.jedit.EBComponent;1.0;1.0;0.0;35.0;1.0;0.0;35.0;1.0;1.0;2.0;1.0;0.0;0.0;0.0;1.0;0.0;0.0;0.0;1.0;1.0;0
org.gjt.sp.jedit.pluginmgr.PluginManager;20.0;6.0;0.0;21.0;65.0;146.0;13.0;16.0;7.0;0.8612;352.0;1.0;5.0;0.9731;0.1917;1.0;1.0;16.05;5.0;1.45;2
bsh.BSHPrimaryExpression;4.0;2.0;0.0;13.0;14.0;6.0;4.0;9.0;2.0;2.0;113.0;0.0;0.0;0.85;0.6;1.0;1.0;27.25;1.0;1.0;1
org.gjt.sp.jedit.Java14;5.0;1.0;0.0;16.0;31.0;10.0;1.0;16.0;4.0;2.0;105.0;0.0;0.0;0.0;0.2333;0.0;0.0;20.0;2.0;1.4;0
org.gjt.sp.jedit.EBMessage;7.0;1.0;13.0;42.0;16.0;9.0;42.0;1.0;7.0;0.3333;62.0;1.0;0.0;0.0;0.4286;0.0;0.0;7.7143;1.0;1.0;0
org.gjt.sp.jedit.options.AbbrevsOptionPane;16.0;6.0;0.0;14.0;95.0;80.0;4.0;14.0;1.0;0.7917;559.0;1.0;1.0;0.9784;0.3125;5.0;11.0;33.4375;5.0;1.6875;0
org.gjt.sp.jedit.gui.CloseDialog;14.0;7.0;0.0;7.0;55.0;67.0;3.0;7.0;4.0;0.8889;357.0;0.8889;1.0;0.9816;0.2857;0.0;0.0;23.8571;3.0;1.2857142857142858;0
org.gjt.sp.util.SegmentBuffer;4.0;2.0;0.0;2.0;6.0;0.0;2.0;0.0;3.0;2.0;83.0;0.0;0.0;0.8421;0.5625;1.0;11.0;19.75;3.0;1.5;0
org.gjt.sp.jedit.search.SearchDialog;39.0;7.0;0.0;30.0;173.0;511.0;9.0;28.0;8.0;0.8149;1973.0;0.9;5.0;0.9495;0.1729;3.0;4.0;48.8205;15.0;2.41025641025641;0
org.gjt.sp.jedit.textarea.DisplayManager;42.0;1.0;0.0;22.0;107.0;325.0;13.0;17.0;14.0;0.75;2088.0;0.625;6.0;0.0;0.2012;0.0;0.0;48.3333;23.0;4.333333333333333;2
org.gjt.sp.jedit.menu.DynamicMenuProvider;2.0;1.0;0.0;8.0;2.0;1.0;8.0;0.0;2.0;2.0;2.0;0.0;0.0;0.0;0.75;0.0;0.0;0.0;1.0;1.0;0
org.gjt.sp.jedit.msg.EditPaneUpdate;5.0;2.0;0.0;5.0;13.0;4.0;3.0;3.0;4.0;0.875;52.0;0.25;0.0;0.625;0.5;1.0;1.0;8.6;2.0;1.2;0
org.gjt.sp.jedit.help.HelpTOCPanel;12.0;5.0;0.0;19.0;68.0;36.0;6.0;18.0;0.0;0.6909;461.0;1.0;1.0;0.9837;0.3;0.0;0.0;37.0;6.0;1.6666666666666667;0
org.gjt.sp.jedit.search.AllBufferSet;4.0;2.0;0.0;7.0;20.0;0.0;1.0;6.0;3.0;0.0;80.0;1.0;0.0;0.7;0.5;1.0;1.0;18.75;3.0;1.5;1
org.gjt.sp.jedit.buffer.UndoManager;17.0;1.0;0.0;9.0;31.0;48.0;5.0;7.0;11.0;0.7102;507.0;1.0;8.0;0.0;0.2185;0.0;0.0;28.1765;8.0;2.8823529411764706;0
org.gjt.sp.jedit.menu.MacrosProvider;4.0;1.0;0.0;6.0;25.0;6.0;0.0;6.0;3.0;2.0;124.0;0.0;0.0;0.0;0.5;0.0;0.0;30.0;6.0;2.5;0
org.gjt.sp.jedit.gui.BufferSwitcher;4.0;5.0;0.0;7.0;17.0;0.0;5.0;5.0;2.0;0.5;61.0;1.0;1.0;0.9959;0.4167;0.0;0.0;13.75;2.0;1.25;0
org.gjt.sp.jedit.syntax.TokenHandler;2.0;1.0;0.0;8.0;2.0;1.0;7.0;1.0;2.0;2.0;2.0;0.0;0.0;0.0;0.7;0.0;0.0;0.0;1.0;1.0;0
bsh.ClassGeneratorImpl;8.0;2.0;0.0;28.0;64.0;28.0;0.0;28.0;6.0;2.0;439.0;0.0;0.0;0.3636;0.375;0.0;0.0;53.875;1.0;1.0;0
org.gjt.sp.jedit.pluginmgr.PluginManagerProgress;12.0;6.0;0.0;12.0;42.0;44.0;10.0;9.0;3.0;0.8831;211.0;1.0;1.0;0.9844;0.2361;0.0;0.0;16.0;2.0;1.1666666666666667;0
bsh.LHS;9.0;1.0;0.0;20.0;43.0;0.0;12.0;11.0;3.0;0.7981;466.0;0.0;1.0;0.0;0.3651;0.0;0.0;49.3333;4.0;1.6666666666666667;0
org.gjt.sp.jedit.buffer.BufferChangeAdapter;7.0;1.0;1.0;3.0;8.0;21.0;1.0;2.0;7.0;2.0;16.0;0.0;0.0;0.0;0.8095;0.0;0.0;1.2857;1.0;1.0;0
gnu.regexp.RETokenEndSub;3.0;2.0;0.0;4.0;5.0;3.0;1.0;3.0;0.0;2.0;20.0;0.0;0.0;0.7778;0.4667;1.0;2.0;5.6667;1.0;1.0;0
org.gjt.sp.jedit.gui.AddAbbrevDialog;5.0;6.0;0.0;7.0;34.0;2.0;3.0;6.0;1.0;0.8;203.0;1.0;2.0;0.9943;0.35;0.0;0.0;38.6;2.0;1.2;0
gnu.regexp.RETokenRange;4.0;2.0;0.0;4.0;9.0;0.0;1.0;3.0;0.0;0.4444;80.0;1.0;0.0;0.7;0.3571;1.0;2.0;18.25;5.0;2.5;0
bsh.BSHFormalParameter;4.0;2.0;0.0;9.0;9.0;4.0;3.0;6.0;2.0;1.0;48.0;0.0;0.0;0.8947;0.6;1.0;1.0;10.25;2.0;1.25;1
org.gjt.sp.jedit.options.ContextAddDialog;11.0;7.0;0.0;11.0;64.0;29.0;2.0;10.0;4.0;0.8143;397.0;1.0;0.0;0.9858;0.3636;0.0;0.0;34.4545;4.0;1.6363636363636365;0
org.gjt.sp.jedit.options.AppearanceOptionPane;5.0;6.0;0.0;7.0;46.0;4.0;1.0;7.0;1.0;0.5682;402.0;1.0;2.0;0.9941;0.5;2.0;4.0;77.2;6.0;2.8;0
com.microstar.xml.XmlParser;118.0;1.0;0.0;13.0;180.0;6075.0;12.0;1.0;27.0;0.9211;5209.0;0.7174;1.0;0.0;0.1381;0.0;0.0;42.3644;9.0;1.5847457627118644;0
bsh.BSHFormalComment;1.0;2.0;0.0;2.0;2.0;0.0;1.0;1.0;1.0;2.0;6.0;0.0;0.0;1.0;1.0;0.0;0.0;4.0;1.0;1.0;0
org.gjt.sp.jedit.io.VFSManager;25.0;1.0;0.0;53.0;77.0;192.0;45.0;16.0;19.0;0.8826;395.0;0.9091;3.0;0.0;0.1071;0.0;0.0;14.36;8.0;1.72;0
bsh.commands.dir;5.0;1.0;0.0;3.0;35.0;8.0;0.0;3.0;4.0;0.75;247.0;0.0;0.0;0.0;0.375;0.0;0.0;48.2;11.0;3.0;2
org.gjt.sp.util.ReadWriteLock;9.0;1.0;0.0;2.0;17.0;2.0;1.0;1.0;6.0;0.6786;234.0;1.0;0.0;0.0;1.0;0.0;0.0;24.2222;5.0;3.0;0
bsh.Types;12.0;1.0;0.0;16.0;36.0;60.0;12.0;7.0;3.0;0.8864;543.0;0.0;2.0;0.0;0.2273;0.0;0.0;43.9167;32.0;4.25;4
org.gjt.sp.jedit.OptionGroup;13.0;1.0;0.0;7.0;33.0;26.0;5.0;2.0;12.0;0.6042;261.0;1.0;0.0;0.0;0.2527;0.0;0.0;18.7692;7.0;1.6923076923076923;0
gnu.regexp.REException;4.0;3.0;0.0;9.0;13.0;0.0;9.0;1.0;3.0;1.2222;71.0;0.1333;0.0;0.85;0.5;1.0;1.0;13.0;1.0;1.0;0
bsh.BshClassManager;34.0;1.0;1.0;20.0;73.0;501.0;11.0;12.0;20.0;0.8653;592.0;1.0;1.0;0.0;0.1273;0.0;0.0;16.1471;5.0;1.5;4
org.gjt.sp.jedit.pluginmgr.MirrorListHandler;12.0;2.0;0.0;4.0;29.0;40.0;1.0;4.0;8.0;0.8384;216.0;1.0;2.0;0.5417;0.3194;1.0;2.0;16.25;5.0;2.0;0
gnu.regexp.RETokenChar;5.0;2.0;0.0;5.0;12.0;0.0;2.0;3.0;0.0;0.375;127.0;1.0;0.0;0.6364;0.3;1.0;2.0;24.0;4.0;2.0;0
gnu.regexp.REMatch;14.0;1.0;0.0;21.0;28.0;0.0;19.0;2.0;10.0;0.6538;388.0;0.125;1.0;0.0;0.3429;0.0;0.0;26.1429;6.0;2.4285714285714284;0
org.gjt.sp.jedit.gui.ErrorListDialog;5.0;7.0;0.0;5.0;40.0;6.0;3.0;4.0;3.0;0.75;219.0;1.0;0.0;0.9943;0.3;3.0;7.0;42.4;3.0;1.4;1
org.objectweb.asm.CodeWriter;32.0;1.0;0.0;6.0;53.0;0.0;2.0;6.0;17.0;0.853;2884.0;0.9259;13.0;0.0;0.2043;0.0;0.0;88.2813;40.0;6.65625;0
org.gjt.sp.jedit.gui.CheckBoxListModel;10.0;2.0;0.0;3.0;20.0;15.0;2.0;1.0;7.0;0.4444;150.0;0.0;0.0;0.6667;0.38;2.0;3.0;13.9;4.0;2.3;0
org.gjt.sp.jedit.syntax.DisplayTokenHandler;8.0;2.0;0.0;8.0;19.0;10.0;2.0;6.0;4.0;0.7662;379.0;0.9091;2.0;0.5333;0.2955;1.0;3.0;45.0;11.0;3.875;0
org.gjt.sp.jedit.gui.SplashScreen;4.0;4.0;0.0;3.0;49.0;0.0;1.0;2.0;4.0;0.7333;236.0;1.0;0.0;0.9955;0.625;1.0;2.0;56.75;1.0;1.0;0
org.gjt.sp.jedit.browser.VFSDirectoryEntryTable;15.0;5.0;0.0;18.0;116.0;73.0;8.0;13.0;12.0;0.75;855.0;1.0;2.0;0.984;0.1778;3.0;12.0;55.7333;29.0;5.066666666666666;1
bsh.collection.CollectionManagerImpl;5.0;2.0;0.0;4.0;11.0;10.0;0.0;4.0;5.0;2.0;43.0;0.0;0.0;0.6;0.9;1.0;1.0;7.6;2.0;1.2;1
org.gjt.sp.jedit.gui.ViewRegisters;6.0;7.0;0.0;8.0;47.0;9.0;3.0;8.0;3.0;0.8;300.0;1.0;0.0;0.9929;0.3889;0.0;0.0;48.5;6.0;1.8333333333333333;0
gnu.regexp.CharUnit;1.0;1.0;0.0;1.0;2.0;0.0;1.0;0.0;0.0;2.0;6.0;0.0;0.0;0.0;1.0;0.0;0.0;3.0;1.0;1.0;0
org.gjt.sp.jedit.browser.BrowserCommandsMenu;6.0;5.0;0.0;16.0;50.0;1.0;6.0;11.0;2.0;0.55;546.0;1.0;1.0;0.9932;0.3;0.0;0.0;89.3333;27.0;6.333333333333333;0
bsh.Capabilities;7.0;1.0;0.0;5.0;12.0;13.0;5.0;0.0;6.0;0.5;64.0;1.0;0.0;0.0;0.1667;0.0;0.0;7.8571;4.0;1.8571428571428572;1
org.gjt.sp.jedit.Autosave;4.0;1.0;0.0;4.0;16.0;4.0;1.0;4.0;3.0;0.6667;67.0;1.0;0.0;0.0;0.3333;0.0;0.0;15.5;4.0;2.75;0
org.gjt.sp.jedit.gui.FontSelectorDialog;22.0;7.0;0.0;8.0;85.0;187.0;4.0;7.0;7.0;0.7619;698.0;1.0;1.0;0.9761;0.1852;3.0;5.0;30.1818;5.0;1.2272727272727273;0
org.gjt.sp.jedit.msg.DynamicMenuChanged;3.0;2.0;0.0;7.0;8.0;0.0;5.0;2.0;3.0;0.0;29.0;1.0;0.0;0.7143;0.6667;1.0;1.0;8.3333;1.0;1.0;0
bsh.ClassPathException;1.0;4.0;0.0;1.0;2.0;0.0;0.0;1.0;1.0;2.0;5.0;0.0;0.0;1.0;1.0;0.0;0.0;4.0;1.0;1.0;0
bsh.BSHMethodDeclaration;8.0;2.0;0.0;17.0;24.0;14.0;4.0;14.0;2.0;0.8393;190.0;0.0;4.0;0.7083;0.45;1.0;1.0;21.75;2.0;1.125;2
org.gjt.sp.jedit.browser.BrowserView;24.0;5.0;0.0;24.0;96.0;88.0;15.0;16.0;15.0;0.7888;463.0;1.0;3.0;0.9666;0.1583;2.0;4.0;18.0;9.0;1.6666666666666667;1
bsh.BSHSwitchLabel;2.0;2.0;0.0;7.0;5.0;1.0;2.0;5.0;2.0;2.0;17.0;0.0;0.0;0.9444;0.625;1.0;1.0;7.0;1.0;1.0;1
org.gjt.sp.jedit.options.PrintOptionPane;3.0;6.0;0.0;4.0;23.0;1.0;0.0;4.0;1.0;0.5;208.0;1.0;1.0;0.9971;1.0;1.0;3.0;65.6667;2.0;1.3333333333333333;0
com.microstar.xml.XmlException;5.0;3.0;0.0;11.0;6.0;10.0;11.0;0.0;5.0;1.25;20.0;1.0;0.0;0.8095;0.4667;1.0;1.0;2.2;1.0;1.0;8
org.gjt.sp.util.WorkThread;13.0;2.0;0.0;8.0;31.0;24.0;5.0;4.0;11.0;0.7188;386.0;1.0;1.0;0.8378;0.2308;0.0;0.0;28.0769;3.0;1.3076923076923077;0
bsh.BSHPrimarySuffix;6.0;2.0;0.0;20.0;44.0;15.0;2.0;18.0;1.0;1.1143;372.0;0.0;0.0;0.7727;0.619;0.0;0.0;59.8333;1.0;1.0;1
gnu.regexp.REToken;8.0;1.0;13.0;15.0;9.0;12.0;13.0;2.0;0.0;0.7619;65.0;1.0;2.0;0.0;0.3542;0.0;0.0;6.75;3.0;1.375;0
org.gjt.sp.jedit.gui.ErrorListCellRenderer;4.0;4.0;0.0;2.0;25.0;0.0;1.0;1.0;3.0;0.4444;197.0;1.0;0.0;0.9955;0.375;1.0;4.0;46.75;2.0;1.5;0
org.gjt.sp.jedit.syntax.XModeHandler;18.0;2.0;1.0;12.0;72.0;97.0;2.0;10.0;11.0;0.8805;1169.0;1.0;4.0;0.4333;0.2619;1.0;3.0;62.1667;39.0;6.055555555555555;1
org.gjt.sp.jedit.Macros;25.0;1.0;0.0;19.0;97.0;250.0;5.0;16.0;21.0;0.875;734.0;1.0;1.0;0.0;0.15;0.0;0.0;28.12;10.0;2.4;0
org.gjt.sp.jedit.buffer.BufferChangeListener;6.0;1.0;0.0;4.0;6.0;15.0;4.0;1.0;6.0;2.0;6.0;0.0;0.0;0.0;0.8889;0.0;0.0;0.0;1.0;1.0;0
org.gjt.sp.jedit.syntax.TokenMarker;12.0;1.0;0.0;14.0;59.0;18.0;5.0;9.0;6.0;0.7413;1573.0;1.0;4.0;0.0;0.1875;0.0;0.0;129.0;45.0;9.416666666666666;4
org.gjt.sp.jedit.textarea.Selection;16.0;1.0;2.0;20.0;25.0;88.0;19.0;1.0;9.0;0.8333;119.0;0.0;0.0;0.0;0.3229;0.0;0.0;6.1875;5.0;1.25;0
org.gjt.sp.jedit.textarea.TextAreaExtension;5.0;1.0;7.0;11.0;6.0;10.0;11.0;0.0;5.0;2.0;54.0;0.0;0.0;0.0;0.65;0.0;0.0;9.8;3.0;1.4;0
org.gjt.sp.jedit.options.AutosaveBackupOptionPane;3.0;6.0;0.0;2.0;15.0;1.0;0.0;2.0;1.0;0.5;126.0;1.0;0.0;0.9971;1.0;1.0;3.0;39.0;1.0;1.0;0
org.gjt.sp.jedit.help.HelpViewer;20.0;6.0;0.0;20.0;107.0;142.0;12.0;16.0;8.0;0.823;569.0;1.0;1.0;0.9759;0.2167;1.0;1.0;26.9;8.0;1.6;1
bsh.ParserTokenManager;51.0;1.0;0.0;5.0;67.0;51.0;1.0;4.0;7.0;0.7648;7191.0;0.16;1.0;0.0;0.4;0.0;0.0;139.5098;167.0;8.96078431372549;5
bsh.BSHIfStatement;3.0;2.0;0.0;10.0;10.0;3.0;3.0;7.0;2.0;2.0;64.0;0.0;0.0;0.8947;0.5333;1.0;1.0;20.3333;1.0;1.0;3
org.gjt.sp.jedit.Marker;7.0;1.0;0.0;7.0;10.0;0.0;7.0;1.0;2.0;0.625;64.0;1.0;1.0;0.0;0.4286;0.0;0.0;7.5714;2.0;1.2857142857142858;0
org.gjt.sp.jedit.gui.VariableGridLayout;16.0;1.0;0.0;3.0;35.0;100.0;3.0;0.0;14.0;0.6533;679.0;0.8;0.0;0.0;0.3438;0.0;0.0;40.8125;13.0;3.0;0
org.objectweb.asm.Constants;0.0;1.0;0.0;1.0;0.0;0.0;1.0;0.0;0.0;2.0;179.0;0.0;0.0;0.0;0.0;0.0;0.0;0.0;0;0;0
bsh.BSHArrayInitializer;4.0;2.0;0.0;10.0;25.0;6.0;2.0;8.0;2.0;2.0;208.0;0.0;0.0;0.85;0.625;1.0;1.0;51.0;1.0;1.0;0
org.gjt.sp.jedit.menu.EnhancedMenuItem;6.0;6.0;0.0;8.0;38.0;0.0;4.0;5.0;3.0;0.68;253.0;0.4;0.0;0.9951;0.32;3.0;10.0;40.3333;8.0;4.0;0
org.gjt.sp.jedit.buffer.DummyFoldHandler;2.0;2.0;0.0;3.0;3.0;1.0;2.0;2.0;2.0;2.0;8.0;0.0;0.0;0.9091;0.625;0.0;0.0;3.0;1.0;1.0;0
org.gjt.sp.jedit.pluginmgr.PluginListHandler;12.0;2.0;0.0;7.0;36.0;36.0;1.0;7.0;8.0;0.8656;504.0;1.0;4.0;0.5417;0.3194;1.0;3.0;39.0833;14.0;3.75;0
org.gjt.sp.jedit.buffer.RootElement;11.0;1.0;0.0;2.0;16.0;35.0;1.0;2.0;11.0;0.6;52.0;1.0;1.0;0.0;0.4242;0.0;0.0;3.6364;1.0;1.0;0
org.gjt.sp.jedit.options.StatusBarOptionPane;5.0;6.0;0.0;4.0;22.0;4.0;1.0;4.0;1.0;0.3125;450.0;1.0;4.0;0.9941;0.5;1.0;3.0;85.8;5.0;1.8;0
org.gjt.sp.jedit.buffer.IndentFoldHandler;2.0;2.0;0.0;5.0;6.0;1.0;3.0;2.0;2.0;2.0;65.0;0.0;0.0;0.9091;0.625;0.0;0.0;31.5;7.0;4.0;0
gnu.regexp.RETokenAny;4.0;2.0;0.0;4.0;8.0;4.0;1.0;3.0;0.0;0.6667;55.0;1.0;0.0;0.7;0.375;1.0;2.0;12.25;6.0;2.25;0
org.gjt.sp.jedit.textarea.ChunkCache;26.0;1.0;0.0;20.0;65.0;73.0;9.0;13.0;0.0;0.6756;1312.0;1.0;4.0;0.0;0.274;0.0;0.0;49.1154;29.0;4.0;1
org.gjt.sp.jedit.gui.HistoryTextField;29.0;6.0;2.0;26.0;94.0;240.0;23.0;6.0;15.0;0.7908;621.0;1.0;1.0;0.9698;0.2217;3.0;5.0;20.1724;15.0;2.586206896551724;0
org.gjt.sp.util.IntegerArray;8.0;1.0;0.0;4.0;10.0;4.0;4.0;0.0;8.0;0.5;75.0;1.0;0.0;0.0;0.75;0.0;0.0;8.125;2.0;1.125;0
bsh.BSHImportDeclaration;2.0;2.0;0.0;10.0;12.0;1.0;1.0;9.0;1.0;1.0;67.0;0.0;0.0;0.9444;0.625;1.0;1.0;31.0;1.0;1.0;0
org.gjt.sp.jedit.gui.LogViewer;11.0;5.0;0.0;12.0;55.0;21.0;4.0;11.0;5.0;0.75;231.0;1.0;0.0;0.9852;0.2955;3.0;12.0;19.6364;2.0;1.2727272727272727;0
org.gjt.sp.jedit.options.PluginOptions;6.0;8.0;0.0;10.0;26.0;13.0;1.0;9.0;4.0;0.8;177.0;1.0;1.0;0.9972;0.5;1.0;2.0;28.3333;7.0;2.0;0
bsh.BSHAssignment;3.0;2.0;0.0;12.0;20.0;3.0;1.0;11.0;1.0;1.0;287.0;0.0;0.0;0.8947;0.5333;1.0;1.0;94.3333;1.0;1.0;2
gnu.regexp.IntPair;1.0;1.0;0.0;1.0;2.0;0.0;1.0;0.0;0.0;2.0;6.0;0.0;0.0;0.0;1.0;0.0;0.0;3.0;1.0;1.0;0
org.gjt.sp.jedit.gui.BeanShellErrorDialog;2.0;8.0;0.0;5.0;3.0;1.0;3.0;2.0;2.0;2.0;13.0;0.0;0.0;1.0;0.75;0.0;0.0;5.5;1.0;1.0;0
org.gjt.sp.jedit.io.FileVFS;18.0;2.0;0.0;14.0;80.0;153.0;6.0;10.0;18.0;1.0588;591.0;0.0;0.0;0.6458;0.4097;2.0;2.0;31.7778;8.0;2.9444444444444446;2
org.gjt.sp.jedit.ActionSet;21.0;1.0;0.0;17.0;67.0;4.0;10.0;11.0;19.0;0.7643;517.0;0.8571;2.0;0.0;0.1938;0.0;0.0;23.2857;4.0;1.8571428571428572;0
org.gjt.sp.jedit.SettingsReloader;3.0;1.0;0.0;11.0;21.0;3.0;1.0;11.0;1.0;2.0;117.0;0.0;0.0;0.0;0.5556;0.0;0.0;38.0;15.0;6.0;0
org.gjt.sp.jedit.options.ToolBarEditDialog;14.0;7.0;0.0;14.0;95.0;51.0;2.0;13.0;4.0;0.7821;773.0;1.0;0.0;0.9816;0.2143;0.0;0.0;53.3571;8.0;2.357142857142857;0
bsh.SimpleNode;19.0;1.0;38.0;62.0;33.0;147.0;57.0;8.0;18.0;0.9048;242.0;0.4286;5.0;0.0;0.2685;0.0;0.0;11.3684;6.0;1.6842105263157894;1
bsh.BSHForStatement;2.0;2.0;0.0;12.0;10.0;1.0;1.0;11.0;1.0;1.125;126.0;0.625;4.0;0.9444;0.625;1.0;1.0;58.0;1.0;1.0;2
bsh.Remote;7.0;1.0;0.0;0.0;51.0;21.0;0.0;0.0;3.0;2.0;334.0;0.0;0.0;0.0;0.2571;0.0;0.0;46.7143;3.0;1.4285714285714286;4
org.gjt.sp.jedit.help.HelpSearchPanel;6.0;5.0;0.0;10.0;29.0;5.0;5.0;9.0;1.0;0.7;139.0;1.0;3.0;0.9925;0.3889;0.0;0.0;21.5;2.0;1.1666666666666667;0
org.gjt.sp.jedit.search.RESearchMatcher;3.0;2.0;0.0;9.0;16.0;0.0;2.0;7.0;2.0;0.5;146.0;0.5;2.0;0.5;0.75;0.0;0.0;47.0;10.0;4.0;0
org.gjt.sp.jedit.gui.IOProgressMonitor;6.0;5.0;0.0;9.0;29.0;5.0;5.0;6.0;3.0;0.6667;141.0;1.0;2.0;0.9925;0.5;2.0;7.0;22.0;3.0;1.3333333333333333;0
org.gjt.sp.jedit.textarea.ExtensionManager;7.0;1.0;0.0;8.0;28.0;0.0;2.0;6.0;0.0;0.0;246.0;1.0;0.0;0.0;0.4048;0.0;0.0;34.0;3.0;2.4285714285714284;0
bsh.BlockNameSpace;10.0;2.0;0.0;11.0;24.0;45.0;4.0;7.0;7.0;2.0;81.0;0.0;0.0;0.8861;0.3286;1.0;4.0;7.1;2.0;1.2;4
org.gjt.sp.jedit.menu.MarkersProvider;3.0;1.0;0.0;8.0;22.0;3.0;1.0;8.0;3.0;2.0;101.0;0.0;0.0;0.0;0.6667;0.0;0.0;32.6667;5.0;2.3333333333333335;0
org.gjt.sp.jedit.gui.InputHandler;19.0;1.0;1.0;20.0;58.0;93.0;11.0;13.0;17.0;0.75;452.0;1.0;2.0;0.0;0.2406;0.0;0.0;22.4737;13.0;2.3684210526315788;0
bsh.NameSource;2.0;1.0;0.0;2.0;2.0;1.0;2.0;1.0;2.0;2.0;2.0;0.0;0.0;0.0;0.75;0.0;0.0;0.0;1.0;1.0;0
bsh.Parser;351.0;1.0;0.0;51.0;445.0;41713.0;1.0;51.0;88.0;0.6029;12535.0;0.5385;8.0;0.0;0.1263;0.0;0.0;34.6752;18.0;2.8176638176638176;0
org.gjt.sp.jedit.pluginmgr.Roster;12.0;1.0;0.0;15.0;38.0;20.0;10.0;8.0;1.0;0.6667;235.0;1.0;0.0;0.0;0.2024;0.0;0.0;18.3333;8.0;2.1666666666666665;1
bsh.CallStack;13.0;1.0;0.0;57.0;30.0;0.0;56.0;2.0;13.0;0.0833;157.0;1.0;0.0;0.0;0.4872;0.0;0.0;11.0;2.0;1.2307692307692308;4
bsh.UtilTargetError;3.0;4.0;0.0;10.0;9.0;1.0;5.0;5.0;3.0;0.0;44.0;0.0;0.0;0.95;0.6;1.0;1.0;13.3333;2.0;1.3333333333333333;0
org.gjt.sp.jedit.search.HyperSearchResults;25.0;5.0;0.0;29.0;87.0;192.0;15.0;22.0;10.0;0.8472;497.0;0.8889;3.0;0.9652;0.1467;3.0;12.0;18.52;6.0;1.68;2
org.gjt.sp.jedit.options.GlobalOptions;6.0;8.0;0.0;7.0;14.0;15.0;3.0;4.0;4.0;1.0;147.0;1.0;2.0;0.9972;0.5;1.0;2.0;23.1667;1.0;1.0;0
bsh.BSHThrowStatement;2.0;2.0;0.0;7.0;7.0;1.0;1.0;6.0;1.0;2.0;32.0;0.0;0.0;0.9444;0.625;1.0;1.0;15.0;1.0;1.0;1
bsh.BSHCastExpression;2.0;2.0;0.0;10.0;10.0;1.0;1.0;9.0;2.0;2.0;41.0;0.0;0.0;0.9444;0.625;1.0;1.0;19.5;1.0;1.0;0
org.gjt.sp.jedit.search.SearchMatcher;2.0;1.0;2.0;6.0;4.0;1.0;4.0;2.0;2.0;1.0;11.0;1.0;1.0;0.0;0.6667;0.0;0.0;4.0;1.0;1.0;1
com.microstar.xml.HandlerBase;14.0;1.0;12.0;14.0;16.0;91.0;12.0;2.0;14.0;2.0;38.0;0.0;0.0;0.0;0.4143;0.0;0.0;1.7143;1.0;1.0;0
bsh.ParseException;11.0;4.0;0.0;6.0;26.0;23.0;2.0;4.0;10.0;0.5333;494.0;0.3333;1.0;0.7778;0.2727;2.0;3.0;43.3636;14.0;3.5454545454545454;0
org.gjt.sp.jedit.msg.ViewUpdate;5.0;2.0;0.0;5.0;13.0;4.0;3.0;3.0;4.0;0.875;52.0;0.25;0.0;0.625;0.5;1.0;1.0;8.6;2.0;1.2;0
org.gjt.sp.jedit.gui.TipOfTheDay;8.0;7.0;0.0;6.0;60.0;20.0;2.0;6.0;3.0;0.8;294.0;1.0;0.0;0.99;0.375;3.0;7.0;35.125;5.0;1.5;0
bsh.BSHPackageDeclaration;2.0;2.0;0.0;9.0;7.0;1.0;1.0;8.0;2.0;2.0;24.0;0.0;0.0;0.9444;0.625;1.0;1.0;11.0;1.0;1.0;1
bsh.JThis;86.0;2.0;0.0;9.0;97.0;3649.0;0.0;9.0;84.0;2.0;709.0;0.0;0.0;0.1053;0.0562;1.0;1.0;7.2442;3.0;1.0348837209302326;0
org.gjt.sp.jedit.OperatingSystem;17.0;1.0;0.0;32.0;47.0;58.0;31.0;1.0;16.0;0.9489;472.0;1.0;0.0;0.0;0.0625;0.0;0.0;26.1176;12.0;3.2941176470588234;1
org.gjt.sp.jedit.msg.EditorExitRequested;2.0;2.0;0.0;4.0;4.0;1.0;1.0;3.0;2.0;2.0;10.0;0.0;0.0;0.8333;0.75;0.0;0.0;4.0;1.0;1.0;0
bsh.BSHUnaryExpression;5.0;2.0;0.0;12.0;35.0;6.0;1.0;11.0;1.0;0.625;221.0;0.0;0.0;0.8095;0.4;1.0;1.0;42.8;1.0;1.0;3
org.gjt.sp.jedit.options.MouseOptionPane;4.0;6.0;0.0;2.0;21.0;0.0;0.0;2.0;2.0;0.5556;242.0;1.0;0.0;0.9971;1.0;2.0;4.0;58.0;6.0;2.5;0
org.gjt.sp.jedit.browser.BrowserIORequest;7.0;2.0;0.0;10.0;30.0;0.0;2.0;9.0;2.0;0.6212;905.0;0.6364;2.0;0.4;0.2653;0.0;0.0;126.7143;5.0;1.8571428571428572;0
org.gjt.sp.jedit.buffer.BufferIORequest;13.0;2.0;0.0;14.0;124.0;8.0;3.0;14.0;3.0;0.9433;1980.0;0.28;3.0;0.25;0.1716;0.0;0.0;149.3846;22.0;3.6923076923076925;0
org.gjt.sp.jedit.gui.PanelWindowContainer;23.0;1.0;0.0;20.0;93.0;105.0;9.0;17.0;10.0;0.8576;700.0;0.8;3.0;0.0;0.2174;0.0;0.0;28.7826;8.0;2.217391304347826;1
org.gjt.sp.jedit.gui.ColorWellButton;3.0;6.0;0.0;8.0;14.0;3.0;6.0;3.0;3.0;2.0;46.0;0.0;0.0;0.9974;0.8333;0.0;0.0;14.3333;2.0;1.3333333333333333;0
gnu.regexp.RETokenBackRef;3.0;2.0;0.0;4.0;8.0;0.0;1.0;3.0;0.0;0.5;77.0;1.0;0.0;0.7778;0.4444;1.0;2.0;24.0;5.0;2.3333333333333335;0
bsh.BSHArguments;2.0;2.0;0.0;11.0;10.0;1.0;5.0;6.0;1.0;2.0;51.0;0.0;0.0;0.9444;0.625;0.0;0.0;24.5;1.0;1.0;2
org.gjt.sp.jedit.pluginmgr.PluginList;5.0;1.0;0.0;11.0;35.0;0.0;4.0;8.0;0.0;0.8;210.0;0.0;0.0;0.0;0.4667;0.0;0.0;40.0;5.0;2.0;0
org.gjt.sp.jedit.textarea.ScrollListener;2.0;1.0;0.0;3.0;2.0;1.0;3.0;1.0;2.0;2.0;2.0;0.0;0.0;0.0;1.0;0.0;0.0;0.0;1.0;1.0;0
bsh.TargetError;10.0;4.0;0.0;16.0;25.0;23.0;11.0;6.0;10.0;0.5;135.0;0.0;0.0;0.7778;0.3286;1.0;2.0;12.3;2.0;1.3;0
gnu.regexp.CharIndexedInputStream;5.0;1.0;0.0;3.0;12.0;0.0;2.0;1.0;3.0;0.5313;254.0;1.0;0.0;0.0;0.6;0.0;0.0;48.2;10.0;4.4;4
org.gjt.sp.jedit.ActionListHandler;11.0;2.0;0.0;5.0;28.0;31.0;1.0;5.0;7.0;0.8111;240.0;1.0;1.0;0.5652;0.3333;1.0;3.0;20.0;10.0;2.5454545454545454;0
org.gjt.sp.jedit.msg.VFSUpdate;3.0;2.0;0.0;6.0;9.0;0.0;4.0;2.0;3.0;0.0;36.0;1.0;0.0;0.7143;0.6667;1.0;1.0;10.6667;2.0;1.3333333333333333;0
bsh.BSHReturnType;4.0;2.0;0.0;10.0;8.0;4.0;4.0;6.0;2.0;0.6667;37.0;0.0;0.0;0.85;0.5;0.0;0.0;8.0;2.0;1.25;1
bsh.BSHStatementExpressionList;2.0;2.0;0.0;7.0;6.0;1.0;1.0;6.0;1.0;2.0;28.0;0.0;0.0;0.9444;0.625;1.0;1.0;13.0;1.0;1.0;0
org.gjt.sp.jedit.search.HyperSearchResult;9.0;1.0;0.0;14.0;29.0;0.0;7.0;9.0;4.0;0.7083;180.0;0.0;2.0;0.0;0.3333;0.0;0.0;18.3333;3.0;1.8888888888888888;0
org.objectweb.asm.ClassWriter;23.0;1.0;0.0;6.0;57.0;41.0;2.0;5.0;7.0;0.936;1260.0;0.3061;10.0;0.0;0.2227;0.0;0.0;51.6522;12.0;3.1739130434782608;0
