org.apache.lucene.search.Searchable;11.0;1.0;0.0;18.0;11.0;55.0;6.0;12.0;11.0;2.0;11.0;0.0;0.0;0.0;0.2636;0.0;0.0;0.0;1.0;1.0;2
org.apache.lucene.queryParser.QueryParserTokenManager;36.0;1.0;0.0;5.0;52.0;282.0;1.0;4.0;7.0;0.7203;3060.0;0.2105;1.0;0.0;0.4057;0.0;0.0;83.4722;112.0;7.722222222222222;4
org.apache.lucene.analysis.LengthFilter;2.0;3.0;0.0;3.0;6.0;0.0;0.0;3.0;2.0;0.0;41.0;0.0;0.0;0.8;0.6667;0.0;0.0;18.5;1.0;1.0;1
org.apache.lucene.index.Payload;7.0;1.0;0.0;3.0;12.0;1.0;3.0;0.0;6.0;0.2778;103.0;1.0;0.0;0.0;0.619;0.0;0.0;13.2857;3.0;1.7142857142857142;2
org.apache.lucene.search.HitCollector;2.0;1.0;6.0;22.0;3.0;1.0;22.0;0.0;2.0;2.0;5.0;0.0;0.0;0.0;0.6667;0.0;0.0;1.5;1.0;1.0;0
org.apache.lucene.index.SegmentInfos;30.0;4.0;0.0;16.0;75.0;349.0;10.0;8.0;23.0;0.9368;515.0;0.6667;0.0;0.7282;0.1552;1.0;2.0;15.7667;6.0;1.3333333333333333;8
org.apache.lucene.queryParser.TokenMgrError;6.0;3.0;0.0;2.0;22.0;15.0;2.0;0.0;4.0;1.12;184.0;0.0;0.0;0.85;0.5;1.0;1.0;28.8333;14.0;3.3333333333333335;3
org.apache.lucene.search.ExactPhraseScorer;2.0;3.0;0.0;8.0;9.0;1.0;2.0;6.0;0.0;2.0;64.0;0.0;0.0;0.9524;0.5833;1.0;1.0;31.0;1.0;1.0;0
org.apache.lucene.store.NoLockFactory;5.0;2.0;0.0;4.0;7.0;6.0;1.0;3.0;4.0;0.75;24.0;1.0;2.0;0.5714;0.625;0.0;0.0;3.4;1.0;1.0;0
org.apache.lucene.analysis.StopAnalyzer;7.0;2.0;0.0;6.0;13.0;0.0;1.0;5.0;6.0;0.5;189.0;0.5;0.0;0.6667;0.3333;0.0;0.0;25.7143;1.0;1.0;0
org.apache.lucene.search.ConstantScoreQuery;8.0;2.0;0.0;8.0;19.0;8.0;3.0;6.0;7.0;0.4286;93.0;1.0;1.0;0.6316;0.25;2.0;3.0;10.5;5.0;1.625;1
org.apache.lucene.search.Searcher;23.0;1.0;3.0;40.0;28.0;247.0;29.0;14.0;22.0;0.9091;131.0;1.0;1.0;0.0;0.2739;0.0;0.0;4.6522;1.0;1.0;4
org.apache.lucene.document.Fieldable;18.0;1.0;0.0;10.0;18.0;153.0;9.0;1.0;18.0;2.0;18.0;0.0;0.0;0.0;0.3704;0.0;0.0;0.0;1.0;1.0;2
org.apache.lucene.util.SmallFloat;7.0;1.0;0.0;1.0;10.0;21.0;1.0;0.0;7.0;2.0;155.0;0.0;0.0;0.0;0.3214;0.0;0.0;21.1429;4.0;2.7142857142857144;1
org.apache.lucene.search.function.ShortFieldSource;6.0;3.0;0.0;7.0;18.0;3.0;2.0;6.0;6.0;0.2;95.0;1.0;1.0;0.75;0.3611;2.0;3.0;14.6667;5.0;1.8333333333333333;1
org.apache.lucene.queryParser.ParseException;5.0;3.0;0.0;3.0;21.0;0.0;2.0;1.0;4.0;0.55;387.0;0.4;1.0;0.8947;0.4;1.0;1.0;75.4;14.0;5.4;3
org.apache.lucene.search.HitIterator;5.0;1.0;0.0;2.0;10.0;0.0;1.0;2.0;4.0;0.375;60.0;1.0;1.0;0.0;0.6;0.0;0.0;10.6;2.0;1.4;2
org.apache.lucene.search.RangeFilter;7.0;2.0;0.0;6.0;30.0;1.0;1.0;5.0;7.0;0.0;373.0;1.0;0.0;0.1429;0.3143;1.0;1.0;51.5714;12.0;4.571428571428571;3
org.apache.lucene.store.RAMDirectory;17.0;2.0;0.0;11.0;42.0;0.0;2.0;10.0;15.0;0.5625;393.0;0.3333;0.0;0.5862;0.3529;1.0;5.0;21.9412;2.0;1.1764705882352942;2
org.apache.lucene.document.Field;11.0;2.0;0.0;8.0;21.0;0.0;2.0;6.0;11.0;2.0;392.0;0.0;0.0;0.8;0.3523;1.0;4.0;34.6364;16.0;3.5454545454545454;2
org.apache.lucene.search.FieldCacheImpl;14.0;1.0;0.0;22.0;29.0;67.0;9.0;22.0;12.0;0.8974;199.0;0.3333;12.0;0.0;0.4038;0.0;0.0;12.3571;1.0;1.0;4
org.apache.lucene.index.FieldsReader;18.0;1.0;0.0;17.0;61.0;69.0;2.0;16.0;0.0;0.8067;745.0;1.0;4.0;0.0;0.2374;0.0;0.0;40.0;5.0;1.4444444444444444;11
org.apache.lucene.index.TermDocs;8.0;1.0;0.0;27.0;8.0;28.0;25.0;2.0;8.0;2.0;8.0;0.0;0.0;0.0;0.3;0.0;0.0;0.0;1.0;1.0;0
org.apache.lucene.index.MultiTermDocs;11.0;1.0;1.0;6.0;21.0;1.0;2.0;4.0;9.0;0.5143;258.0;1.0;4.0;0.0;0.2468;0.0;0.0;21.8182;1.0;1.0;0
org.apache.lucene.analysis.ISOLatin1AccentFilter;3.0;3.0;0.0;3.0;13.0;3.0;0.0;3.0;3.0;2.0;170.0;0.0;0.0;0.6667;0.4444;0.0;0.0;55.6667;3.0;1.6666666666666667;3
org.apache.lucene.search.TopFieldDocCollector;3.0;3.0;0.0;11.0;13.0;1.0;1.0;10.0;3.0;2.0;70.0;0.0;0.0;0.6667;0.5333;1.0;3.0;22.3333;2.0;1.6666666666666667;2
org.apache.lucene.analysis.standard.ParseException;5.0;4.0;0.0;2.0;21.0;0.0;1.0;1.0;4.0;0.55;380.0;0.4;1.0;0.8947;0.4;1.0;1.0;74.0;14.0;5.4;0
org.apache.lucene.search.payloads.BoostingTermQuery;3.0;4.0;0.0;5.0;7.0;3.0;1.0;5.0;2.0;2.0;38.0;0.0;0.0;0.9231;0.5;1.0;1.0;11.6667;4.0;2.0;4
org.apache.lucene.document.LoadFirstFieldSelector;2.0;1.0;0.0;2.0;3.0;1.0;0.0;2.0;2.0;2.0;7.0;0.0;0.0;0.0;0.75;0.0;0.0;2.5;1.0;1.0;0
org.apache.lucene.analysis.CharTokenizer;4.0;3.0;2.0;4.0;8.0;4.0;2.0;2.0;2.0;0.8571;122.0;1.0;0.0;0.5714;0.5833;0.0;0.0;27.75;1.0;1.0;2
org.apache.lucene.store.SimpleFSLockFactory;6.0;2.0;0.0;4.0;17.0;3.0;1.0;3.0;4.0;0.2;102.0;1.0;0.0;0.5714;0.6111;0.0;0.0;15.8333;2.0;1.1666666666666667;3
org.apache.lucene.index.TermPositions;4.0;1.0;0.0;23.0;4.0;6.0;22.0;1.0;4.0;2.0;4.0;0.0;0.0;0.0;0.5;0.0;0.0;0.0;1.0;1.0;1
org.apache.lucene.search.FilterManager;5.0;1.0;0.0;5.0;18.0;4.0;4.0;3.0;4.0;0.8214;112.0;1.0;2.0;0.0;0.35;0.0;0.0;20.0;2.0;1.4;1
org.apache.lucene.search.ConstantScoreRangeQuery;10.0;2.0;0.0;6.0;24.0;0.0;1.0;5.0;10.0;0.4444;313.0;1.0;0.0;0.5714;0.3;2.0;3.0;29.8;13.0;3.6;1
org.apache.lucene.search.function.CustomScoreQuery;17.0;2.0;0.0;9.0;45.0;48.0;2.0;8.0;13.0;0.5625;263.0;1.0;2.0;0.4444;0.1357;2.0;4.0;14.2941;7.0;1.8235294117647058;1
org.apache.lucene.index.SegmentTermPositionVector;4.0;2.0;0.0;4.0;5.0;0.0;1.0;3.0;3.0;0.6667;65.0;0.6667;1.0;0.7778;0.4762;0.0;0.0;14.5;4.0;2.5;0
org.apache.lucene.search.PhrasePositions;5.0;1.0;0.0;6.0;12.0;0.0;5.0;1.0;0.0;0.6786;95.0;0.0;2.0;0.0;0.5333;0.0;0.0;16.6;1.0;1.0;0
org.apache.lucene.search.MultiSearcherThread;6.0;2.0;0.0;12.0;12.0;1.0;1.0;11.0;6.0;0.64;173.0;1.0;6.0;0.9394;0.35;0.0;0.0;26.1667;6.0;1.8333333333333333;0
org.apache.lucene.search.CachingWrapperFilter;5.0;2.0;1.0;3.0;16.0;0.0;1.0;2.0;5.0;0.5;102.0;1.0;1.0;0.2;0.4;1.0;1.0;19.0;2.0;1.2;1
org.apache.lucene.document.MapFieldSelector;4.0;1.0;0.0;2.0;10.0;0.0;0.0;2.0;4.0;0.0;83.0;0.0;0.0;0.0;0.4;0.0;0.0;19.5;2.0;1.75;1
org.apache.lucene.analysis.standard.CharStream;12.0;1.0;0.0;3.0;12.0;66.0;3.0;0.0;12.0;2.0;12.0;0.0;0.0;0.0;0.5833;0.0;0.0;0.0;1.0;1.0;0
org.apache.lucene.analysis.standard.TokenMgrError;6.0;3.0;0.0;1.0;22.0;15.0;1.0;0.0;4.0;1.12;184.0;0.0;0.0;0.85;0.5;1.0;1.0;28.8333;14.0;3.3333333333333335;0
org.apache.lucene.search.WildcardTermEnum;6.0;3.0;0.0;5.0;20.0;5.0;1.0;4.0;5.0;0.825;247.0;0.0;1.0;0.7222;0.3333;1.0;4.0;38.8333;16.0;3.8333333333333335;0
org.apache.lucene.search.MatchAllDocsQuery;6.0;2.0;0.0;7.0;14.0;15.0;3.0;5.0;5.0;2.0;57.0;0.0;0.0;0.7059;0.3333;2.0;3.0;8.5;3.0;1.3333333333333333;1
org.apache.lucene.index.MultiLevelSkipListWriter;6.0;1.0;1.0;3.0;16.0;0.0;1.0;2.0;0.0;0.4667;178.0;1.0;1.0;0.0;0.6111;0.0;0.0;28.1667;3.0;1.8333333333333333;0
org.apache.lucene.index.MultiLevelSkipListReader;10.0;1.0;1.0;4.0;21.0;0.0;1.0;3.0;1.0;0.619;477.0;1.0;1.0;0.0;0.5;0.0;0.0;45.3;2.0;1.2;1
org.apache.lucene.queryParser.QueryParser;64.0;1.0;1.0;34.0;154.0;1520.0;1.0;33.0;40.0;0.893;3329.0;0.5952;12.0;0.0;0.1122;0.0;0.0;50.3594;23.0;2.609375;7
org.apache.lucene.search.FuzzyQuery;10.0;3.0;0.0;13.0;42.0;7.0;1.0;12.0;9.0;0.6389;280.0;0.5;0.0;0.72;0.2857;3.0;4.0;26.6;6.0;1.7;1
org.apache.lucene.index.SegmentTermVector;8.0;1.0;1.0;3.0;15.0;0.0;2.0;1.0;7.0;0.5714;133.0;1.0;0.0;0.0;0.35;0.0;0.0;15.25;4.0;1.875;1
org.apache.lucene.store.NativeFSLock;7.0;2.0;0.0;2.0;32.0;1.0;1.0;1.0;6.0;0.5833;485.0;1.0;0.0;0.4444;0.4444;1.0;1.0;67.4286;3.0;1.4285714285714286;0
org.apache.lucene.search.spans.SpanTermQuery;9.0;3.0;1.0;8.0;27.0;0.0;1.0;7.0;9.0;0.0;116.0;1.0;1.0;0.6667;0.2593;2.0;2.0;11.7778;4.0;1.4444444444444444;0
org.apache.lucene.document.NumberTools;4.0;1.0;0.0;0.0;18.0;0.0;0.0;0.0;3.0;1.1667;130.0;0.5;0.0;0.0;0.3333;0.0;0.0;30.0;6.0;3.0;0
org.apache.lucene.index.IndexFileDeleter;16.0;1.0;0.0;11.0;68.0;8.0;3.0;9.0;4.0;0.6833;814.0;1.0;2.0;0.0;0.2361;0.0;0.0;49.375;2.0;1.0625;11
org.apache.lucene.search.HitDoc;1.0;1.0;0.0;2.0;2.0;0.0;1.0;1.0;0.0;2.0;18.0;0.0;3.0;0.0;1.0;0.0;0.0;12.0;1.0;1.0;0
org.apache.lucene.search.WildcardQuery;4.0;3.0;0.0;8.0;12.0;4.0;1.0;7.0;3.0;0.6667;55.0;1.0;0.0;0.8571;0.5;1.0;1.0;12.5;3.0;1.75;0
org.apache.lucene.search.ScoreDocComparator;4.0;1.0;0.0;12.0;6.0;6.0;11.0;3.0;3.0;1.0;15.0;0.0;2.0;0.0;0.8333;0.0;0.0;2.25;1.0;1.0;1
org.apache.lucene.LucenePackage;2.0;1.0;0.0;0.0;4.0;1.0;0.0;0.0;1.0;2.0;8.0;0.0;0.0;0.0;0.5;0.0;0.0;3.0;1.0;1.0;0
org.apache.lucene.store.Lock;6.0;1.0;4.0;15.0;17.0;13.0;14.0;1.0;5.0;0.9;89.0;0.5;0.0;0.0;0.6;0.0;0.0;13.5;1.0;1.0;2
org.apache.lucene.search.Weight;6.0;1.0;0.0;47.0;6.0;15.0;44.0;4.0;6.0;2.0;6.0;0.0;0.0;0.0;0.4167;0.0;0.0;0.0;1.0;1.0;0
org.apache.lucene.search.BooleanScorer2;21.0;2.0;0.0;16.0;58.0;104.0;5.0;15.0;10.0;0.6563;511.0;1.0;3.0;0.32;0.2375;1.0;3.0;22.9524;6.0;1.9047619047619047;1
org.apache.lucene.store.RAMOutputStream;13.0;2.0;0.0;4.0;25.0;0.0;2.0;2.0;10.0;0.5238;292.0;0.8571;1.0;0.56;0.2088;1.0;3.0;20.9231;2.0;1.1538461538461537;4
org.apache.lucene.search.function.IntFieldSource;6.0;3.0;0.0;7.0;18.0;3.0;2.0;6.0;6.0;0.2;95.0;1.0;1.0;0.75;0.3611;2.0;3.0;14.6667;5.0;1.8333333333333333;1
org.apache.lucene.analysis.CachingTokenFilter;4.0;3.0;0.0;3.0;10.0;2.0;0.0;3.0;3.0;0.6667;57.0;1.0;0.0;0.5714;0.625;0.0;0.0;12.75;1.0;1.0;2
org.apache.lucene.search.spans.TermSpans;8.0;1.0;0.0;6.0;19.0;0.0;3.0;3.0;8.0;0.6667;160.0;1.0;2.0;0.0;0.3438;0.0;0.0;18.25;3.0;1.25;0
org.apache.lucene.search.MultiSearcher;16.0;2.0;1.0;22.0;53.0;0.0;2.0;21.0;14.0;0.4667;577.0;1.0;1.0;0.5946;0.2313;1.0;5.0;34.875;6.0;1.3125;0
org.apache.lucene.util.ToStringUtils;2.0;1.0;0.0;17.0;7.0;1.0;17.0;0.0;2.0;2.0;21.0;0.0;0.0;0.0;0.5;0.0;0.0;9.5;2.0;1.5;0
org.apache.lucene.search.Scorer;9.0;1.0;17.0;38.0;11.0;34.0;35.0;3.0;7.0;0.875;47.0;1.0;1.0;0.0;0.4167;0.0;0.0;4.1111;1.0;1.0;1
org.apache.lucene.index.TermBuffer;11.0;1.0;0.0;4.0;25.0;0.0;1.0;3.0;6.0;0.52;241.0;1.0;1.0;0.0;0.2429;0.0;0.0;20.4545;3.0;1.6363636363636365;0
org.apache.lucene.search.SimilarityDelegator;7.0;2.0;1.0;2.0;14.0;0.0;1.0;1.0;7.0;0.0;47.0;1.0;1.0;0.7143;0.4286;1.0;2.0;5.5714;1.0;1.0;1
org.apache.lucene.queryParser.MultiFieldQueryParser;11.0;2.0;0.0;9.0;31.0;23.0;0.0;9.0;5.0;0.55;410.0;1.0;0.0;0.8696;0.3131;1.0;5.0;36.0909;1.0;1.0;2
org.apache.lucene.search.function.FieldCacheSource;8.0;2.0;4.0;8.0;12.0;8.0;4.0;4.0;8.0;0.5;68.0;1.0;1.0;0.4167;0.3125;2.0;2.0;7.25;5.0;1.5;2
org.apache.lucene.search.Filter;2.0;1.0;5.0;25.0;3.0;1.0;24.0;1.0;2.0;2.0;5.0;0.0;0.0;0.0;0.75;0.0;0.0;1.5;1.0;1.0;1
org.apache.lucene.search.DisjunctionMaxQuery;14.0;2.0;0.0;6.0;38.0;0.0;1.0;6.0;11.0;0.3846;318.0;1.0;0.0;0.5;0.1714;2.0;5.0;21.5714;6.0;1.7142857142857142;2
org.apache.lucene.store.Directory;18.0;1.0;3.0;36.0;33.0;141.0;32.0;4.0;18.0;0.8235;177.0;1.0;1.0;0.0;0.2963;0.0;0.0;8.7778;1.0;1.0;4
org.apache.lucene.analysis.TokenFilter;2.0;2.0;7.0;8.0;4.0;0.0;7.0;1.0;1.0;0.0;13.0;1.0;1.0;0.75;0.75;0.0;0.0;5.0;1.0;1.0;2
org.apache.lucene.search.MultiTermQuery;7.0;2.0;2.0;10.0;27.0;1.0;2.0;8.0;6.0;0.3333;134.0;1.0;1.0;0.6667;0.3429;2.0;3.0;18.0;5.0;1.7142857142857142;0
org.apache.lucene.search.MultiPhraseQuery;17.0;2.0;0.0;12.0;58.0;12.0;3.0;10.0;13.0;0.625;407.0;1.0;0.0;0.4286;0.1588;2.0;4.0;22.7059;7.0;2.1176470588235294;2
org.apache.lucene.search.ComplexExplanation;6.0;2.0;0.0;10.0;18.0;9.0;9.0;1.0;5.0;0.2;65.0;1.0;0.0;0.7333;0.3333;1.0;1.0;9.6667;3.0;1.5;1
org.apache.lucene.analysis.SimpleAnalyzer;2.0;2.0;0.0;4.0;4.0;1.0;1.0;3.0;2.0;2.0;10.0;0.0;0.0;0.6667;0.6667;0.0;0.0;4.0;1.0;1.0;0
org.apache.lucene.search.spans.SpanNotQuery;13.0;3.0;0.0;6.0;31.0;0.0;1.0;6.0;11.0;0.375;218.0;1.0;2.0;0.5714;0.2088;2.0;2.0;15.6154;6.0;1.4615384615384615;0
org.apache.lucene.search.Hits;11.0;1.0;0.0;13.0;28.0;19.0;3.0;12.0;5.0;0.64;338.0;1.0;6.0;0.0;0.3247;0.0;0.0;28.8182;4.0;1.3636363636363635;2
org.apache.lucene.index.IndexCommitPoint;2.0;1.0;0.0;2.0;2.0;1.0;2.0;0.0;2.0;2.0;2.0;0.0;0.0;0.0;1.0;0.0;0.0;0.0;1.0;1.0;2
org.apache.lucene.search.spans.SpanWeight;7.0;1.0;1.0;13.0;49.0;0.0;2.0;12.0;7.0;0.6905;357.0;1.0;2.0;0.0;0.3095;0.0;0.0;49.0;1.0;1.0;0
org.apache.lucene.queryParser.QueryParserConstants;1.0;1.0;0.0;2.0;1.0;0.0;2.0;0.0;0.0;2.0;174.0;0.0;0.0;0.0;0.0;0.0;0.0;136.0;1.0;1.0;2
org.apache.lucene.queryParser.CharStream;12.0;1.0;0.0;3.0;12.0;66.0;3.0;0.0;12.0;2.0;12.0;0.0;0.0;0.0;0.5833;0.0;0.0;0.0;1.0;1.0;2
org.apache.lucene.search.Query;13.0;1.0;15.0;51.0;39.0;72.0;48.0;7.0;12.0;0.8333;249.0;1.0;0.0;0.0;0.2308;0.0;0.0;18.0769;9.0;1.9230769230769231;0
org.apache.lucene.search.PrefixFilter;4.0;2.0;0.0;4.0;13.0;0.0;1.0;4.0;4.0;0.0;52.0;1.0;1.0;0.25;0.5;0.0;0.0;11.75;1.0;1.0;1
org.apache.lucene.search.SortField;15.0;1.0;0.0;9.0;25.0;0.0;8.0;1.0;14.0;0.852;297.0;0.2857;3.0;0.0;0.381;0.0;0.0;17.8667;7.0;1.6666666666666667;3
org.apache.lucene.search.spans.SpanNearQuery;12.0;3.0;0.0;8.0;47.0;0.0;2.0;8.0;12.0;0.5909;353.0;1.0;0.0;0.5926;0.2083;2.0;2.0;28.0833;7.0;2.0833333333333335;0
org.apache.lucene.search.PrefixQuery;6.0;2.0;0.0;9.0;28.0;0.0;1.0;8.0;6.0;0.0;147.0;1.0;1.0;0.7059;0.3333;2.0;3.0;23.3333;4.0;1.6666666666666667;0
org.apache.lucene.search.TopDocCollector;5.0;2.0;1.0;7.0;13.0;0.0;2.0;5.0;4.0;0.4375;110.0;0.5;1.0;0.25;0.5;0.0;0.0;20.2;4.0;2.0;2
org.apache.lucene.search.PhraseScorer;13.0;2.0;2.0;9.0;34.0;0.0;2.0;7.0;6.0;0.6667;345.0;1.0;4.0;0.4;0.2198;1.0;3.0;24.8462;3.0;1.3846153846153846;0
org.apache.lucene.index.SegmentMergeInfo;5.0;1.0;0.0;7.0;14.0;0.0;3.0;4.0;0.0;0.75;108.0;0.3333;4.0;0.0;0.4;0.0;0.0;19.4;5.0;1.8;0
org.apache.lucene.analysis.Tokenizer;3.0;2.0;3.0;4.0;5.0;1.0;3.0;1.0;1.0;0.5;17.0;1.0;0.0;0.75;0.6667;0.0;0.0;4.3333;1.0;1.0;3
org.apache.lucene.index.IndexReader;62.0;1.0;4.0;118.0;125.0;1757.0;93.0;27.0;46.0;0.8778;815.0;1.0;5.0;0.0;0.1028;0.0;0.0;11.9677;11.0;1.2580645161290323;11
org.apache.lucene.index.SegmentReader;44.0;2.0;0.0;31.0;134.0;688.0;6.0;28.0;20.0;0.8926;1227.0;0.619;10.0;0.5882;0.1324;1.0;8.0;26.4091;28.0;1.8181818181818181;11
org.apache.lucene.search.Sort;14.0;1.0;0.0;12.0;22.0;61.0;11.0;1.0;13.0;0.6923;175.0;0.0;3.0;0.0;0.3205;0.0;0.0;11.2857;3.0;1.2142857142857142;2
org.apache.lucene.analysis.WordlistLoader;4.0;1.0;0.0;2.0;17.0;6.0;2.0;0.0;4.0;2.0;147.0;0.0;0.0;0.0;0.3333;0.0;0.0;35.75;1.0;1.0;0
org.apache.lucene.document.DateTools;8.0;1.0;0.0;2.0;27.0;18.0;1.0;1.0;6.0;0.4286;567.0;1.0;0.0;0.0;0.3143;0.0;0.0;68.875;8.0;2.75;1
org.apache.lucene.search.spans.NearSpansUnordered;19.0;1.0;0.0;6.0;48.0;71.0;3.0;6.0;7.0;0.75;468.0;1.0;5.0;0.0;0.2105;0.0;0.0;23.1053;3.0;1.368421052631579;1
org.apache.lucene.store.LockFactory;5.0;1.0;4.0;8.0;6.0;4.0;7.0;1.0;5.0;0.5;19.0;1.0;0.0;0.0;0.8;0.0;0.0;2.6;1.0;1.0;1
org.apache.lucene.index.FieldInfos;20.0;1.0;0.0;18.0;51.0;164.0;12.0;6.0;16.0;0.9408;482.0;0.25;0.0;0.0;0.2611;0.0;0.0;22.7;8.0;1.6;2
org.apache.lucene.document.DateField;8.0;1.0;0.0;1.0;26.0;22.0;1.0;0.0;6.0;0.4286;126.0;1.0;0.0;0.0;0.1786;0.0;0.0;14.625;5.0;1.625;0
org.apache.lucene.index.MultipleTermPositions;13.0;1.0;0.0;8.0;36.0;58.0;1.0;7.0;13.0;0.7917;191.0;1.0;2.0;0.0;0.2019;0.0;0.0;13.3846;1.0;1.0;1
org.apache.lucene.index.FieldReaderException;4.0;4.0;0.0;1.0;8.0;6.0;1.0;0.0;4.0;2.0;20.0;0.0;0.0;1.0;0.6667;0.0;0.0;4.0;1.0;1.0;0
org.apache.lucene.queryParser.Token;3.0;1.0;0.0;4.0;4.0;3.0;4.0;0.0;3.0;1.4375;23.0;0.0;2.0;0.0;0.5;0.0;0.0;4.0;2.0;1.3333333333333333;1
org.apache.lucene.search.spans.NearSpansOrdered;14.0;1.0;0.0;6.0;37.0;11.0;3.0;5.0;7.0;0.7051;642.0;0.9167;3.0;0.0;0.2462;0.0;0.0;44.0;6.0;1.7857142857142858;0
org.apache.lucene.analysis.standard.StandardTokenizerTokenManager;22.0;1.0;0.0;5.0;38.0;153.0;1.0;4.0;7.0;0.8503;3785.0;0.1143;1.0;0.0;0.381;0.0;0.0;169.4545;236.0;14.181818181818182;0
org.apache.lucene.store.SimpleFSLock;5.0;2.0;0.0;2.0;18.0;0.0;1.0;1.0;5.0;0.375;83.0;0.0;0.0;0.5;0.4667;1.0;1.0;15.2;1.0;1.0;0
org.apache.lucene.analysis.TokenStream;4.0;1.0;2.0;24.0;5.0;6.0;23.0;1.0;4.0;2.0;9.0;0.0;0.0;0.0;1.0;0.0;0.0;1.25;1.0;1.0;4
org.apache.lucene.search.function.FloatFieldSource;6.0;3.0;0.0;7.0;18.0;3.0;2.0;6.0;6.0;0.2;95.0;1.0;1.0;0.75;0.3611;2.0;3.0;14.6667;5.0;1.8333333333333333;2
org.apache.lucene.util.Parameter;6.0;1.0;5.0;5.0;18.0;5.0;5.0;0.0;1.0;0.6;88.0;0.5;0.0;0.0;0.7;0.0;0.0;13.3333;2.0;1.1666666666666667;0
org.apache.lucene.analysis.Token;13.0;1.0;0.0;15.0;25.0;24.0;14.0;1.0;13.0;0.75;177.0;0.1667;1.0;0.0;0.3846;0.0;0.0;12.1538;3.0;1.2307692307692308;8
org.apache.lucene.index.MultiTermEnum;5.0;2.0;0.0;6.0;20.0;0.0;1.0;5.0;5.0;0.5;141.0;1.0;2.0;0.5556;0.4;1.0;2.0;26.6;1.0;1.0;0
org.apache.lucene.document.Document;17.0;1.0;0.0;24.0;39.0;0.0;22.0;2.0;17.0;0.5;415.0;0.5;0.0;0.0;0.4265;0.0;0.0;23.2941;5.0;2.6470588235294117;5
org.apache.lucene.index.SegmentInfo;18.0;1.0;0.0;13.0;44.0;0.0;8.0;5.0;4.0;0.6787;981.0;0.4615;1.0;0.0;0.2431;0.0;0.0;52.7778;4.0;1.5555555555555556;3
org.apache.lucene.index.IndexWriter;80.0;1.0;0.0;23.0;171.0;1344.0;4.0;22.0;52.0;0.8432;2846.0;0.7222;10.0;0.0;0.1006;0.0;0.0;34.125;4.0;1.125;47
org.apache.lucene.search.Hit;8.0;1.0;0.0;4.0;19.0;2.0;1.0;3.0;6.0;0.1786;116.0;1.0;2.0;0.0;0.3438;0.0;0.0;13.0;2.0;1.125;2
org.apache.lucene.search.SortComparator;3.0;1.0;0.0;7.0;7.0;3.0;4.0;5.0;2.0;2.0;21.0;0.0;0.0;0.0;0.6667;0.0;0.0;6.0;1.0;1.0;0
org.apache.lucene.index.TermVectorsReader;10.0;1.0;0.0;9.0;37.0;17.0;1.0;8.0;0.0;0.5556;659.0;1.0;4.0;0.0;0.2778;0.0;0.0;64.2;4.0;1.3;11
org.apache.lucene.index.KeepOnlyLastCommitDeletionPolicy;3.0;1.0;0.0;4.0;7.0;3.0;2.0;2.0;3.0;2.0;28.0;0.0;0.0;0.0;0.8333;0.0;0.0;8.3333;2.0;1.3333333333333333;1
org.apache.lucene.analysis.WhitespaceTokenizer;2.0;4.0;0.0;2.0;4.0;1.0;1.0;1.0;1.0;2.0;13.0;0.0;0.0;0.875;0.6667;1.0;1.0;5.5;2.0;1.5;0
org.apache.lucene.analysis.WhitespaceAnalyzer;2.0;2.0;0.0;3.0;4.0;1.0;0.0;3.0;2.0;2.0;10.0;0.0;0.0;0.6667;0.6667;0.0;0.0;4.0;1.0;1.0;0
org.apache.lucene.search.RemoteCachingWrapperFilter;2.0;2.0;0.0;3.0;6.0;0.0;0.0;3.0;2.0;0.0;18.0;1.0;1.0;0.5;0.6667;0.0;0.0;7.5;1.0;1.0;2
org.apache.lucene.search.TermQuery;8.0;2.0;0.0;15.0;22.0;0.0;10.0;6.0;6.0;0.1429;100.0;1.0;1.0;0.6316;0.2321;2.0;2.0;11.375;4.0;1.5;1
org.apache.lucene.search.spans.SpanFirstQuery;13.0;3.0;0.0;6.0;30.0;0.0;1.0;6.0;11.0;0.4167;176.0;1.0;1.0;0.5714;0.1923;2.0;2.0;12.3846;6.0;1.3846153846153846;0
org.apache.lucene.util.Constants;2.0;1.0;0.0;0.0;5.0;1.0;0.0;0.0;0.0;1.0;44.0;0.0;0.0;0.0;1.0;0.0;0.0;17.0;1.0;1.0;0
org.apache.lucene.search.spans.SpanQuery;5.0;2.0;5.0;17.0;7.0;10.0;12.0;6.0;4.0;2.0;14.0;0.0;0.0;0.75;0.4667;1.0;1.0;1.8;1.0;1.0;0
org.apache.lucene.search.HitQueue;2.0;2.0;0.0;6.0;4.0;1.0;4.0;2.0;0.0;2.0;39.0;0.0;0.0;0.9167;0.6667;1.0;3.0;18.5;4.0;2.5;0
org.apache.lucene.search.ScoreDoc;1.0;1.0;1.0;19.0;2.0;0.0;19.0;0.0;1.0;2.0;12.0;0.0;0.0;0.0;1.0;0.0;0.0;9.0;1.0;1.0;0
org.apache.lucene.search.FieldSortedHitQueue;14.0;2.0;0.0;17.0;47.0;73.0;2.0;16.0;4.0;0.8269;361.0;0.75;3.0;0.4783;0.2564;1.0;3.0;24.5;7.0;1.5;5
org.apache.lucene.analysis.LowerCaseFilter;2.0;3.0;0.0;4.0;5.0;1.0;1.0;3.0;2.0;2.0;21.0;0.0;0.0;0.8;0.75;0.0;0.0;9.5;1.0;1.0;1
org.apache.lucene.analysis.KeywordTokenizer;3.0;3.0;0.0;3.0;10.0;1.0;1.0;2.0;3.0;0.5;63.0;1.0;0.0;0.8;0.6667;0.0;0.0;19.0;1.0;1.0;3
org.apache.lucene.search.QueryFilter;3.0;3.0;0.0;4.0;7.0;3.0;0.0;4.0;3.0;2.0;20.0;0.0;0.0;0.7143;0.5556;2.0;3.0;5.6667;1.0;1.0;0
org.apache.lucene.index.TermInfosReader;17.0;1.0;0.0;9.0;35.0;72.0;2.0;7.0;4.0;0.65;474.0;1.0;6.0;0.0;0.3137;0.0;0.0;26.2941;4.0;1.2352941176470589;4
org.apache.lucene.search.RemoteSearchable;13.0;4.0;0.0;14.0;31.0;0.0;0.0;14.0;13.0;0.0;120.0;1.0;1.0;0.6;0.2051;0.0;0.0;8.1538;1.0;1.0;0
org.apache.lucene.index.TermInfosWriter;6.0;1.0;0.0;9.0;29.0;0.0;2.0;7.0;0.0;0.45;395.0;0.6667;5.0;0.0;0.4792;0.0;0.0;62.8333;1.0;1.0;3
org.apache.lucene.search.DisjunctionMaxScorer;11.0;2.0;0.0;4.0;25.0;0.0;1.0;3.0;7.0;0.625;447.0;1.0;0.0;0.4444;0.2879;1.0;3.0;39.2727;6.0;1.6363636363636365;1
org.apache.lucene.index.SegmentMergeQueue;3.0;2.0;0.0;5.0;9.0;3.0;2.0;3.0;0.0;2.0;47.0;0.0;0.0;0.8462;0.5556;1.0;3.0;14.6667;4.0;2.0;0
org.apache.lucene.search.function.ReverseOrdFieldSource;6.0;2.0;0.0;6.0;17.0;0.0;1.0;6.0;5.0;0.5;73.0;0.5;0.0;0.5556;0.4;2.0;2.0;10.8333;2.0;1.1666666666666667;2
org.apache.lucene.analysis.KeywordAnalyzer;2.0;2.0;0.0;3.0;4.0;1.0;0.0;3.0;2.0;2.0;10.0;0.0;0.0;0.6667;0.6667;0.0;0.0;4.0;1.0;1.0;1
org.apache.lucene.document.SetBasedFieldSelector;2.0;1.0;0.0;2.0;4.0;0.0;0.0;2.0;2.0;0.0;33.0;1.0;0.0;0.0;0.6667;0.0;0.0;14.5;3.0;2.0;0
org.apache.lucene.search.spans.Spans;5.0;1.0;0.0;20.0;5.0;10.0;20.0;0.0;5.0;2.0;5.0;0.0;0.0;0.0;0.6;0.0;0.0;0.0;1.0;1.0;0
org.apache.lucene.index.TermInfo;5.0;1.0;0.0;8.0;6.0;0.0;8.0;0.0;0.0;0.125;100.0;0.0;0.0;0.0;0.55;0.0;0.0;18.2;1.0;1.0;0
org.apache.lucene.search.DefaultSimilarity;7.0;2.0;0.0;3.0;10.0;21.0;3.0;1.0;7.0;2.0;54.0;0.0;0.0;0.7143;0.5;1.0;2.0;6.7143;1.0;1.0;0
org.apache.lucene.search.function.ValueSourceQuery;7.0;2.0;1.0;11.0;20.0;9.0;5.0;7.0;6.0;0.5;74.0;0.0;1.0;0.6667;0.2653;2.0;3.0;9.4286;4.0;1.4285714285714286;1
org.apache.lucene.index.DefaultSkipListReader;8.0;2.0;0.0;3.0;15.0;0.0;1.0;2.0;0.0;0.5714;158.0;1.0;0.0;0.5625;0.425;1.0;3.0;17.875;1.0;1.0;0
org.apache.lucene.index.TermVectorsWriter;15.0;1.0;0.0;13.0;54.0;41.0;2.0;11.0;10.0;0.8048;675.0;0.5333;5.0;0.0;0.237;0.0;0.0;43.0;3.0;1.2666666666666666;3
org.apache.lucene.util.ScorerDocQueue;16.0;1.0;0.0;3.0;24.0;0.0;2.0;2.0;12.0;0.3833;361.0;1.0;2.0;0.0;0.3281;0.0;0.0;21.3125;7.0;1.8125;0
org.apache.lucene.search.FieldDoc;2.0;2.0;0.0;4.0;3.0;1.0;3.0;1.0;2.0;1.0;16.0;0.0;0.0;0.0;0.875;0.0;0.0;6.5;1.0;1.0;1
org.apache.lucene.index.FieldInfo;1.0;1.0;0.0;8.0;2.0;0.0;8.0;0.0;0.0;2.0;36.0;0.0;0.0;0.0;1.0;0.0;0.0;27.0;1.0;1.0;1
org.apache.lucene.index.Term;12.0;1.0;0.0;71.0;21.0;0.0;71.0;0.0;9.0;0.1364;138.0;0.0;0.0;0.0;0.2917;1.0;1.0;10.3333;6.0;1.5833333333333333;1
org.apache.lucene.analysis.standard.StandardAnalyzer;7.0;2.0;0.0;8.0;15.0;0.0;0.0;8.0;6.0;0.5;67.0;0.5;0.0;0.6667;0.3333;0.0;0.0;8.2857;1.0;1.0;6
org.apache.lucene.util.PriorityQueue;12.0;1.0;9.0;12.0;13.0;0.0;12.0;0.0;8.0;0.4545;275.0;1.0;0.0;0.0;0.4444;0.0;0.0;21.6667;7.0;2.1666666666666665;1
org.apache.lucene.search.ReqExclScorer;7.0;2.0;0.0;4.0;16.0;0.0;1.0;3.0;6.0;0.3333;179.0;1.0;2.0;0.5714;0.4762;1.0;3.0;24.1429;1.0;1.0;0
org.apache.lucene.analysis.PerFieldAnalyzerWrapper;5.0;2.0;0.0;2.0;15.0;0.0;0.0;2.0;5.0;0.125;73.0;1.0;1.0;0.3333;0.55;0.0;0.0;13.2;2.0;1.4;0
org.apache.lucene.analysis.PorterStemFilter;2.0;3.0;0.0;4.0;6.0;0.0;0.0;4.0;2.0;0.0;35.0;1.0;1.0;0.8;0.75;0.0;0.0;16.0;1.0;1.0;1
org.apache.lucene.analysis.StopFilter;7.0;3.0;0.0;5.0;13.0;15.0;2.0;3.0;7.0;0.3333;106.0;1.0;0.0;0.5714;0.5143;0.0;0.0;13.8571;3.0;1.2857142857142858;4
org.apache.lucene.index.SegmentTermDocs;12.0;1.0;1.0;13.0;33.0;12.0;2.0;12.0;8.0;0.6909;377.0;0.8667;4.0;0.0;0.2188;0.0;0.0;29.1667;1.0;1.0;0
org.apache.lucene.search.BooleanScorer;12.0;2.0;0.0;8.0;29.0;26.0;1.0;7.0;7.0;0.6091;461.0;1.0;3.0;0.4444;0.3056;1.0;3.0;36.5833;2.0;1.25;0
org.apache.lucene.store.NoLock;5.0;2.0;0.0;2.0;6.0;10.0;1.0;1.0;4.0;2.0;15.0;0.0;0.0;0.5;1.0;1.0;1.0;2.0;1.0;1.0;0
org.apache.lucene.search.FieldDocSortedHitQueue;5.0;2.0;0.0;6.0;21.0;0.0;3.0;3.0;0.0;0.375;274.0;0.0;1.0;0.7333;0.5;1.0;3.0;53.4;18.0;5.2;2
org.apache.lucene.analysis.PorterStemmer;27.0;1.0;0.0;1.0;43.0;13.0;1.0;0.0;13.0;0.601;1174.0;1.0;0.0;0.0;0.2531;0.0;0.0;42.1852;26.0;5.777777777777778;1
org.apache.lucene.search.Explanation;13.0;1.0;1.0;41.0;24.0;64.0;41.0;0.0;11.0;0.6111;197.0;1.0;0.0;0.0;0.2923;0.0;0.0;13.9231;4.0;1.6153846153846154;0
org.apache.lucene.document.FieldSelector;1.0;1.0;0.0;18.0;1.0;0.0;17.0;1.0;1.0;2.0;1.0;0.0;0.0;0.0;1.0;0.0;0.0;0.0;1.0;1.0;0
org.apache.lucene.analysis.standard.StandardTokenizer;15.0;3.0;0.0;9.0;29.0;15.0;1.0;8.0;11.0;0.6;524.0;0.7;3.0;0.2667;0.2857;1.0;1.0;33.2667;10.0;2.1333333333333333;6
org.apache.lucene.index.IndexModifier;26.0;1.0;0.0;10.0;55.0;0.0;0.0;10.0;22.0;0.344;705.0;1.0;4.0;0.0;0.1846;0.0;0.0;25.7308;2.0;1.2692307692307692;5
org.apache.lucene.search.BooleanQuery;27.0;2.0;0.0;19.0;64.0;171.0;12.0;11.0;22.0;0.7692;443.0;1.0;0.0;0.3333;0.1026;2.0;6.0;15.2222;12.0;1.7037037037037037;3
org.apache.lucene.index.FilterIndexReader;24.0;2.0;0.0;11.0;50.0;0.0;0.0;11.0;19.0;0.0;171.0;1.0;1.0;0.7229;0.1991;1.0;8.0;6.0833;1.0;1.0;2
org.apache.lucene.store.RAMInputStream;8.0;2.0;0.0;3.0;13.0;0.0;1.0;2.0;7.0;0.5;204.0;0.875;1.0;0.6667;0.3;1.0;4.0;23.5;2.0;1.125;3
org.apache.lucene.search.ParallelMultiSearcher;6.0;3.0;0.0;16.0;33.0;3.0;1.0;16.0;6.0;0.4;297.0;1.0;1.0;0.881;0.3519;2.0;3.0;48.1667;1.0;1.0;1
org.apache.lucene.store.NativeFSLockFactory;7.0;2.0;0.0;4.0;27.0;9.0;1.0;3.0;4.0;0.3333;186.0;1.0;0.0;0.5;0.5714;0.0;0.0;25.4286;2.0;1.1428571428571428;2
org.apache.lucene.search.QueryTermVector;10.0;1.0;0.0;4.0;37.0;0.0;0.0;4.0;9.0;0.3889;280.0;1.0;0.0;0.0;0.34;0.0;0.0;26.8;5.0;2.1;1
org.apache.lucene.index.TermFreqVector;6.0;1.0;0.0;11.0;6.0;15.0;11.0;0.0;6.0;2.0;6.0;0.0;0.0;0.0;0.375;0.0;0.0;0.0;1.0;1.0;0
org.apache.lucene.search.FuzzyTermEnum;14.0;3.0;0.0;5.0;29.0;53.0;1.0;4.0;6.0;0.6923;514.0;1.0;1.0;0.5417;0.3333;1.0;4.0;34.9286;14.0;2.5;0
org.apache.lucene.search.BooleanClause;10.0;1.0;0.0;6.0;18.0;0.0;5.0;2.0;10.0;0.3333;104.0;1.0;2.0;0.0;0.375;1.0;1.0;9.2;4.0;1.5;0
org.apache.lucene.search.QueryWrapperFilter;5.0;2.0;0.0;7.0;17.0;0.0;2.0;6.0;5.0;0.0;62.0;1.0;1.0;0.2;0.4;1.0;1.0;11.2;2.0;1.2;1
org.apache.lucene.search.spans.SpanOrQuery;11.0;3.0;0.0;8.0;42.0;0.0;3.0;6.0;10.0;0.45;286.0;1.0;0.0;0.6154;0.2208;2.0;2.0;24.8182;7.0;2.090909090909091;0
org.apache.lucene.search.ConjunctionScorer;10.0;2.0;1.0;6.0;21.0;0.0;3.0;4.0;6.0;0.4127;340.0;1.0;1.0;0.4706;0.3;1.0;3.0;32.3;2.0;1.2;1
org.apache.lucene.search.Similarity;17.0;1.0;2.0;49.0;26.0;124.0;47.0;4.0;16.0;0.875;94.0;1.0;1.0;0.0;0.175;0.0;0.0;4.4118;2.0;1.0588235294117647;3
org.apache.lucene.analysis.standard.StandardFilter;3.0;3.0;0.0;5.0;17.0;1.0;1.0;4.0;2.0;0.5;98.0;1.0;0.0;0.8;0.75;0.0;0.0;31.0;1.0;1.0;1
org.apache.lucene.analysis.LetterTokenizer;2.0;4.0;1.0;2.0;4.0;1.0;1.0;1.0;1.0;2.0;9.0;0.0;0.0;0.875;0.6667;1.0;1.0;3.5;1.0;1.0;0
org.apache.lucene.index.StaleReaderException;1.0;4.0;0.0;2.0;2.0;0.0;2.0;0.0;1.0;2.0;5.0;0.0;0.0;1.0;1.0;0.0;0.0;4.0;1.0;1.0;0
org.apache.lucene.store.RAMFile;8.0;1.0;0.0;3.0;12.0;6.0;3.0;1.0;0.0;0.8095;115.0;0.3333;1.0;0.0;0.375;0.0;0.0;12.625;2.0;1.125;2
org.apache.lucene.search.FilteredTermEnum;9.0;2.0;2.0;7.0;14.0;8.0;5.0;2.0;6.0;0.5;103.0;1.0;2.0;0.3846;0.4074;1.0;2.0;10.2222;2.0;1.1111111111111112;0
org.apache.lucene.queryParser.FastCharStream;14.0;1.0;0.0;2.0;25.0;3.0;1.0;1.0;13.0;0.6026;237.0;0.0;0.0;0.0;0.4048;0.0;0.0;15.5;1.0;1.0;0
org.apache.lucene.store.FSDirectory;27.0;2.0;1.0;16.0;89.0;59.0;6.0;10.0;23.0;0.8205;995.0;0.8889;0.0;0.4048;0.2692;1.0;7.0;35.5185;2.0;1.0740740740740742;11
org.apache.lucene.index.SegmentMerger;16.0;1.0;0.0;25.0;99.0;0.0;3.0;24.0;0.0;0.6917;1172.0;0.9375;8.0;0.0;0.2;0.0;0.0;71.25;1.0;1.0;8
org.apache.lucene.analysis.standard.StandardTokenizerConstants;1.0;1.0;0.0;3.0;1.0;0.0;3.0;0.0;0.0;2.0;87.0;0.0;0.0;0.0;0.0;0.0;0.0;68.0;1.0;1.0;0
org.apache.lucene.store.AlreadyClosedException;1.0;5.0;0.0;4.0;2.0;0.0;4.0;0.0;1.0;2.0;5.0;0.0;0.0;1.0;1.0;0.0;0.0;4.0;1.0;1.0;0
org.apache.lucene.index.TermEnum;6.0;1.0;5.0;33.0;8.0;15.0;32.0;1.0;6.0;2.0;21.0;0.0;0.0;0.0;0.5833;0.0;0.0;2.5;1.0;1.0;0
org.apache.lucene.index.SegmentTermEnum;13.0;2.0;0.0;10.0;38.0;0.0;3.0;7.0;4.0;0.7667;367.0;0.5333;6.0;0.2941;0.2115;1.0;2.0;26.0769;1.0;1.0;3
org.apache.lucene.index.FieldsWriter;4.0;1.0;0.0;8.0;39.0;0.0;2.0;6.0;0.0;0.8889;235.0;0.5;3.0;0.0;0.375;0.0;0.0;56.25;2.0;1.25;7
org.apache.lucene.index.IndexFileNameFilter;5.0;1.0;0.0;3.0;14.0;4.0;2.0;1.0;4.0;0.5833;145.0;0.6667;1.0;0.0;0.5;0.0;0.0;27.4;7.0;3.4;1
org.apache.lucene.search.TopDocs;3.0;1.0;1.0;14.0;4.0;0.0;13.0;1.0;2.0;0.6667;25.0;0.3333;1.0;0.0;0.5833;0.0;0.0;6.3333;1.0;1.0;1
org.apache.lucene.index.CompoundFileWriter;6.0;1.0;0.0;6.0;39.0;0.0;1.0;5.0;5.0;0.6;339.0;1.0;1.0;0.0;0.3333;0.0;0.0;54.6667;4.0;1.8333333333333333;3
org.apache.lucene.analysis.Analyzer;3.0;1.0;6.0;13.0;4.0;3.0;12.0;1.0;3.0;2.0;8.0;0.0;0.0;0.0;0.6667;0.0;0.0;1.6667;1.0;1.0;1
org.apache.lucene.analysis.standard.FastCharStream;14.0;1.0;0.0;2.0;25.0;3.0;1.0;1.0;13.0;0.6026;237.0;0.0;0.0;0.0;0.4048;0.0;0.0;15.5;1.0;1.0;0
org.apache.lucene.store.SingleInstanceLockFactory;3.0;2.0;0.0;4.0;8.0;0.0;1.0;3.0;3.0;0.0;43.0;1.0;0.0;0.6667;0.8333;0.0;0.0;13.0;1.0;1.0;1
org.apache.lucene.store.MMapDirectory;2.0;3.0;0.0;5.0;10.0;1.0;0.0;5.0;2.0;1.0;48.0;1.0;0.0;0.9767;0.75;1.0;2.0;22.5;1.0;1.0;1
org.apache.lucene.search.PrefixGenerator;2.0;1.0;1.0;6.0;16.0;0.0;1.0;5.0;1.0;0.0;66.0;1.0;1.0;0.0;0.6667;0.0;0.0;31.5;1.0;1.0;0
org.apache.lucene.index.DocumentWriter;11.0;1.0;0.0;20.0;102.0;1.0;1.0;20.0;0.0;0.7333;1192.0;1.0;5.0;0.0;0.2273;0.0;0.0;106.0;10.0;2.5454545454545454;0
org.apache.lucene.search.TopFieldDocs;1.0;2.0;0.0;14.0;2.0;0.0;11.0;3.0;0.0;2.0;11.0;0.0;1.0;1.0;1.0;0.0;0.0;9.0;1.0;1.0;1
org.apache.lucene.analysis.standard.Token;3.0;1.0;0.0;3.0;4.0;3.0;3.0;0.0;3.0;1.4375;23.0;0.0;2.0;0.0;0.5;0.0;0.0;4.0;2.0;1.3333333333333333;0
org.apache.lucene.search.RangeQuery;9.0;2.0;0.0;9.0;32.0;0.0;1.0;8.0;9.0;0.2917;340.0;1.0;2.0;0.6;0.2593;2.0;3.0;36.4444;11.0;3.7777777777777777;2
org.apache.lucene.search.TermScorer;9.0;2.0;0.0;10.0;31.0;0.0;1.0;9.0;7.0;0.5455;409.0;1.0;2.0;0.5;0.2857;1.0;3.0;43.2222;2.0;1.2222222222222223;0
org.apache.lucene.document.AbstractField;18.0;1.0;3.0;7.0;32.0;51.0;3.0;4.0;15.0;0.81;503.0;1.0;0.0;0.0;0.1984;0.0;0.0;26.2222;19.0;2.7222222222222223;2
org.apache.lucene.search.function.ByteFieldSource;6.0;3.0;0.0;7.0;18.0;3.0;2.0;6.0;6.0;0.2;95.0;1.0;1.0;0.75;0.3611;2.0;3.0;14.6667;5.0;1.8333333333333333;1
org.apache.lucene.search.IndexSearcher;15.0;2.0;0.0;21.0;34.0;0.0;3.0;19.0;14.0;0.3571;164.0;0.5;1.0;0.6667;0.1897;1.0;3.0;9.8;1.0;1.0;2
org.apache.lucene.search.PhraseQuery;15.0;2.0;0.0;9.0;46.0;0.0;3.0;7.0;11.0;0.5893;303.0;1.0;0.0;0.4615;0.1917;2.0;3.0;18.9333;6.0;1.8666666666666667;1
org.apache.lucene.search.FilteredQuery;9.0;2.0;0.0;9.0;26.0;0.0;2.0;8.0;8.0;0.3125;143.0;0.0;2.0;0.6;0.2222;2.0;4.0;14.6667;5.0;1.4444444444444444;2
org.apache.lucene.store.LockObtainFailedException;1.0;4.0;0.0;5.0;2.0;0.0;5.0;0.0;1.0;2.0;5.0;0.0;0.0;1.0;1.0;0.0;0.0;4.0;1.0;1.0;0
org.apache.lucene.analysis.LowerCaseTokenizer;2.0;5.0;0.0;3.0;4.0;1.0;2.0;1.0;1.0;2.0;9.0;0.0;0.0;0.8889;0.6667;1.0;1.0;3.5;1.0;1.0;0
org.apache.lucene.store.BufferedIndexInput;14.0;2.0;2.0;4.0;26.0;7.0;3.0;1.0;9.0;0.6374;419.0;0.7143;0.0;0.56;0.4231;1.0;4.0;28.4286;7.0;1.5714285714285714;3
org.apache.lucene.search.PhraseQueue;2.0;2.0;0.0;5.0;4.0;1.0;3.0;2.0;0.0;2.0;51.0;0.0;0.0;0.9167;0.6667;1.0;3.0;24.5;6.0;3.5;0
org.apache.lucene.util.BitVector;14.0;1.0;0.0;5.0;28.0;0.0;2.0;3.0;8.0;0.2885;1483.0;1.0;0.0;0.0;0.3205;0.0;0.0;104.6429;10.0;2.0714285714285716;0
org.apache.lucene.index.TermVectorOffsetInfo;9.0;1.0;0.0;7.0;10.0;2.0;7.0;0.0;8.0;0.6667;83.0;0.6667;1.0;0.0;0.5;1.0;1.0;7.8889;5.0;1.4444444444444444;0
org.apache.lucene.search.ReqOptSumScorer;6.0;2.0;0.0;4.0;15.0;0.0;1.0;3.0;6.0;0.4667;113.0;1.0;2.0;0.6154;0.5;1.0;3.0;17.3333;1.0;1.0;0
org.apache.lucene.index.TermPositionVector;2.0;1.0;0.0;4.0;2.0;1.0;2.0;2.0;2.0;2.0;2.0;0.0;0.0;0.0;1.0;0.0;0.0;0.0;1.0;1.0;0
org.apache.lucene.index.IndexDeletionPolicy;2.0;1.0;0.0;5.0;2.0;1.0;5.0;0.0;2.0;2.0;2.0;0.0;0.0;0.0;1.0;0.0;0.0;0.0;1.0;1.0;1
org.apache.lucene.search.NonMatchingScorer;6.0;2.0;0.0;4.0;10.0;15.0;1.0;3.0;6.0;2.0;31.0;0.0;0.0;0.6154;0.6667;1.0;3.0;4.1667;1.0;1.0;0
org.apache.lucene.search.SortComparatorSource;1.0;1.0;0.0;6.0;1.0;0.0;4.0;2.0;1.0;2.0;1.0;0.0;0.0;0.0;1.0;0.0;0.0;0.0;1.0;1.0;0
org.apache.lucene.search.spans.SpanScorer;7.0;2.0;1.0;7.0;25.0;0.0;2.0;5.0;5.0;0.5208;201.0;1.0;2.0;0.5714;0.3095;1.0;3.0;26.5714;1.0;1.0;1
org.apache.lucene.search.IdGenerator;2.0;1.0;0.0;2.0;2.0;1.0;1.0;1.0;2.0;2.0;2.0;0.0;0.0;0.0;0.6667;0.0;0.0;0.0;1.0;1.0;0
org.apache.lucene.util.StringHelper;2.0;1.0;0.0;2.0;5.0;1.0;2.0;0.0;1.0;2.0;36.0;0.0;0.0;0.0;0.5;0.0;0.0;17.0;4.0;2.5;0
org.apache.lucene.index.MultiReader;28.0;2.0;0.0;17.0;61.0;0.0;1.0;16.0;17.0;0.6825;664.0;1.0;1.0;0.6977;0.1577;1.0;9.0;22.4643;6.0;1.4642857142857142;4
org.apache.lucene.index.CorruptIndexException;1.0;4.0;0.0;28.0;2.0;0.0;28.0;0.0;1.0;2.0;5.0;0.0;0.0;1.0;1.0;0.0;0.0;4.0;1.0;1.0;0
org.apache.lucene.store.IndexOutput;15.0;1.0;2.0;19.0;18.0;105.0;19.0;0.0;15.0;2.0;196.0;0.0;0.0;0.0;0.3111;0.0;0.0;12.0667;1.0;1.0;2
org.apache.lucene.search.RemoteSearchable_Stub;14.0;3.0;0.0;13.0;24.0;69.0;0.0;13.0;12.0;0.9634;723.0;0.5714;0.0;0.4;0.2051;0.0;0.0;49.1429;25.0;2.7142857142857144;0
org.apache.lucene.index.MultiTermPositions;6.0;2.0;0.0;5.0;12.0;3.0;1.0;4.0;5.0;2.0;36.0;0.0;0.0;0.6667;0.3056;1.0;1.0;5.0;1.0;1.0;0
org.apache.lucene.search.function.OrdFieldSource;6.0;2.0;0.0;6.0;17.0;0.0;1.0;6.0;5.0;0.5;66.0;1.0;0.0;0.5556;0.4;2.0;2.0;9.6667;2.0;1.1666666666666667;2
org.apache.lucene.search.SloppyPhraseScorer;4.0;3.0;0.0;9.0;19.0;0.0;3.0;7.0;0.0;0.5556;326.0;1.0;1.0;0.8696;0.3438;1.0;1.0;79.75;4.0;1.75;1
org.apache.lucene.index.SegmentTermPositions;15.0;2.0;0.0;6.0;27.0;7.0;1.0;6.0;7.0;0.6122;287.0;1.0;1.0;0.44;0.2;1.0;3.0;17.6667;3.0;1.1333333333333333;1
org.apache.lucene.document.FieldSelectorResult;4.0;1.0;0.0;7.0;6.0;0.0;7.0;0.0;2.0;0.875;83.0;0.125;7.0;0.0;0.5556;1.0;1.0;17.75;5.0;2.0;0
org.apache.lucene.store.IndexInput;15.0;1.0;5.0;31.0;18.0;103.0;31.0;0.0;15.0;0.9286;256.0;1.0;0.0;0.0;0.28;0.0;0.0;16.0;1.0;1.0;1
org.apache.lucene.index.IndexFileNames;3.0;1.0;0.0;5.0;8.0;3.0;5.0;0.0;0.0;1.3333;205.0;0.0;0.0;0.0;0.5;0.0;0.0;63.3333;3.0;1.6666666666666667;3
org.apache.lucene.search.function.DocValues;14.0;1.0;6.0;16.0;19.0;79.0;15.0;1.0;11.0;0.7231;133.0;1.0;0.0;0.0;0.7857;0.0;0.0;8.1429;3.0;1.1428571428571428;1
org.apache.lucene.search.function.FieldScoreQuery;2.0;3.0;0.0;7.0;12.0;1.0;0.0;7.0;1.0;2.0;52.0;0.0;0.0;0.9474;0.8333;0.0;0.0;25.0;5.0;3.0;0
org.apache.lucene.store.SingleInstanceLock;5.0;2.0;0.0;2.0;12.0;0.0;1.0;1.0;5.0;0.125;82.0;0.5;0.0;0.5;0.4667;1.0;1.0;15.0;1.0;1.0;0
org.apache.lucene.index.DefaultSkipListWriter;4.0;2.0;0.0;3.0;10.0;0.0;1.0;2.0;0.0;0.4848;176.0;1.0;2.0;0.625;0.625;1.0;1.0;40.25;1.0;1.0;0
org.apache.lucene.search.FieldCache;13.0;1.0;0.0;16.0;14.0;78.0;10.0;8.0;12.0;1.0417;20.0;0.0;1.0;0.0;0.4271;0.0;0.0;0.3846;1.0;1.0;1
org.apache.lucene.store.BufferedIndexOutput;10.0;2.0;1.0;2.0;12.0;17.0;1.0;1.0;8.0;0.5556;185.0;0.75;0.0;0.6087;0.36;1.0;3.0;17.1;1.0;1.0;0
org.apache.lucene.index.Posting;1.0;1.0;0.0;4.0;2.0;0.0;1.0;3.0;0.0;2.0;54.0;0.0;3.0;0.0;1.0;0.0;0.0;48.0;3.0;3.0;3
org.apache.lucene.index.CompoundFileReader;16.0;2.0;0.0;9.0;40.0;70.0;2.0;7.0;16.0;0.72;273.0;1.0;2.0;0.5484;0.5;1.0;5.0;15.75;1.0;1.0;2
org.apache.lucene.search.function.ValueSource;6.0;1.0;3.0;8.0;7.0;15.0;6.0;2.0;6.0;2.0;12.0;0.0;0.0;0.0;0.4444;1.0;1.0;1.0;1.0;1.0;1
org.apache.lucene.index.ParallelReader;27.0;2.0;0.0;16.0;84.0;193.0;3.0;16.0;21.0;0.8242;558.0;1.0;0.0;0.6977;0.1684;1.0;9.0;19.4074;2.0;1.0740740740740742;5
org.apache.lucene.search.DisjunctionSumScorer;12.0;2.0;1.0;7.0;37.0;0.0;2.0;5.0;9.0;0.4545;357.0;1.0;1.0;0.4444;0.4167;1.0;3.0;28.0833;3.0;1.1666666666666667;0
