org.apache.poi.ddf.EscherClientAnchorRecord;27.0;2.0;0.0;8.0;47.0;195.0;3.0;5.0;27.0;0.875;484.0;0.8333;0.0;0.4222;0.2654;1.0;5.0;16.4815;2.0;1.0740740740740742;1
org.apache.poi.hssf.record.LineFormatRecord;26.0;2.0;0.0;7.0;46.0;117.0;2.0;5.0;24.0;0.9364;503.0;0.3636;3.0;0.3429;0.3462;1.0;6.0;17.5;2.0;1.0384615384615385;2
org.apache.poi.hssf.record.BlankRecord;23.0;2.0;0.0;9.0;36.0;221.0;5.0;4.0;21.0;0.7273;350.0;0.75;0.0;0.375;0.3043;1.0;6.0;14.0435;7.0;1.9565217391304348;2
org.apache.poi.hssf.record.RKRecord;24.0;2.0;0.0;9.0;46.0;244.0;3.0;6.0;22.0;0.9082;400.0;0.4444;0.0;0.3636;0.2847;1.0;5.0;15.2917;6.0;1.5833333333333333;2
org.apache.poi.hssf.record.DrawingRecordForBiffViewer;5.0;3.0;0.0;2.0;8.0;10.0;1.0;1.0;4.0;1.25;26.0;0.0;0.0;0.9259;0.5;1.0;2.0;4.0;1.0;1.0;1
org.apache.poi.hssf.record.EndSubRecord;10.0;3.0;0.0;8.0;18.0;45.0;6.0;3.0;8.0;1.1111;84.0;0.0;0.0;0.65;0.525;1.0;6.0;7.3;2.0;1.1;2
org.apache.poi.hssf.record.formula.AbstractFunctionPtg;16.0;3.0;2.0;6.0;31.0;102.0;3.0;3.0;11.0;0.9333;9857.0;0.75;1.0;0.5172;0.1905;1.0;4.0;614.5625;5.0;1.3125;1
org.apache.poi.ddf.EscherDgRecord;13.0;2.0;0.0;7.0;29.0;34.0;2.0;5.0;13.0;0.8542;179.0;0.5;0.0;0.6129;0.3231;1.0;5.0;12.4615;1.0;1.0;0
org.apache.poi.hssf.record.formula.NotEqualPtg;9.0;3.0;0.0;4.0;13.0;36.0;2.0;2.0;9.0;1.125;62.0;0.0;0.0;0.6818;0.3333;1.0;4.0;5.6667;1.0;1.0;1
org.apache.poi.hssf.record.AxisRecord;20.0;2.0;0.0;6.0;35.0;114.0;2.0;4.0;18.0;0.8772;358.0;0.5556;0.0;0.4138;0.45;1.0;6.0;16.45;2.0;1.05;2
org.apache.poi.poifs.storage.HeaderBlockReader;7.0;1.0;0.0;7.0;20.0;9.0;2.0;5.0;7.0;0.8333;173.0;1.0;5.0;0.0;0.5714;0.0;0.0;22.8571;2.0;1.1428571428571428;1
org.apache.poi.hssf.record.ExtSSTInfoSubRecord;13.0;2.0;0.0;3.0;24.0;64.0;1.0;2.0;11.0;0.8833;143.0;0.6;0.0;0.5455;0.5;1.0;6.0;9.6154;1.0;1.0;1
org.apache.poi.hssf.record.InterfaceHdrRecord;11.0;2.0;0.0;5.0;21.0;49.0;2.0;3.0;9.0;0.9333;105.0;0.3333;0.0;0.6;0.5227;1.0;6.0;8.2727;2.0;1.0909090909090908;2
org.apache.poi.hssf.usermodel.HSSFChildAnchor;5.0;2.0;0.0;5.0;7.0;6.0;4.0;1.0;5.0;2.0;46.0;0.0;0.0;0.7692;0.7;1.0;1.0;8.2;2.0;1.4;0
org.apache.poi.poifs.property.Child;4.0;1.0;0.0;3.0;4.0;6.0;3.0;0.0;4.0;2.0;4.0;0.0;0.0;0.0;0.75;0.0;0.0;0.0;1.0;1.0;0
org.apache.poi.hssf.record.LeftMarginRecord;12.0;2.0;0.0;6.0;23.0;46.0;2.0;4.0;10.0;0.8182;120.0;0.5;0.0;0.5714;0.4;1.0;6.0;8.8333;2.0;1.0833333333333333;2
org.apache.poi.hssf.dev.HSSF;4.0;1.0;0.0;10.0;49.0;0.0;0.0;10.0;4.0;0.0;484.0;1.0;2.0;0.0;0.5625;0.0;0.0;119.0;8.0;2.75;1
org.apache.poi.hssf.record.formula.SubtractPtg;9.0;3.0;0.0;4.0;13.0;36.0;2.0;2.0;9.0;1.125;59.0;0.0;0.0;0.6818;0.3333;1.0;4.0;5.3333;1.0;1.0;1
org.apache.poi.hssf.record.RecordFormatException;1.0;4.0;0.0;140.0;2.0;0.0;140.0;0.0;1.0;2.0;5.0;0.0;0.0;1.0;1.0;0.0;0.0;4.0;1.0;1.0;0
org.apache.poi.poifs.filesystem.POIFSDocument;16.0;1.0;0.0;20.0;55.0;0.0;9.0;14.0;14.0;0.5;452.0;1.0;3.0;0.0;0.1989;0.0;0.0;27.0;6.0;1.375;0
org.apache.poi.hssf.record.formula.ExpPtg;7.0;2.0;0.0;3.0;10.0;9.0;2.0;2.0;7.0;0.9444;69.0;0.6667;0.0;0.6875;0.4286;1.0;4.0;8.4286;2.0;1.2857142857142858;2
org.apache.poi.hssf.record.InterfaceEndRecord;9.0;2.0;0.0;5.0;17.0;36.0;2.0;3.0;7.0;1.125;70.0;0.0;0.0;0.6667;0.5556;1.0;6.0;6.6667;2.0;1.1111111111111112;2
org.apache.poi.ddf.EscherProperties;7.0;1.0;0.0;6.0;16.0;9.0;5.0;1.0;3.0;1.1642;1460.0;0.0036;0.0;0.0;0.1905;0.0;0.0;168.2857;2.0;1.4285714285714286;0
org.apache.poi.ddf.EscherDggRecord;17.0;2.0;0.0;10.0;44.0;38.0;3.0;8.0;17.0;0.8229;418.0;0.6667;1.0;0.5429;0.2745;1.0;5.0;23.2353;3.0;1.2352941176470589;0
org.apache.poi.hssf.record.RkRec;1.0;1.0;0.0;1.0;2.0;0.0;1.0;0.0;0.0;2.0;6.0;0.0;0.0;0.0;1.0;0.0;0.0;3.0;1.0;1.0;0
org.apache.poi.ddf.EscherComplexProperty;9.0;2.0;1.0;6.0;32.0;0.0;2.0;4.0;9.0;0.125;165.0;0.0;0.0;0.5333;0.3519;1.0;1.0;17.2222;4.0;1.6666666666666667;0
org.apache.poi.poifs.filesystem.POIFSDocumentPath;9.0;1.0;0.0;13.0;20.0;0.0;13.0;0.0;9.0;0.25;294.0;1.0;0.0;0.0;0.3111;1.0;1.0;31.4444;7.0;2.2222222222222223;0
org.apache.poi.hssf.record.aggregates.RowRecordsAggregate;22.0;2.0;0.0;3.0;47.0;175.0;1.0;2.0;20.0;0.631;475.0;0.0;0.0;0.3636;0.303;1.0;5.0;20.4091;7.0;2.1363636363636362;3
org.apache.poi.poifs.property.Property;32.0;1.0;3.0;19.0;62.0;290.0;13.0;6.0;18.0;0.9626;732.0;1.0;16.0;0.0;0.1758;0.0;0.0;20.6875;3.0;1.28125;0
org.apache.poi.util.POILogger;26.0;1.0;3.0;11.0;42.0;325.0;10.0;1.0;22.0;1.04;685.0;0.0;0.0;0.0;0.5449;0.0;0.0;25.1538;17.0;2.269230769230769;0
org.apache.poi.hssf.record.formula.StringPtg;9.0;2.0;0.0;5.0;22.0;2.0;2.0;4.0;8.0;0.6667;202.0;0.1667;1.0;0.6471;0.3333;1.0;4.0;20.7778;2.0;1.4444444444444444;4
org.apache.poi.hssf.record.ContinueRecord;14.0;2.0;0.0;7.0;28.0;61.0;4.0;3.0;11.0;0.8077;241.0;0.5;0.0;0.5217;0.5;1.0;5.0;16.0714;4.0;1.2857142857142858;2
org.apache.poi.ddf.EscherRGBProperty;5.0;3.0;0.0;4.0;6.0;0.0;3.0;1.0;5.0;2.0;37.0;0.0;0.0;0.7778;0.4667;0.0;0.0;6.4;1.0;1.0;0
org.apache.poi.hssf.util.HSSFColor;6.0;1.0;48.0;52.0;56.0;15.0;52.0;46.0;6.0;1.2;923.0;1.0;0.0;0.0;0.6667;0.0;0.0;152.5;1.0;1.0;2
org.apache.poi.ddf.UnknownEscherRecord;12.0;2.0;0.0;6.0;44.0;28.0;1.0;5.0;11.0;0.6364;353.0;1.0;0.0;0.6552;0.2468;1.0;6.0;28.1667;3.0;1.5;0
org.apache.poi.util.IOUtils;3.0;1.0;0.0;3.0;5.0;3.0;3.0;0.0;2.0;2.0;43.0;0.0;0.0;0.0;0.5;0.0;0.0;13.3333;1.0;1.0;0
org.apache.poi.ddf.EscherPropertyMetaData;4.0;1.0;0.0;1.0;5.0;0.0;1.0;0.0;4.0;1.125;33.0;0.25;0.0;0.0;0.5833;0.0;0.0;5.25;1.0;1.0;0
org.apache.poi.poifs.storage.RawDataBlock;3.0;1.0;0.0;7.0;10.0;0.0;5.0;2.0;3.0;0.25;78.0;1.0;0.0;0.0;0.6667;0.0;0.0;24.3333;1.0;1.0;1
org.apache.poi.hssf.record.RefModeRecord;12.0;2.0;0.0;5.0;22.0;54.0;2.0;3.0;10.0;0.9545;117.0;0.25;0.0;0.5714;0.5;1.0;6.0;8.4167;2.0;1.0833333333333333;2
org.apache.poi.ddf.EscherSpRecord;12.0;2.0;0.0;12.0;30.0;32.0;7.0;5.0;11.0;1.0341;320.0;0.125;0.0;0.6333;0.35;1.0;5.0;24.3333;13.0;2.0;1
org.apache.poi.hssf.record.FormatRecord;17.0;2.0;0.0;7.0;32.0;72.0;3.0;4.0;15.0;0.7917;280.0;0.8333;0.0;0.4615;0.2689;1.0;6.0;15.1176;4.0;1.4705882352941178;2
org.apache.poi.hssf.record.IterationRecord;12.0;2.0;0.0;5.0;22.0;46.0;2.0;3.0;10.0;0.8182;125.0;0.5;0.0;0.5714;0.4;1.0;6.0;9.25;2.0;1.25;2
org.apache.poi.hssf.record.SaveRecalcRecord;12.0;2.0;0.0;5.0;22.0;46.0;2.0;3.0;10.0;0.8182;125.0;0.5;0.0;0.5714;0.4;1.0;6.0;9.25;2.0;1.25;2
org.apache.poi.poifs.storage.PropertyBlock;3.0;2.0;0.0;5.0;9.0;1.0;1.0;4.0;1.0;0.75;103.0;1.0;1.0;0.6;0.4;1.0;1.0;32.6667;3.0;2.0;0
org.apache.poi.poifs.filesystem.Entry;6.0;1.0;0.0;8.0;6.0;15.0;8.0;1.0;6.0;2.0;6.0;0.0;0.0;0.0;0.5833;0.0;0.0;0.0;1.0;1.0;0
org.apache.poi.hssf.record.SSTDeserializer;23.0;1.0;0.0;5.0;46.0;123.0;1.0;4.0;4.0;0.6591;668.0;1.0;1.0;0.0;0.2671;0.0;0.0;27.6087;9.0;2.391304347826087;1
org.apache.poi.hpsf.HPSFRuntimeException;5.0;4.0;2.0;5.0;7.0;4.0;5.0;0.0;5.0;0.5;29.0;1.0;0.0;0.9444;0.6;0.0;0.0;4.6;1.0;1.0;1
org.apache.poi.ddf.EscherArrayProperty;14.0;3.0;0.0;6.0;31.0;19.0;2.0;4.0;13.0;1.0769;379.0;1.0;0.0;0.5556;0.3857;1.0;4.0;26.0;3.0;1.5714285714285714;2
org.apache.poi.hssf.record.VerticalPageBreakRecord;5.0;3.0;0.0;2.0;9.0;10.0;1.0;1.0;5.0;1.25;28.0;0.0;0.0;0.9615;0.55;1.0;3.0;4.4;1.0;1.0;2
org.apache.poi.hssf.record.BottomMarginRecord;12.0;2.0;0.0;6.0;23.0;46.0;2.0;4.0;10.0;0.8182;120.0;0.5;0.0;0.5714;0.4;1.0;6.0;8.8333;2.0;1.0833333333333333;2
org.apache.poi.hpsf.wellknown.SectionIDMap;8.0;3.0;0.0;3.0;15.0;26.0;2.0;1.0;7.0;0.8571;217.0;0.25;1.0;0.9;0.3429;1.0;1.0;25.625;3.0;1.375;1
org.apache.poi.hssf.record.MergeCellsRecord;15.0;2.0;0.0;6.0;35.0;49.0;3.0;4.0;13.0;0.75;369.0;0.5;0.0;0.5;0.5167;1.0;6.0;23.4667;2.0;1.4666666666666666;1
org.apache.poi.hssf.record.SeriesLabelsRecord;24.0;2.0;0.0;5.0;41.0;0.0;0.0;5.0;22.0;0.7174;409.0;0.875;6.0;0.3636;0.35;1.0;6.0;15.7083;2.0;1.0416666666666667;2
org.apache.poi.hssf.record.WindowProtectRecord;11.0;2.0;0.0;5.0;21.0;43.0;2.0;3.0;9.0;0.85;115.0;0.5;0.0;0.6;0.4182;1.0;6.0;9.2727;2.0;1.2727272727272727;2
org.apache.poi.hssf.eventusermodel.HSSFUserException;5.0;3.0;0.0;3.0;7.0;4.0;3.0;0.0;5.0;0.5;29.0;1.0;0.0;0.9444;0.6;0.0;0.0;4.6;1.0;1.0;0
org.apache.poi.hssf.model.SimpleFilledShape;6.0;2.0;0.0;12.0;36.0;11.0;1.0;12.0;2.0;0.8;173.0;1.0;2.0;0.5;0.5417;1.0;1.0;27.5;3.0;1.3333333333333333;0
org.apache.poi.hssf.eventusermodel.HSSFRequest;4.0;1.0;0.0;8.0;17.0;0.0;3.0;5.0;3.0;0.0;115.0;1.0;0.0;0.0;0.5;0.0;0.0;27.5;2.0;1.5;0
org.apache.poi.ddf.EscherDump;9.0;1.0;0.0;8.0;41.0;36.0;1.0;8.0;5.0;2.0;3581.0;0.0;0.0;0.0;0.2963;0.0;0.0;396.8889;3.0;1.4444444444444444;0
org.apache.poi.hssf.dev.BiffViewer;12.0;1.0;0.0;129.0;165.0;62.0;1.0;129.0;5.0;0.8182;1357.0;0.5;0.0;0.0;0.2396;0.0;0.0;111.9167;123.0;11.583333333333334;4
org.apache.poi.hssf.record.formula.ConcatPtg;9.0;3.0;0.0;4.0;13.0;36.0;2.0;2.0;9.0;1.125;60.0;0.3333;0.0;0.6818;0.3333;1.0;4.0;5.3333;1.0;1.0;2
org.apache.poi.poifs.storage.SmallDocumentBlock;12.0;1.0;0.0;8.0;25.0;24.0;6.0;2.0;8.0;0.8636;319.0;1.0;0.0;0.0;0.2143;0.0;0.0;25.25;4.0;1.5;0
org.apache.poi.hssf.record.DataFormatRecord;20.0;2.0;0.0;7.0;37.0;88.0;2.0;5.0;18.0;0.7632;346.0;0.8333;1.0;0.4138;0.36;1.0;6.0;16.0;2.0;1.05;2
org.apache.poi.hssf.record.AbstractEscherHolderRecord;17.0;2.0;4.0;12.0;45.0;44.0;4.0;8.0;13.0;0.75;298.0;1.0;0.0;0.48;0.3875;1.0;6.0;16.3529;4.0;1.6470588235294117;1
org.apache.poi.poifs.storage.RawDataBlockList;1.0;2.0;0.0;7.0;8.0;0.0;4.0;3.0;1.0;2.0;30.0;0.0;0.0;1.0;1.0;0.0;0.0;29.0;1.0;1.0;0
org.apache.poi.hssf.usermodel.HSSFCell;30.0;1.0;0.0;25.0;104.0;87.0;10.0;16.0;22.0;0.7483;1151.0;0.6;4.0;0.0;0.1462;0.0;0.0;36.7;20.0;3.066666666666667;6
org.apache.poi.hssf.record.ExternSheetRecord;14.0;2.0;0.0;6.0;33.0;65.0;2.0;4.0;12.0;0.7436;227.0;0.6667;0.0;0.5217;0.4;1.0;6.0;15.0;2.0;1.2857142857142858;2
org.apache.poi.hssf.eventmodel.ModelFactory;5.0;1.0;0.0;8.0;24.0;2.0;0.0;8.0;4.0;0.6667;117.0;0.0;1.0;0.0;0.36;0.0;0.0;21.8;7.0;2.4;0
org.apache.poi.util.HexDump;13.0;1.0;0.0;65.0;32.0;60.0;65.0;0.0;8.0;0.3333;621.0;0.6667;0.0;0.0;0.213;0.0;0.0;46.5385;10.0;2.0;0
org.apache.poi.poifs.storage.BlockAllocationTableWriter;8.0;1.0;0.0;7.0;17.0;0.0;2.0;5.0;7.0;0.5714;135.0;1.0;2.0;0.0;0.4583;0.0;0.0;15.5;3.0;1.5;0
org.apache.poi.hssf.util.RangeAddress;30.0;1.0;0.0;3.0;52.0;331.0;3.0;0.0;24.0;0.8736;767.0;0.0;0.0;0.0;0.3917;0.0;0.0;24.3667;6.0;2.7333333333333334;1
org.apache.poi.hssf.record.DrawingRecord;11.0;2.0;0.0;5.0;17.0;25.0;2.0;3.0;8.0;0.8;126.0;0.5;0.0;0.6;0.5682;1.0;5.0;10.2727;3.0;1.5454545454545454;1
org.apache.poi.hssf.record.MulBlankRecord;14.0;2.0;0.0;6.0;25.0;77.0;3.0;3.0;11.0;0.8615;210.0;0.8;0.0;0.5217;0.5179;1.0;5.0;13.6429;2.0;1.2142857142857142;2
org.apache.poi.poifs.dev.POIFSViewer;3.0;1.0;0.0;2.0;19.0;3.0;0.0;2.0;2.0;2.0;112.0;0.0;0.0;0.0;0.3333;0.0;0.0;36.3333;4.0;3.0;0
org.apache.poi.util.StringUtil;12.0;1.0;0.0;15.0;33.0;66.0;15.0;0.0;10.0;1.0909;494.0;1.0;0.0;0.0;0.2738;0.0;0.0;40.0833;10.0;2.6666666666666665;1
org.apache.poi.hssf.usermodel.StaticFontMetrics;4.0;1.0;0.0;2.0;28.0;4.0;1.0;1.0;1.0;0.8889;138.0;0.6667;0.0;0.0;0.3333;0.0;0.0;32.75;10.0;3.25;0
org.apache.poi.hssf.record.CalcModeRecord;12.0;2.0;0.0;5.0;22.0;54.0;2.0;3.0;10.0;0.9818;118.0;0.2;0.0;0.5714;0.5;1.0;6.0;8.4167;2.0;1.0833333333333333;2
org.apache.poi.hssf.record.PrintGridlinesRecord;12.0;2.0;0.0;6.0;22.0;46.0;3.0;3.0;10.0;0.8182;126.0;0.5;0.0;0.5714;0.4;1.0;6.0;9.3333;2.0;1.25;2
org.apache.poi.hssf.record.BeginRecord;9.0;2.0;0.0;5.0;17.0;36.0;2.0;3.0;7.0;1.125;70.0;0.0;0.0;0.6667;0.5556;1.0;6.0;6.6667;2.0;1.1111111111111112;2
org.apache.poi.poifs.property.Parent;4.0;1.0;0.0;3.0;4.0;6.0;1.0;2.0;4.0;2.0;4.0;0.0;0.0;0.0;0.5833;0.0;0.0;0.0;1.0;1.0;0
org.apache.poi.ddf.EscherClientDataRecord;9.0;2.0;0.0;10.0;27.0;6.0;5.0;5.0;9.0;0.875;180.0;0.3333;0.0;0.7037;0.3556;1.0;5.0;18.6667;2.0;1.2222222222222223;0
org.apache.poi.poifs.eventfilesystem.POIFSReaderEvent;4.0;1.0;0.0;6.0;5.0;0.0;4.0;2.0;3.0;0.6667;28.0;1.0;2.0;0.0;0.4375;0.0;0.0;5.25;1.0;1.0;0
org.apache.poi.hssf.record.LabelRecord;23.0;2.0;0.0;7.0;37.0;219.0;2.0;5.0;21.0;0.8506;341.0;0.8571;0.0;0.375;0.3478;1.0;5.0;13.5217;6.0;1.6956521739130435;2
org.apache.poi.hssf.record.SeriesTextRecord;18.0;2.0;0.0;6.0;33.0;81.0;1.0;5.0;16.0;0.7647;306.0;0.8;0.0;0.4444;0.3056;1.0;6.0;15.7222;2.0;1.0555555555555556;2
org.apache.poi.hssf.record.FooterRecord;14.0;2.0;0.0;9.0;26.0;69.0;5.0;4.0;12.0;0.7436;185.0;0.6667;0.0;0.5217;0.3214;1.0;6.0;12.0;3.0;1.3571428571428572;2
org.apache.poi.hssf.record.formula.MemFuncPtg;10.0;3.0;0.0;5.0;13.0;3.0;2.0;3.0;10.0;0.7222;73.0;0.5;0.0;0.5789;0.4;1.0;4.0;6.1;1.0;1.0;1
org.apache.poi.hssf.record.formula.AreaPtg;29.0;2.0;0.0;7.0;50.0;100.0;2.0;6.0;28.0;0.75;556.0;0.8889;3.0;0.2973;0.2217;1.0;5.0;17.8621;5.0;1.2758620689655173;2
org.apache.poi.hssf.usermodel.HSSFPalette;6.0;1.0;0.0;6.0;11.0;0.0;2.0;4.0;5.0;0.0;170.0;1.0;1.0;0.0;0.5417;0.0;0.0;27.1667;5.0;2.5;1
org.apache.poi.hssf.record.CustomField;4.0;1.0;0.0;1.0;4.0;6.0;1.0;0.0;4.0;2.0;4.0;0.0;0.0;0.0;0.5;0.0;0.0;0.0;1.0;1.0;1
org.apache.poi.poifs.property.PropertyTable;11.0;1.0;0.0;11.0;34.0;0.0;2.0;9.0;10.0;0.5667;209.0;1.0;1.0;0.0;0.2727;0.0;0.0;17.7273;3.0;1.2727272727272727;0
org.apache.poi.hssf.usermodel.HSSFErrorConstants;0.0;1.0;0.0;0.0;0.0;0.0;0.0;0.0;0.0;2.0;7.0;0.0;0.0;0.0;0.0;0.0;0.0;0.0;0.0;0.0;0
org.apache.poi.hssf.record.BookBoolRecord;11.0;2.0;0.0;5.0;21.0;43.0;2.0;3.0;9.0;0.85;104.0;0.5;0.0;0.6;0.5227;1.0;6.0;8.2727;2.0;1.0909090909090908;2
org.apache.poi.hssf.record.SCLRecord;14.0;2.0;0.0;8.0;26.0;57.0;4.0;4.0;12.0;0.7692;193.0;0.6667;0.0;0.5217;0.4821;1.0;6.0;12.5714;2.0;1.0714285714285714;2
org.apache.poi.poifs.filesystem.DirectoryEntry;9.0;1.0;0.0;10.0;9.0;36.0;7.0;4.0;9.0;2.0;9.0;0.0;0.0;0.0;0.3148;0.0;0.0;0.0;1.0;1.0;0
org.apache.poi.hssf.record.NumberRecord;25.0;2.0;0.0;11.0;41.0;258.0;7.0;4.0;23.0;0.7583;387.0;0.8;0.0;0.3529;0.2571;1.0;6.0;14.28;7.0;1.88;2
org.apache.poi.hssf.usermodel.HSSFCellStyle;42.0;1.0;0.0;9.0;89.0;0.0;7.0;2.0;41.0;1.0;361.0;0.0667;1.0;0.0;0.3048;0.0;0.0;6.5238;5.0;1.119047619047619;2
org.apache.poi.ddf.DefaultEscherRecordFactory;5.0;1.0;1.0;10.0;30.0;8.0;3.0;7.0;2.0;0.9808;292.0;0.1538;0.0;0.0;0.3;0.0;0.0;54.8;12.0;4.4;1
org.apache.poi.hssf.eventmodel.ERFListener;1.0;1.0;0.0;4.0;1.0;0.0;3.0;1.0;1.0;2.0;1.0;0.0;0.0;0.0;1.0;0.0;0.0;0.0;1.0;1.0;0
org.apache.poi.ddf.EscherTextboxRecord;9.0;2.0;0.0;7.0;41.0;4.0;1.0;6.0;8.0;0.875;302.0;0.5;0.0;0.7308;0.35;1.0;5.0;32.1111;4.0;1.5555555555555556;1
org.apache.poi.hssf.record.SupBookRecord;13.0;2.0;0.0;5.0;24.0;56.0;2.0;3.0;11.0;0.7778;139.0;0.6667;0.0;0.5455;0.5;1.0;6.0;9.4615;2.0;1.0769230769230769;2
org.apache.poi.hssf.dev.EFHSSFListener;2.0;1.0;0.0;3.0;4.0;0.0;1.0;3.0;2.0;0.0;14.0;0.0;1.0;0.0;0.6667;0.0;0.0;5.5;1.0;1.0;0
org.apache.poi.hssf.record.TopMarginRecord;12.0;2.0;0.0;6.0;23.0;46.0;2.0;4.0;10.0;0.8182;120.0;0.5;0.0;0.5714;0.4;1.0;6.0;8.8333;2.0;1.0833333333333333;2
org.apache.poi.hssf.record.formula.MultiplyPtg;11.0;3.0;0.0;4.0;16.0;55.0;2.0;3.0;11.0;1.1;96.0;0.3333;0.0;0.625;0.2727;1.0;4.0;7.4545;1.0;1.0;2
org.apache.poi.hssf.record.formula.BoolPtg;10.0;2.0;0.0;3.0;12.0;3.0;2.0;2.0;9.0;0.9167;87.0;0.5;0.0;0.6111;0.2833;1.0;4.0;7.3;2.0;1.3;2
org.apache.poi.hssf.model.AbstractShape;6.0;1.0;4.0;20.0;28.0;15.0;5.0;19.0;3.0;2.0;190.0;0.0;0.0;0.0;0.3333;0.0;0.0;30.6667;6.0;2.5;1
org.apache.poi.hssf.usermodel.FontDetails;9.0;1.0;0.0;2.0;30.0;20.0;2.0;0.0;8.0;0.625;290.0;1.0;0.0;0.0;0.3016;0.0;0.0;30.8889;8.0;2.5555555555555554;0
org.apache.poi.hssf.record.DSFRecord;11.0;2.0;0.0;5.0;21.0;49.0;2.0;3.0;9.0;0.85;104.0;0.5;0.0;0.6;0.5227;1.0;6.0;8.2727;2.0;1.0909090909090908;2
org.apache.poi.hssf.record.MulRKRecord;15.0;2.0;0.0;8.0;34.0;87.0;3.0;5.0;12.0;0.8714;228.0;0.8;0.0;0.5;0.5167;1.0;5.0;13.8667;2.0;1.2;2
org.apache.poi.hssf.record.ExtSSTRecord;17.0;2.0;0.0;8.0;41.0;66.0;4.0;4.0;15.0;0.85;319.0;0.4;0.0;0.4615;0.3137;1.0;6.0;17.4706;3.0;1.411764705882353;1
org.apache.poi.ddf.EscherOptRecord;12.0;2.0;0.0;15.0;46.0;0.0;8.0;8.0;11.0;0.7576;269.0;0.3333;0.0;0.6333;0.2778;1.0;5.0;21.1667;3.0;1.3333333333333333;0
org.apache.poi.hssf.record.formula.MissingArgPtg;7.0;2.0;0.0;2.0;8.0;21.0;1.0;2.0;7.0;1.1667;32.0;0.5;0.0;0.6875;0.4286;1.0;4.0;3.2857;1.0;1.0;2
org.apache.poi.hssf.record.AxisLineFormatRecord;12.0;2.0;0.0;6.0;24.0;46.0;2.0;4.0;10.0;1.0;143.0;0.1667;0.0;0.5714;0.5;1.0;6.0;10.4167;2.0;1.0833333333333333;2
org.apache.poi.hssf.record.PageBreakRecord;17.0;2.0;2.0;7.0;40.0;106.0;4.0;4.0;15.0;0.7604;483.0;0.5;0.0;0.48;0.4853;1.0;6.0;27.0588;5.0;1.7647058823529411;2
org.apache.poi.hssf.record.BoolErrRecord;30.0;2.0;0.0;6.0;46.0;327.0;2.0;4.0;28.0;0.7759;501.0;0.8333;0.0;0.3077;0.2167;1.0;6.0;15.5;8.0;2.1666666666666665;2
org.apache.poi.poifs.storage.DocumentBlock;9.0;2.0;0.0;5.0;17.0;0.0;2.0;3.0;7.0;0.7083;224.0;1.0;0.0;0.3333;0.2222;1.0;2.0;23.5556;4.0;1.6666666666666667;0
org.apache.poi.hssf.record.FrameRecord;18.0;2.0;0.0;7.0;35.0;37.0;2.0;5.0;16.0;0.8067;285.0;0.5714;2.0;0.4444;0.3667;1.0;6.0;14.4444;2.0;1.0555555555555556;2
org.apache.poi.ddf.EscherPropertyFactory;2.0;1.0;0.0;10.0;20.0;1.0;1.0;9.0;2.0;2.0;175.0;0.0;0.0;0.0;0.625;0.0;0.0;86.5;13.0;7.0;0
org.apache.poi.poifs.eventfilesystem.POIFSReader;7.0;1.0;0.0;18.0;51.0;3.0;1.0;17.0;6.0;0.0833;282.0;1.0;1.0;0.0;0.3036;0.0;0.0;39.0;6.0;2.0;0
org.apache.poi.hssf.record.GridsetRecord;12.0;2.0;0.0;5.0;22.0;46.0;2.0;3.0;10.0;0.8182;126.0;0.0;0.0;0.5714;0.4;1.0;6.0;9.3333;2.0;1.25;2
org.apache.poi.hssf.record.formula.PowerPtg;9.0;3.0;0.0;4.0;13.0;36.0;2.0;2.0;9.0;1.125;62.0;0.0;0.0;0.6818;0.3333;1.0;4.0;5.6667;1.0;1.0;1
org.apache.poi.poifs.storage.HeaderBlockConstants;0.0;1.0;0.0;2.0;0.0;0.0;2.0;0.0;0.0;2.0;10.0;0.0;0.0;0.0;0.0;0.0;0.0;0.0;0.0;0.0;0
org.apache.poi.poifs.dev.POIFSViewEngine;4.0;1.0;0.0;2.0;24.0;4.0;1.0;1.0;2.0;0.3333;146.0;1.0;0.0;0.0;0.4667;0.0;0.0;35.25;6.0;2.75;0
org.apache.poi.hssf.record.formula.FuncPtg;7.0;4.0;0.0;4.0;17.0;0.0;2.0;2.0;6.0;0.8889;120.0;0.3333;0.0;0.8529;0.5238;2.0;9.0;15.7143;1.0;1.0;1
org.apache.poi.hssf.record.RightMarginRecord;12.0;2.0;0.0;6.0;23.0;46.0;2.0;4.0;10.0;0.8182;120.0;0.5;0.0;0.5714;0.4;1.0;6.0;8.8333;2.0;1.0833333333333333;2
org.apache.poi.hssf.dev.FormulaViewer;9.0;1.0;0.0;11.0;40.0;28.0;0.0;11.0;6.0;0.6875;416.0;1.0;0.0;0.0;0.3333;0.0;0.0;45.0;13.0;3.3333333333333335;1
org.apache.poi.hssf.record.SSTRecord;25.0;2.0;0.0;12.0;71.0;94.0;3.0;9.0;20.0;0.8974;488.0;0.3846;2.0;0.3529;0.2629;2.0;7.0;18.0;6.0;1.64;2
org.apache.poi.hssf.usermodel.HSSFName;7.0;1.0;0.0;4.0;22.0;0.0;1.0;3.0;5.0;0.1667;88.0;1.0;2.0;0.0;0.4286;0.0;0.0;11.2857;2.0;1.1428571428571428;1
org.apache.poi.hssf.dev.EFHSSF;6.0;1.0;0.0;17.0;45.0;5.0;1.0;17.0;6.0;0.55;243.0;0.0;2.0;0.0;0.375;0.0;0.0;38.8333;11.0;3.0;1
org.apache.poi.poifs.property.DocumentProperty;7.0;2.0;0.0;6.0;14.0;9.0;5.0;2.0;5.0;0.5;48.0;1.0;1.0;0.8571;0.3429;0.0;0.0;5.7143;1.0;1.0;0
org.apache.poi.hssf.record.SSTSerializer;12.0;1.0;0.0;7.0;35.0;16.0;2.0;6.0;8.0;0.7273;359.0;0.5556;2.0;0.0;0.3194;0.0;0.0;28.1667;9.0;2.0833333333333335;3
org.apache.poi.hssf.usermodel.HSSFPrintSetup;39.0;1.0;0.0;3.0;78.0;0.0;2.0;1.0;38.0;0.9237;234.0;0.0;1.0;0.0;0.3026;0.0;0.0;4.7436;2.0;1.0512820512820513;0
org.apache.poi.util.SystemOutLogger;4.0;2.0;0.0;1.0;12.0;4.0;0.0;1.0;4.0;0.6667;44.0;1.0;0.0;0.8929;0.5;1.0;3.0;9.75;2.0;1.5;0
org.apache.poi.hssf.model.ConvertAnchor;2.0;1.0;0.0;8.0;36.0;1.0;2.0;6.0;2.0;2.0;137.0;0.0;0.0;0.0;0.5;0.0;0.0;67.5;2.0;1.5;0
org.apache.poi.poifs.filesystem.DocumentOutputStream;8.0;2.0;0.0;3.0;15.0;4.0;3.0;0.0;5.0;0.4286;90.0;1.0;0.0;0.4167;0.425;1.0;1.0;9.875;1.0;1.0;0
org.apache.poi.poifs.storage.BATBlock;11.0;2.0;0.0;6.0;16.0;43.0;4.0;2.0;7.0;0.9167;220.0;1.0;1.0;0.25;0.2955;1.0;2.0;18.4545;5.0;1.7272727272727273;0
org.apache.poi.hssf.model.LineShape;5.0;2.0;0.0;16.0;41.0;6.0;1.0;16.0;2.0;0.75;181.0;1.0;2.0;0.5556;0.55;1.0;1.0;34.8;3.0;1.4;0
org.apache.poi.ddf.EscherBSERecord;31.0;2.0;0.0;5.0;55.0;281.0;0.0;5.0;31.0;0.9409;567.0;0.5455;0.0;0.3878;0.2304;1.0;5.0;16.5806;3.0;1.096774193548387;0
org.apache.poi.hssf.record.IndexRecord;18.0;2.0;0.0;6.0;37.0;103.0;2.0;4.0;16.0;0.8487;325.0;0.0;1.0;0.4444;0.4722;1.0;6.0;16.6667;2.0;1.3333333333333333;3
org.apache.poi.util.LittleEndianConsts;0.0;1.0;0.0;1.0;0.0;0.0;1.0;0.0;0.0;2.0;5.0;0.0;0.0;0.0;0.0;0.0;0.0;0.0;0.0;0.0;0
org.apache.poi.hssf.record.MMSRecord;13.0;2.0;0.0;5.0;22.0;66.0;2.0;3.0;11.0;0.8056;138.0;0.6667;0.0;0.5455;0.4;1.0;6.0;9.3846;2.0;1.0769230769230769;2
org.apache.poi.hssf.record.WindowTwoRecord;48.0;2.0;0.0;7.0;64.0;162.0;3.0;4.0;46.0;0.8617;889.0;0.95;12.0;0.2105;0.325;1.0;6.0;17.1042;3.0;1.0625;2
org.apache.poi.poifs.storage.BlockAllocationTableReader;7.0;1.0;0.0;10.0;29.0;1.0;5.0;6.0;1.0;0.0;256.0;1.0;1.0;0.0;0.5143;0.0;0.0;35.4286;2.0;1.1428571428571428;0
org.apache.poi.hpsf.UnexpectedPropertySetTypeException;4.0;4.0;0.0;5.0;8.0;6.0;4.0;1.0;4.0;2.0;20.0;0.0;0.0;1.0;0.6667;0.0;0.0;4.0;1.0;1.0;1
org.apache.poi.hssf.record.HeaderRecord;14.0;2.0;0.0;9.0;26.0;69.0;5.0;4.0;12.0;0.7436;186.0;0.6667;0.0;0.5217;0.3214;1.0;6.0;12.0714;3.0;1.3571428571428572;2
org.apache.poi.hssf.record.StringRecord;17.0;2.0;0.0;9.0;32.0;74.0;5.0;4.0;13.0;0.75;222.0;0.75;0.0;0.4615;0.2941;1.0;6.0;11.8235;2.0;1.2941176470588236;3
org.apache.poi.util.BinaryTree;57.0;2.0;0.0;18.0;87.0;1362.0;17.0;7.0;17.0;0.9271;1805.0;1.0;1.0;0.25;0.2653;1.0;7.0;30.4561;19.0;2.6140350877192984;0
org.apache.poi.poifs.eventfilesystem.POIFSReaderRegistry;6.0;1.0;0.0;4.0;22.0;0.0;1.0;3.0;0.0;0.3333;163.0;1.0;0.0;0.0;0.5;0.0;0.0;25.6667;5.0;2.5;0
org.apache.poi.hssf.record.formula.OperationPtg;5.0;2.0;18.0;21.0;6.0;10.0;20.0;1.0;5.0;1.25;13.0;0.0;0.0;0.7333;0.6;0.0;0.0;1.0;1.0;1.0;0
org.apache.poi.util.LongField;11.0;1.0;0.0;5.0;21.0;9.0;2.0;3.0;11.0;0.25;92.0;1.0;0.0;0.0;0.4545;0.0;0.0;7.1818;1.0;1.0;0
org.apache.poi.hssf.eventusermodel.HSSFEventFactory;6.0;1.0;0.0;10.0;19.0;15.0;2.0;8.0;5.0;2.0;171.0;0.0;0.0;0.0;0.6667;0.0;0.0;27.5;1.0;1.0;2
org.apache.poi.hssf.record.EndRecord;9.0;2.0;0.0;5.0;17.0;36.0;2.0;3.0;7.0;1.125;70.0;0.0;0.0;0.6667;0.5556;1.0;6.0;6.6667;2.0;1.1111111111111112;2
org.apache.poi.hssf.record.FontBasisRecord;20.0;2.0;0.0;6.0;32.0;114.0;2.0;4.0;18.0;0.7895;355.0;0.8333;0.0;0.4138;0.45;1.0;6.0;16.45;2.0;1.05;2
org.apache.poi.hssf.record.SheetPropertiesRecord;24.0;2.0;0.0;7.0;42.0;0.0;2.0;5.0;22.0;0.8182;421.0;0.6364;5.0;0.3636;0.2917;1.0;6.0;16.0833;2.0;1.0416666666666667;2
org.apache.poi.hssf.model.WorkbookRecordList;28.0;1.0;0.0;2.0;35.0;198.0;1.0;1.0;28.0;0.8418;388.0;1.0;0.0;0.0;0.3839;0.0;0.0;12.4643;12.0;1.7857142857142858;1
org.apache.poi.hssf.record.BOFRecord;22.0;2.0;0.0;9.0;35.0;169.0;6.0;3.0;20.0;0.9468;314.0;0.3529;0.0;0.3871;0.4432;1.0;6.0;12.5;2.0;1.0454545454545454;2
org.apache.poi.hssf.record.PrintSetupRecord;49.0;2.0;0.0;9.0;66.0;664.0;5.0;4.0;46.0;0.9021;726.0;0.95;8.0;0.2105;0.2708;1.0;6.0;13.4082;2.0;1.0204081632653061;2
org.apache.poi.hssf.model.Node;5.0;1.0;0.0;2.0;6.0;0.0;1.0;1.0;5.0;0.5833;43.0;1.0;2.0;0.0;0.4;0.0;0.0;7.0;1.0;1.0;0
org.apache.poi.hssf.record.SeriesToChartGroupRecord;12.0;2.0;0.0;6.0;24.0;46.0;2.0;4.0;10.0;0.8182;139.0;0.5;0.0;0.5714;0.5;1.0;6.0;10.4167;2.0;1.0833333333333333;2
org.apache.poi.hssf.record.RecordProcessor;9.0;1.0;0.0;4.0;17.0;0.0;1.0;3.0;7.0;0.5;234.0;1.0;1.0;0.0;0.5111;0.0;0.0;24.5556;2.0;1.2222222222222223;2
org.apache.poi.hssf.record.ProtectionRev4Record;11.0;2.0;0.0;5.0;21.0;43.0;2.0;3.0;9.0;0.85;114.0;0.5;0.0;0.6;0.4182;1.0;6.0;9.1818;2.0;1.2727272727272727;2
org.apache.poi.hssf.record.HorizontalPageBreakRecord;5.0;3.0;0.0;2.0;9.0;10.0;1.0;1.0;5.0;1.25;28.0;0.0;0.0;0.9615;0.55;1.0;3.0;4.4;1.0;1.0;1
org.apache.poi.hssf.record.TickRecord;38.0;2.0;0.0;7.0;61.0;367.0;2.0;5.0;36.0;0.8541;805.0;0.9333;4.0;0.2553;0.2763;1.0;6.0;19.7895;2.0;1.0263157894736843;2
org.apache.poi.poifs.storage.BigBlock;4.0;1.0;4.0;5.0;6.0;6.0;4.0;1.0;1.0;2.0;15.0;0.0;0.0;0.0;0.6667;0.0;0.0;2.75;1.0;1.0;0
org.apache.poi.hssf.record.StyleRecord;24.0;2.0;0.0;7.0;39.0;204.0;2.0;5.0;21.0;0.8826;416.0;0.7;1.0;0.3636;0.2986;1.0;6.0;15.9167;4.0;1.4166666666666667;2
org.apache.poi.hssf.record.CommonObjectDataSubRecord;30.0;3.0;0.0;10.0;50.0;155.0;6.0;5.0;28.0;0.9754;620.0;0.2381;4.0;0.325;0.34;1.0;6.0;18.2667;2.0;1.0333333333333334;2
org.apache.poi.hssf.record.formula.Area3DPtg;34.0;2.0;0.0;11.0;57.0;187.0;5.0;7.0;34.0;0.7475;728.0;0.8889;2.0;0.2619;0.1985;2.0;6.0;20.1471;8.0;1.5;2
org.apache.poi.poifs.storage.BlockWritable;1.0;1.0;0.0;9.0;1.0;0.0;9.0;0.0;1.0;2.0;1.0;0.0;0.0;0.0;1.0;0.0;0.0;0.0;1.0;1.0;0
org.apache.poi.hssf.record.WSBoolRecord;31.0;2.0;0.0;7.0;44.0;171.0;3.0;4.0;28.0;0.8639;404.0;0.9167;9.0;0.3077;0.2833;1.0;6.0;11.6452;2.0;1.032258064516129;2
org.apache.poi.hssf.record.EOFRecord;10.0;2.0;0.0;7.0;18.0;45.0;4.0;3.0;8.0;1.1111;77.0;0.0;0.0;0.6316;0.525;1.0;6.0;6.6;2.0;1.1;2
org.apache.poi.hssf.record.formula.EqualPtg;9.0;3.0;0.0;4.0;13.0;36.0;2.0;2.0;9.0;1.125;62.0;0.0;0.0;0.6818;0.3333;1.0;4.0;5.6667;1.0;1.0;1
org.apache.poi.hssf.record.LegendRecord;36.0;2.0;0.0;7.0;57.0;196.0;2.0;5.0;34.0;0.9093;742.0;0.5652;6.0;0.2667;0.2778;1.0;6.0;18.9722;2.0;1.0277777777777777;2
org.apache.poi.util.IntegerField;11.0;1.0;0.0;7.0;17.0;9.0;4.0;3.0;11.0;0.25;85.0;1.0;0.0;0.0;0.5227;0.0;0.0;6.5455;1.0;1.0;0
org.apache.poi.hssf.record.DefaultDataLabelTextPropertiesRecord;12.0;2.0;0.0;6.0;24.0;46.0;2.0;4.0;10.0;0.9818;142.0;0.2;0.0;0.5714;0.5;1.0;6.0;10.4167;2.0;1.0833333333333333;2
org.apache.poi.hssf.record.ObjRecord;14.0;2.0;0.0;12.0;36.0;1.0;8.0;4.0;12.0;0.6923;243.0;0.5;0.0;0.5217;0.4;1.0;6.0;16.2143;2.0;1.4285714285714286;5
org.apache.poi.hssf.record.PColor;3.0;1.0;0.0;1.0;9.0;0.0;1.0;0.0;3.0;0.0;86.0;0.0;0.0;0.0;0.5;0.0;0.0;26.6667;1.0;1.0;0
org.apache.poi.hssf.eventmodel.ListenerWrapper;2.0;1.0;0.0;3.0;5.0;0.0;1.0;2.0;1.0;0.0;49.0;1.0;1.0;0.0;0.6;0.0;0.0;22.0;5.0;3.0;0
org.apache.poi.hssf.record.SeriesListRecord;12.0;2.0;0.0;4.0;24.0;36.0;1.0;3.0;10.0;0.7727;141.0;0.5;0.0;0.5714;0.4;1.0;6.0;10.5833;2.0;1.0833333333333333;2
org.apache.poi.hssf.record.CountryRecord;13.0;2.0;0.0;5.0;23.0;66.0;2.0;3.0;11.0;0.8056;138.0;0.6667;0.0;0.5455;0.5;1.0;6.0;9.3846;2.0;1.0769230769230769;2
org.apache.poi.ddf.EscherRecordFactory;1.0;1.0;0.0;19.0;1.0;0.0;19.0;1.0;1.0;2.0;1.0;0.0;0.0;0.0;1.0;0.0;0.0;0.0;1.0;1.0;0
org.apache.poi.hssf.record.formula.Ptg;12.0;1.0;16.0;46.0;56.0;60.0;25.0;35.0;12.0;1.0;399.0;0.25;0.0;0.0;0.2833;0.0;0.0;31.9167;4.0;1.25;5
org.apache.poi.hssf.record.formula.AddPtg;10.0;3.0;0.0;4.0;14.0;45.0;2.0;2.0;10.0;1.1111;63.0;0.3333;0.0;0.6522;0.32;1.0;4.0;5.0;1.0;1.0;2
org.apache.poi.poifs.filesystem.POIFSFileSystem;17.0;1.0;0.0;39.0;95.0;106.0;12.0;28.0;13.0;0.3542;461.0;1.0;2.0;0.0;0.1448;0.0;0.0;25.9412;2.0;1.2352941176470589;0
org.apache.poi.poifs.filesystem.DirectoryNode;20.0;2.0;0.0;14.0;65.0;94.0;3.0;14.0;15.0;0.6491;327.0;1.0;2.0;0.3214;0.1545;1.0;1.0;15.2;4.0;1.35;0
org.apache.poi.hssf.record.NameRecord;63.0;2.0;0.0;14.0;109.0;1553.0;5.0;10.0;56.0;0.9583;1354.0;0.4634;0.0;0.169;0.2024;1.0;6.0;19.8413;8.0;1.619047619047619;5
org.apache.poi.dev.RecordGenerator;3.0;1.0;0.0;1.0;30.0;3.0;0.0;1.0;2.0;2.0;315.0;0.0;0.0;0.0;0.3333;0.0;0.0;104.0;1.0;1.0;1
org.apache.poi.hssf.record.ChartFormatRecord;19.0;2.0;0.0;6.0;35.0;109.0;2.0;4.0;17.0;0.8175;263.0;0.8571;1.0;0.4286;0.3684;1.0;6.0;12.4737;2.0;1.0526315789473684;2
org.apache.poi.ddf.NullEscherSerializationListener;3.0;1.0;0.0;3.0;4.0;3.0;2.0;2.0;3.0;2.0;8.0;0.0;0.0;0.0;0.75;0.0;0.0;1.6667;1.0;1.0;0
org.apache.poi.poifs.filesystem.DocumentNode;9.0;2.0;0.0;9.0;17.0;30.0;3.0;7.0;6.0;0.75;55.0;1.0;1.0;0.5294;0.4074;1.0;1.0;5.0;1.0;1.0;0
org.apache.poi.hssf.record.PlotAreaRecord;10.0;2.0;0.0;5.0;18.0;45.0;2.0;3.0;8.0;1.1111;85.0;0.0;0.0;0.6316;0.525;1.0;6.0;7.4;2.0;1.1;2
org.apache.poi.hpsf.PropertySetFactory;2.0;1.0;0.0;7.0;8.0;1.0;1.0;6.0;2.0;2.0;28.0;0.0;0.0;0.0;0.5;0.0;0.0;13.0;1.0;1.0;1
org.apache.poi.hssf.record.CellValueRecordInterface;10.0;1.0;0.0;13.0;10.0;45.0;13.0;0.0;10.0;2.0;10.0;0.0;0.0;0.0;0.4;0.0;0.0;0.0;1.0;1.0;0
org.apache.poi.ddf.EscherSpgrRecord;15.0;2.0;0.0;7.0;32.0;43.0;1.0;6.0;15.0;0.8333;253.0;0.6667;0.0;0.5758;0.3333;1.0;5.0;15.4667;2.0;1.0666666666666667;0
org.apache.poi.hssf.record.AxisParentRecord;20.0;2.0;0.0;6.0;35.0;114.0;2.0;4.0;18.0;0.8553;357.0;0.625;0.0;0.4138;0.45;1.0;6.0;16.45;2.0;1.05;2
org.apache.poi.hssf.record.DateWindow1904Record;11.0;2.0;0.0;5.0;21.0;49.0;2.0;3.0;9.0;0.85;104.0;0.5;0.0;0.6;0.5227;1.0;6.0;8.2727;2.0;1.0909090909090908;2
org.apache.poi.hssf.record.formula.UnionPtg;9.0;3.0;0.0;4.0;13.0;36.0;2.0;2.0;9.0;1.125;58.0;0.0;0.0;0.6818;0.3333;1.0;4.0;5.3333;1.0;1.0;1
org.apache.poi.hssf.record.RefreshAllRecord;11.0;2.0;0.0;5.0;21.0;43.0;2.0;3.0;9.0;0.85;114.0;0.5;0.0;0.6;0.4182;1.0;6.0;9.1818;2.0;1.2727272727272727;2
org.apache.poi.poifs.storage.SmallBlockTableWriter;6.0;1.0;0.0;7.0;22.0;3.0;1.0;6.0;6.0;0.75;111.0;1.0;2.0;0.0;0.3333;0.0;0.0;16.8333;4.0;1.5;0
org.apache.poi.hssf.record.LinkedDataFormulaField;10.0;1.0;0.0;5.0;31.0;3.0;2.0;3.0;9.0;0.2222;183.0;0.0;0.0;0.0;0.3333;0.0;0.0;17.2;2.0;1.4;2
org.apache.poi.hssf.record.formula.AttrPtg;25.0;3.0;0.0;6.0;36.0;106.0;2.0;4.0;25.0;0.7538;487.0;0.9091;7.0;0.3947;0.18;1.0;4.0;18.04;8.0;1.4;2
org.apache.poi.hssf.util.CellReference;12.0;1.0;0.0;6.0;27.0;34.0;6.0;0.0;9.0;0.6909;306.0;1.0;0.0;0.0;0.375;0.0;0.0;24.0833;6.0;2.0;1
org.apache.poi.hpsf.Thumbnail;8.0;1.0;0.0;2.0;12.0;8.0;0.0;2.0;7.0;0.8214;129.0;0.0833;0.0;0.0;0.6429;0.0;0.0;13.625;1.0;1.0;1
org.apache.poi.hssf.usermodel.HSSFRichTextString;14.0;1.0;0.0;5.0;41.0;21.0;4.0;1.0;14.0;0.5641;240.0;0.0;0.0;0.0;0.2976;0.0;0.0;15.9286;8.0;1.7142857142857142;1
org.apache.poi.hssf.model.PolygonShape;5.0;2.0;0.0;17.0;48.0;6.0;1.0;17.0;2.0;0.9167;439.0;0.6667;2.0;0.5556;0.55;1.0;1.0;86.2;4.0;1.6;1
org.apache.poi.hssf.record.DeltaRecord;12.0;2.0;0.0;5.0;23.0;54.0;2.0;3.0;10.0;0.9091;115.0;0.3333;0.0;0.5714;0.4;1.0;6.0;8.3333;2.0;1.0833333333333333;2
org.apache.poi.hssf.record.UnicodeString;25.0;2.0;0.0;9.0;48.0;228.0;6.0;3.0;20.0;0.7708;417.0;0.8333;0.0;0.3529;0.2514;2.0;6.0;15.44;6.0;1.76;4
org.apache.poi.hssf.record.formula.NumberPtg;10.0;2.0;0.0;4.0;18.0;39.0;2.0;3.0;9.0;0.8519;78.0;0.3333;0.0;0.6111;0.2833;1.0;4.0;6.5;1.0;1.0;1
org.apache.poi.hssf.record.LinkedDataRecord;22.0;2.0;0.0;8.0;46.0;105.0;2.0;6.0;20.0;0.9206;420.0;0.4;2.0;0.3871;0.2532;1.0;6.0;17.4091;2.0;1.0454545454545454;2
org.apache.poi.hpsf.MarkUnsupportedException;4.0;4.0;0.0;4.0;8.0;6.0;3.0;1.0;4.0;2.0;20.0;0.0;0.0;1.0;0.6667;0.0;0.0;4.0;1.0;1.0;1
org.apache.poi.util.ShortField;11.0;1.0;0.0;5.0;21.0;9.0;2.0;3.0;11.0;0.25;92.0;1.0;0.0;0.0;0.4545;0.0;0.0;7.1818;1.0;1.0;0
org.apache.poi.hssf.record.SSTRecordSizeCalculator;8.0;1.0;0.0;3.0;20.0;0.0;2.0;2.0;3.0;0.369;441.0;1.0;1.0;0.0;0.4167;0.0;0.0;52.625;6.0;2.5;2
org.apache.poi.poifs.common.POIFSConstants;0.0;1.0;0.0;0.0;0.0;0.0;0.0;0.0;0.0;2.0;4.0;0.0;0.0;0.0;0.0;0.0;0.0;0.0;0.0;0.0;0
org.apache.poi.hssf.record.UnitsRecord;12.0;2.0;0.0;6.0;24.0;46.0;2.0;4.0;10.0;0.8182;139.0;0.5;0.0;0.5714;0.5;1.0;6.0;10.4167;2.0;1.0833333333333333;2
org.apache.poi.util.DrawingDump;2.0;1.0;0.0;3.0;8.0;1.0;0.0;3.0;2.0;2.0;27.0;0.0;0.0;0.0;0.5;0.0;0.0;12.5;1.0;1.0;0
org.apache.poi.hpsf.DocumentSummaryInformation;16.0;3.0;0.0;4.0;28.0;120.0;1.0;3.0;16.0;1.0667;104.0;0.0;0.0;0.6341;0.5313;0.0;0.0;5.4375;1.0;1.0;1
org.apache.poi.hssf.record.formula.DividePtg;9.0;3.0;0.0;4.0;13.0;36.0;2.0;2.0;9.0;1.125;64.0;0.0;0.0;0.6818;0.3333;1.0;4.0;5.8889;1.0;1.0;2
org.apache.poi.hssf.record.formula.GreaterThanPtg;10.0;3.0;0.0;4.0;14.0;45.0;2.0;2.0;10.0;1.1111;63.0;0.3333;0.0;0.6522;0.32;1.0;4.0;5.0;1.0;1.0;1
org.apache.poi.hpsf.Section;12.0;1.0;0.0;8.0;30.0;48.0;3.0;5.0;9.0;0.8182;322.0;1.0;2.0;0.0;0.5;0.0;0.0;25.25;7.0;2.0833333333333335;2
org.apache.poi.hpsf.HPSFException;5.0;3.0;3.0;5.0;7.0;4.0;5.0;0.0;5.0;0.5;29.0;1.0;0.0;0.9444;0.6;0.0;0.0;4.6;1.0;1.0;1
org.apache.poi.hssf.record.BoundSheetRecord;20.0;2.0;0.0;7.0;40.0;142.0;3.0;4.0;18.0;0.7982;340.0;0.8333;0.0;0.4138;0.3;1.0;6.0;15.7;10.0;1.65;2
org.apache.poi.hssf.model.Model;0.0;1.0;0.0;4.0;0.0;0.0;4.0;0.0;0.0;2.0;0.0;0.0;0.0;0.0;0.0;0.0;0.0;0.0;0.0;0.0;0
org.apache.poi.hssf.eventusermodel.AbortableHSSFListener;3.0;1.0;0.0;4.0;4.0;3.0;1.0;3.0;3.0;2.0;7.0;0.0;0.0;0.0;0.8333;0.0;0.0;1.3333;1.0;1.0;0
org.apache.poi.hssf.record.ExternSheetSubRecord;15.0;2.0;0.0;4.0;25.0;87.0;2.0;2.0;13.0;0.8036;141.0;0.75;0.0;0.5;0.4833;1.0;6.0;8.1333;1.0;1.0;2
org.apache.poi.ddf.EscherSimpleProperty;8.0;2.0;3.0;11.0;23.0;0.0;7.0;4.0;8.0;0.1429;115.0;1.0;0.0;0.5714;0.375;1.0;1.0;13.25;5.0;1.5;0
org.apache.poi.poifs.filesystem.POIFSWriterEvent;5.0;1.0;0.0;5.0;6.0;2.0;3.0;2.0;4.0;0.75;36.0;1.0;2.0;0.0;0.36;0.0;0.0;5.4;1.0;1.0;0
org.apache.poi.hssf.record.SelectionRecord;20.0;2.0;0.0;5.0;31.0;138.0;2.0;3.0;18.0;0.8271;304.0;0.8571;0.0;0.4138;0.36;1.0;6.0;13.85;2.0;1.05;2
org.apache.poi.hssf.record.GroupMarkerSubRecord;10.0;3.0;0.0;5.0;21.0;0.0;2.0;4.0;8.0;0.6667;171.0;0.5;0.0;0.65;0.525;1.0;6.0;15.9;2.0;1.2;1
org.apache.poi.util.POILogFactory;4.0;1.0;0.0;8.0;15.0;4.0;6.0;2.0;2.0;0.3333;55.0;1.0;0.0;0.0;0.3333;0.0;0.0;12.5;2.0;1.25;0
org.apache.poi.hpsf.Variant;1.0;1.0;0.0;0.0;2.0;0.0;0.0;0.0;1.0;2.0;51.0;0.0;0.0;0.0;1.0;0.0;0.0;3.0;1.0;1.0;1
org.apache.poi.hssf.record.ExtendedFormatRecord;96.0;2.0;0.0;9.0;117.0;3214.0;5.0;4.0;93.0;0.9812;1476.0;0.4831;34.0;0.1154;0.3137;1.0;6.0;13.4479;3.0;1.03125;2
org.apache.poi.hssf.record.formula.GreaterEqualPtg;9.0;3.0;0.0;4.0;13.0;36.0;2.0;2.0;9.0;1.125;62.0;0.0;0.0;0.6818;0.3333;1.0;4.0;5.6667;1.0;1.0;1
org.apache.poi.hssf.record.RowRecord;37.0;2.0;0.0;10.0;54.0;348.0;6.0;4.0;35.0;0.8433;659.0;0.9286;5.0;0.2609;0.2793;1.0;6.0;16.4324;4.0;1.2162162162162162;4
org.apache.poi.hssf.record.CalcCountRecord;12.0;2.0;0.0;5.0;22.0;54.0;2.0;3.0;10.0;0.8182;115.0;0.5;0.0;0.5714;0.5;1.0;6.0;8.4167;2.0;1.0833333333333333;2
org.apache.poi.hpsf.NoSingleSectionException;4.0;5.0;0.0;2.0;8.0;6.0;1.0;1.0;4.0;2.0;20.0;0.0;0.0;1.0;0.6667;0.0;0.0;4.0;1.0;1.0;1
org.apache.poi.hssf.record.SeriesChartGroupIndexRecord;12.0;2.0;0.0;4.0;24.0;46.0;0.0;4.0;10.0;0.8182;139.0;0.5;0.0;0.5714;0.5;1.0;6.0;10.4167;2.0;1.0833333333333333;2
org.apache.poi.hssf.usermodel.HSSFSimpleShape;3.0;2.0;1.0;10.0;4.0;0.0;8.0;2.0;2.0;1.125;22.0;0.0;0.0;0.8889;0.5;0.0;0.0;5.0;1.0;1.0;1
org.apache.poi.hssf.record.DimensionsRecord;18.0;2.0;0.0;6.0;30.0;107.0;3.0;3.0;16.0;0.7941;257.0;0.8333;0.0;0.4444;0.4583;1.0;6.0;12.9444;2.0;1.0555555555555556;2
org.apache.poi.hssf.usermodel.HSSFShape;17.0;1.0;3.0;14.0;19.0;84.0;11.0;3.0;16.0;0.994;152.0;0.0;2.0;0.0;0.3176;0.0;0.0;6.7059;4.0;1.1764705882352942;0
org.apache.poi.hpsf.PropertySet;22.0;1.0;1.0;16.0;56.0;197.0;6.0;10.0;16.0;0.8139;376.0;0.5455;1.0;0.0;0.369;0.0;0.0;15.5909;4.0;1.2727272727272727;3
org.apache.poi.hssf.record.formula.UnaryPlusPtg;10.0;3.0;0.0;4.0;14.0;45.0;2.0;2.0;10.0;1.1111;57.0;0.3333;0.0;0.6522;0.32;1.0;4.0;4.4;1.0;1.0;1
org.apache.poi.hssf.record.PaneRecord;20.0;2.0;0.0;6.0;32.0;114.0;2.0;4.0;18.0;0.8947;359.0;0.5;0.0;0.4138;0.45;1.0;6.0;16.45;2.0;1.05;2
org.apache.poi.hssf.record.RecordFactory;8.0;1.0;0.0;15.0;60.0;16.0;4.0;11.0;5.0;0.9903;1434.0;0.0341;0.0;0.0;0.1429;0.0;0.0;167.25;85.0;12.875;7
org.apache.poi.poifs.filesystem.BATManaged;2.0;1.0;0.0;5.0;2.0;1.0;5.0;0.0;2.0;2.0;2.0;0.0;0.0;0.0;0.75;0.0;0.0;0.0;1.0;1.0;0
org.apache.poi.hssf.usermodel.HSSFTextbox;11.0;3.0;0.0;9.0;14.0;41.0;5.0;4.0;11.0;0.9167;66.0;0.0;1.0;0.6429;0.3273;0.0;0.0;4.4545;1.0;1.0;0
org.apache.poi.hssf.record.aggregates.ValueRecordsAggregate;14.0;2.0;0.0;8.0;34.0;41.0;1.0;7.0;12.0;0.7115;225.0;0.0;0.0;0.48;0.2857;1.0;5.0;14.7857;9.0;2.0714285714285716;7
org.apache.poi.hssf.model.Sheet;130.0;1.0;0.0;67.0;377.0;6765.0;5.0;62.0;95.0;0.9443;3648.0;0.7105;19.0;0.0;0.067;0.0;0.0;26.7692;42.0;2.2846153846153845;11
org.apache.poi.poifs.filesystem.DocumentEntry;1.0;1.0;0.0;9.0;1.0;0.0;8.0;1.0;1.0;2.0;1.0;0.0;0.0;0.0;1.0;0.0;0.0;0.0;1.0;1.0;0
org.apache.poi.hssf.record.PaletteRecord;13.0;2.0;0.0;8.0;32.0;52.0;4.0;4.0;11.0;0.9333;1213.0;0.4;0.0;0.5714;0.4154;1.0;6.0;91.9231;4.0;1.6923076923076923;2
org.apache.poi.hssf.record.SharedFormulaRecord;11.0;2.0;0.0;6.0;20.0;25.0;3.0;3.0;9.0;0.8;179.0;0.5;0.0;0.5714;0.4318;1.0;6.0;14.9091;3.0;1.3636363636363635;4
org.apache.poi.hssf.usermodel.HSSFClientAnchor;16.0;2.0;0.0;7.0;30.0;54.0;4.0;3.0;14.0;0.7;388.0;0.0;0.0;0.4167;0.3625;1.0;1.0;23.0;4.0;1.6875;0
org.apache.poi.hssf.usermodel.HSSFDataFormat;8.0;1.0;0.0;4.0;28.0;0.0;2.0;2.0;7.0;0.5714;427.0;1.0;1.0;0.0;0.25;0.0;0.0;51.875;7.0;3.5;3
org.apache.poi.hssf.record.formula.ControlPtg;1.0;2.0;1.0;2.0;2.0;0.0;1.0;1.0;1.0;2.0;4.0;0.0;0.0;1.0;1.0;0.0;0.0;3.0;1.0;1.0;0
org.apache.poi.util.LittleEndian;35.0;1.0;0.0;199.0;43.0;595.0;197.0;2.0;32.0;2.0;379.0;0.0;0.0;0.0;0.2;0.0;0.0;9.8286;2.0;1.2285714285714286;1
org.apache.poi.hssf.record.PlotGrowthRecord;14.0;2.0;0.0;6.0;27.0;57.0;2.0;4.0;12.0;0.7692;193.0;0.6667;0.0;0.5217;0.4821;1.0;6.0;12.5714;2.0;1.0714285714285714;2
org.apache.poi.hssf.record.formula.UnknownPtg;7.0;2.0;0.0;2.0;8.0;21.0;0.0;2.0;7.0;1.0;26.0;1.0;0.0;0.6875;0.4286;1.0;4.0;2.5714;1.0;1.0;1
org.apache.poi.hpsf.IllegalPropertySetDataException;4.0;5.0;0.0;1.0;8.0;6.0;0.0;1.0;4.0;2.0;20.0;0.0;0.0;1.0;0.6667;0.0;0.0;4.0;1.0;1.0;1
org.apache.poi.hssf.record.Margin;2.0;1.0;0.0;5.0;2.0;1.0;5.0;0.0;2.0;2.0;2.0;0.0;0.0;0.0;0.75;0.0;0.0;0.0;1.0;1.0;0
org.apache.poi.poifs.property.RootProperty;3.0;3.0;0.0;8.0;10.0;3.0;6.0;2.0;1.0;2.0;27.0;0.0;0.0;0.973;0.6667;1.0;1.0;8.0;1.0;1.0;0
org.apache.poi.hssf.record.FnGroupCountRecord;11.0;2.0;0.0;5.0;21.0;49.0;2.0;3.0;9.0;0.9333;104.0;0.3333;0.0;0.6;0.5227;1.0;6.0;8.1818;2.0;1.0909090909090908;2
org.apache.poi.hssf.record.aggregates.ColumnInfoRecordsAggregate;25.0;2.0;0.0;3.0;67.0;22.0;1.0;2.0;22.0;0.5;961.0;0.0;0.0;0.3333;0.2444;1.0;5.0;37.36;23.0;3.64;2
org.apache.poi.hssf.record.formula.UnaryMinusPtg;10.0;3.0;0.0;5.0;15.0;45.0;2.0;3.0;10.0;1.1111;57.0;0.3333;0.0;0.6522;0.32;1.0;4.0;4.4;1.0;1.0;1
org.apache.poi.hpsf.TypeReader;2.0;1.0;0.0;3.0;16.0;1.0;1.0;2.0;2.0;2.0;230.0;0.0;0.0;0.0;0.5;0.0;0.0;114.0;17.0;9.0;0
org.apache.poi.poifs.storage.SmallDocumentBlockList;1.0;2.0;0.0;4.0;4.0;0.0;1.0;3.0;1.0;2.0;11.0;0.0;0.0;1.0;1.0;0.0;0.0;10.0;1.0;1.0;0
org.apache.poi.ddf.EscherChildAnchorRecord;15.0;2.0;0.0;6.0;31.0;43.0;1.0;5.0;15.0;0.8333;229.0;0.6667;0.0;0.5758;0.3333;1.0;5.0;13.8667;1.0;1.0;0
org.apache.poi.hssf.record.DrawingGroupRecord;5.0;3.0;0.0;3.0;8.0;10.0;2.0;1.0;4.0;1.25;26.0;0.0;0.0;0.9259;0.5;1.0;2.0;4.0;1.0;1.0;1
org.apache.poi.hssf.util.AreaReference;5.0;1.0;0.0;3.0;18.0;0.0;2.0;1.0;4.0;0.5;149.0;1.0;1.0;0.0;0.7;0.0;0.0;28.4;2.0;1.6;0
org.apache.poi.hssf.record.aggregates.FormulaRecordAggregate;28.0;2.0;0.0;8.0;51.0;0.0;3.0;5.0;26.0;0.7315;237.0;0.75;3.0;0.3158;0.1984;1.0;6.0;7.3214;3.0;1.25;3
org.apache.poi.poifs.filesystem.DocumentInputStream;13.0;2.0;0.0;18.0;23.0;0.0;15.0;3.0;11.0;0.6429;271.0;1.0;1.0;0.45;0.2564;1.0;2.0;19.3077;2.0;1.0769230769230769;0
org.apache.poi.hssf.record.BarRecord;24.0;2.0;0.0;7.0;41.0;38.0;2.0;5.0;22.0;0.75;427.0;0.875;4.0;0.3636;0.35;1.0;6.0;16.4583;2.0;1.0416666666666667;2
org.apache.poi.hssf.record.BackupRecord;11.0;2.0;0.0;6.0;21.0;49.0;3.0;3.0;9.0;0.85;104.0;0.5;0.0;0.6;0.5227;1.0;6.0;8.2727;2.0;1.0909090909090908;2
org.apache.poi.hssf.record.formula.MemErrPtg;11.0;2.0;0.0;3.0;14.0;33.0;1.0;3.0;11.0;0.9;66.0;0.75;0.0;0.55;0.3273;1.0;4.0;4.6364;1.0;1.0;2
org.apache.poi.hssf.usermodel.HSSFShapeContainer;1.0;1.0;0.0;3.0;1.0;0.0;3.0;0.0;1.0;2.0;1.0;0.0;0.0;0.0;1.0;0.0;0.0;0.0;1.0;1.0;0
org.apache.poi.hssf.eventmodel.EventRecordFactory;11.0;1.0;0.0;15.0;66.0;25.0;2.0;13.0;6.0;0.979;1405.0;0.0617;0.0;0.0;0.15;0.0;0.0;119.3636;76.0;9.272727272727273;5
org.apache.poi.hssf.usermodel.HSSFFont;21.0;1.0;0.0;10.0;44.0;0.0;9.0;1.0;20.0;0.9767;153.0;0.1333;1.0;0.0;0.254;0.0;0.0;5.5714;1.0;1.0;2
org.apache.poi.hssf.model.FormulaParser;54.0;1.0;0.0;33.0;137.0;651.0;3.0;30.0;7.0;0.7669;1859.0;0.7059;1.0;0.0;0.174;0.0;0.0;33.1111;14.0;3.240740740740741;5
org.apache.poi.hssf.record.AreaRecord;18.0;2.0;0.0;6.0;35.0;1.0;1.0;5.0;16.0;0.6706;274.0;0.8;3.0;0.4444;0.3667;1.0;6.0;13.9444;2.0;1.0555555555555556;2
org.apache.poi.poifs.dev.POIFSViewable;4.0;1.0;0.0;6.0;4.0;6.0;6.0;0.0;4.0;2.0;4.0;0.0;0.0;0.0;1.0;0.0;0.0;0.0;1.0;1.0;0
org.apache.poi.hpsf.ClassID;8.0;1.0;0.0;10.0;17.0;0.0;9.0;1.0;8.0;0.6429;333.0;0.5;0.0;0.0;0.4688;0.0;0.0;40.375;6.0;2.5;2
org.apache.poi.hpsf.Property;6.0;1.0;0.0;6.0;24.0;7.0;3.0;3.0;4.0;0.75;230.0;1.0;0.0;0.0;0.55;0.0;0.0;36.6667;9.0;2.5;2
org.apache.poi.poifs.filesystem.POIFSWriterListener;1.0;1.0;0.0;7.0;1.0;0.0;6.0;1.0;1.0;2.0;1.0;0.0;0.0;0.0;1.0;0.0;0.0;0.0;1.0;1.0;0
org.apache.poi.ddf.EscherShapePathProperty;1.0;3.0;0.0;4.0;2.0;0.0;3.0;1.0;1.0;2.0;13.0;0.0;0.0;1.0;1.0;0.0;0.0;7.0;1.0;1.0;0
org.apache.poi.hssf.record.CategorySeriesAxisRecord;24.0;2.0;0.0;7.0;41.0;82.0;2.0;5.0;22.0;0.7663;436.0;0.875;3.0;0.3636;0.35;1.0;6.0;16.8333;2.0;1.0416666666666667;2
org.apache.poi.poifs.filesystem.DocumentDescriptor;4.0;1.0;0.0;2.0;18.0;0.0;1.0;1.0;4.0;0.2222;129.0;1.0;1.0;0.0;0.4375;1.0;1.0;30.5;6.0;3.5;0
org.apache.poi.hssf.dev.EFBiffViewer;4.0;1.0;0.0;6.0;16.0;4.0;1.0;6.0;4.0;0.3333;82.0;0.0;0.0;0.0;0.4167;0.0;0.0;19.25;3.0;1.5;1
org.apache.poi.hssf.record.formula.LessEqualPtg;9.0;3.0;0.0;4.0;13.0;36.0;2.0;2.0;9.0;1.125;62.0;0.0;0.0;0.6818;0.3333;1.0;4.0;5.6667;1.0;1.0;1
org.apache.poi.hssf.record.FontIndexRecord;12.0;2.0;0.0;6.0;24.0;46.0;2.0;4.0;10.0;0.8182;139.0;0.5;0.0;0.5714;0.5;1.0;6.0;10.4167;2.0;1.0833333333333333;2
org.apache.poi.hssf.record.WriteAccessRecord;11.0;2.0;0.0;7.0;29.0;43.0;2.0;5.0;9.0;0.85;152.0;0.5;0.0;0.6;0.4182;1.0;6.0;12.6364;2.0;1.1818181818181819;2
org.apache.poi.hssf.record.PrecisionRecord;11.0;2.0;0.0;5.0;21.0;43.0;2.0;3.0;9.0;0.85;115.0;0.0;0.0;0.6;0.4182;1.0;6.0;9.2727;2.0;1.2727272727272727;2
org.apache.poi.hssf.usermodel.HSSFShapeGroup;12.0;2.0;0.0;10.0;23.0;6.0;3.0;7.0;12.0;0.6727;154.0;0.0;0.0;0.5926;0.3167;1.0;1.0;11.4167;2.0;1.0833333333333333;1
org.apache.poi.hssf.record.CodepageRecord;11.0;2.0;0.0;5.0;21.0;49.0;2.0;3.0;9.0;0.9333;105.0;0.3333;0.0;0.6;0.5227;1.0;6.0;8.2727;2.0;1.0909090909090908;2
org.apache.poi.util.CommonsLogger;5.0;2.0;0.0;3.0;20.0;0.0;0.0;3.0;4.0;0.5;138.0;1.0;0.0;0.8929;0.5;1.0;3.0;26.2;12.0;5.2;0
org.apache.poi.hssf.record.TextObjectBaseRecord;38.0;2.0;1.0;6.0;60.0;255.0;1.0;5.0;36.0;0.9249;799.0;0.5185;6.0;0.2553;0.3316;1.0;6.0;19.3158;2.0;1.0263157894736843;2
org.apache.poi.ddf.EscherSplitMenuColorsRecord;15.0;2.0;0.0;7.0;33.0;43.0;1.0;6.0;15.0;0.8333;258.0;0.6667;0.0;0.5758;0.3333;1.0;5.0;15.8;2.0;1.0666666666666667;0
org.apache.poi.hssf.usermodel.EscherGraphics;48.0;2.0;0.0;15.0;105.0;712.0;1.0;14.0;41.0;0.8582;1016.0;0.8889;3.0;0.5263;0.1833;2.0;18.0;19.9792;7.0;1.6041666666666667;0
org.apache.poi.util.HexRead;6.0;1.0;0.0;1.0;25.0;15.0;1.0;0.0;5.0;2.0;266.0;0.0;0.0;0.0;0.2917;0.0;0.0;43.3333;1.0;1.0;0
org.apache.poi.hssf.eventmodel.ModelFactoryListener;1.0;1.0;0.0;2.0;1.0;0.0;1.0;1.0;1.0;2.0;1.0;0.0;0.0;0.0;1.0;0.0;0.0;0.0;1.0;1.0;0
org.apache.poi.hssf.record.ValueRangeRecord;40.0;2.0;0.0;7.0;60.0;90.0;2.0;5.0;38.0;0.8381;784.0;0.9375;9.0;0.2449;0.275;1.0;6.0;18.2;2.0;1.025;2
org.apache.poi.poifs.storage.ListManagedBlock;1.0;1.0;0.0;13.0;1.0;0.0;13.0;0.0;1.0;2.0;1.0;0.0;0.0;0.0;1.0;0.0;0.0;0.0;1.0;1.0;0
org.apache.poi.ddf.EscherRecord;20.0;1.0;14.0;32.0;36.0;164.0;31.0;4.0;18.0;0.8421;141.0;1.0;0.0;0.0;0.2375;0.0;0.0;5.95;2.0;1.1;0
org.apache.poi.hssf.record.UnknownRecord;11.0;2.0;0.0;11.0;19.0;0.0;8.0;3.0;8.0;0.35;180.0;1.0;0.0;0.6;0.5455;1.0;6.0;15.1818;3.0;1.2727272727272727;3
org.apache.poi.hssf.usermodel.HSSFRow;24.0;1.0;0.0;14.0;52.0;86.0;9.0;5.0;16.0;0.6739;451.0;0.8333;3.0;0.0;0.1833;0.0;0.0;17.5417;5.0;1.8333333333333333;4
org.apache.poi.ddf.EscherSerializationListener;2.0;1.0;0.0;19.0;2.0;1.0;19.0;1.0;2.0;2.0;2.0;0.0;0.0;0.0;1.0;0.0;0.0;0.0;1.0;1.0;0
org.apache.poi.hssf.record.ObjectLinkRecord;16.0;2.0;0.0;5.0;28.0;72.0;1.0;4.0;14.0;0.9333;252.0;0.3333;0.0;0.48;0.4688;1.0;6.0;14.1875;2.0;1.0625;2
org.apache.poi.hssf.record.formula.NamePtg;8.0;2.0;0.0;5.0;20.0;4.0;2.0;4.0;7.0;0.8;148.0;0.6;0.0;0.6875;0.375;1.0;4.0;16.875;3.0;1.25;1
org.apache.poi.hssf.record.AxisUsedRecord;12.0;2.0;0.0;6.0;24.0;46.0;2.0;4.0;10.0;0.8182;139.0;0.5;0.0;0.5714;0.5;1.0;6.0;10.4167;2.0;1.0833333333333333;2
org.apache.poi.hpsf.SummaryInformation;19.0;3.0;0.0;5.0;29.0;171.0;2.0;3.0;19.0;1.0556;127.0;0.0;0.0;0.5909;0.5263;0.0;0.0;5.6316;1.0;1.0;2
org.apache.poi.hssf.record.PasswordRev4Record;11.0;2.0;0.0;5.0;21.0;49.0;2.0;3.0;9.0;0.85;104.0;0.5;0.0;0.6;0.5227;1.0;6.0;8.2727;2.0;1.0909090909090908;2
org.apache.poi.poifs.eventfilesystem.POIFSReaderListener;1.0;1.0;0.0;6.0;1.0;0.0;5.0;1.0;1.0;2.0;1.0;0.0;0.0;0.0;1.0;0.0;0.0;0.0;1.0;1.0;0
org.apache.poi.ddf.EscherBoolProperty;3.0;3.0;0.0;6.0;4.0;1.0;5.0;1.0;3.0;2.0;24.0;0.0;0.0;0.875;0.5556;0.0;0.0;7.0;2.0;1.6666666666666667;0
org.apache.poi.hssf.record.ChartRecord;18.0;2.0;0.0;6.0;31.0;91.0;2.0;4.0;16.0;0.7765;301.0;0.8;0.0;0.4444;0.4583;1.0;6.0;15.4444;2.0;1.0555555555555556;2
org.apache.poi.hssf.model.TextboxShape;8.0;2.0;0.0;20.0;59.0;20.0;2.0;19.0;4.0;0.8214;267.0;1.0;4.0;0.4167;0.6667;1.0;1.0;31.875;1.0;1.0;0
org.apache.poi.hssf.record.VCenterRecord;12.0;2.0;0.0;7.0;22.0;46.0;4.0;3.0;10.0;0.8182;126.0;0.5;0.0;0.5714;0.4;1.0;6.0;9.3333;2.0;1.25;2
org.apache.poi.hssf.usermodel.HSSFPatriarch;12.0;1.0;0.0;10.0;24.0;6.0;2.0;9.0;11.0;0.7879;156.0;0.0;1.0;0.0;0.375;0.0;0.0;11.5;2.0;1.0833333333333333;1
org.apache.poi.hssf.util.RKUtil;2.0;1.0;0.0;2.0;4.0;1.0;2.0;0.0;1.0;2.0;39.0;0.0;0.0;0.0;0.5;0.0;0.0;18.5;3.0;2.0;0
org.apache.poi.poifs.property.DirectoryProperty;8.0;2.0;1.0;11.0;37.0;0.0;7.0;5.0;6.0;0.3571;277.0;1.0;0.0;0.8333;0.375;1.0;1.0;33.375;6.0;1.875;1
org.apache.poi.ddf.EscherContainerRecord;11.0;2.0;0.0;14.0;43.0;25.0;8.0;6.0;11.0;0.9571;366.0;0.1429;0.0;0.6552;0.2222;1.0;6.0;31.6364;5.0;2.1818181818181817;0
org.apache.poi.hssf.usermodel.HSSFHeader;16.0;1.0;0.0;2.0;30.0;88.0;1.0;1.0;14.0;0.6833;250.0;0.0;1.0;0.0;0.2188;0.0;0.0;14.375;13.0;1.9375;1
org.apache.poi.hssf.record.FontRecord;38.0;2.0;0.0;9.0;56.0;511.0;4.0;5.0;35.0;0.9381;602.0;0.625;4.0;0.2609;0.2394;1.0;6.0;14.2105;3.0;1.105263157894737;2
org.apache.poi.hssf.record.formula.Ref3DPtg;22.0;2.0;0.0;9.0;48.0;89.0;3.0;7.0;22.0;0.7211;417.0;0.8571;2.0;0.3667;0.2338;1.0;5.0;17.6364;5.0;1.2727272727272727;2
org.apache.poi.hssf.record.SeriesIndexRecord;12.0;2.0;0.0;6.0;24.0;46.0;2.0;4.0;10.0;0.8182;139.0;0.5;0.0;0.5714;0.5;1.0;6.0;10.4167;2.0;1.0833333333333333;2
org.apache.poi.hssf.record.LabelSSTRecord;25.0;2.0;0.0;8.0;40.0;258.0;4.0;4.0;23.0;0.7583;388.0;0.8;0.0;0.3529;0.3;1.0;6.0;14.32;7.0;1.88;2
org.apache.poi.util.BitField;18.0;1.0;0.0;39.0;19.0;107.0;39.0;0.0;18.0;0.3824;170.0;1.0;0.0;0.0;0.4333;0.0;0.0;8.3333;3.0;1.3888888888888888;0
org.apache.poi.hssf.record.TextRecord;62.0;2.0;0.0;7.0;85.0;611.0;2.0;5.0;60.0;0.954;1388.0;0.5;14.0;0.169;0.2661;1.0;6.0;20.5484;2.0;1.0161290322580645;2
org.apache.poi.util.BlockingInputStream;10.0;2.0;0.0;0.0;19.0;0.0;0.0;0.0;10.0;0.0;86.0;1.0;0.0;0.5;0.32;1.0;2.0;7.5;1.0;1.0;0
org.apache.poi.hssf.record.DBCellRecord;15.0;2.0;0.0;7.0;29.0;79.0;4.0;3.0;13.0;0.7857;249.0;0.6667;0.0;0.5;0.4833;1.0;6.0;15.4;3.0;1.4;3
org.apache.poi.hssf.record.AreaFormatRecord;26.0;2.0;0.0;7.0;46.0;153.0;2.0;5.0;24.0;0.8;499.0;0.8889;2.0;0.3429;0.3462;1.0;6.0;17.8462;2.0;1.0384615384615385;2
org.apache.poi.hssf.record.UseSelFSRecord;11.0;2.0;0.0;5.0;21.0;49.0;2.0;3.0;9.0;0.975;106.0;0.25;0.0;0.6;0.5227;1.0;6.0;8.2727;2.0;1.0909090909090908;2
org.apache.poi.hssf.record.DatRecord;20.0;2.0;0.0;6.0;37.0;0.0;1.0;5.0;18.0;0.6842;319.0;0.8333;4.0;0.4138;0.36;1.0;6.0;14.65;2.0;1.05;2
org.apache.poi.poifs.property.PropertyConstants;0.0;1.0;0.0;0.0;0.0;0.0;0.0;0.0;0.0;2.0;4.0;0.0;0.0;0.0;0.0;0.0;0.0;0.0;0.0;0.0;0
org.apache.poi.hssf.model.Workbook;87.0;1.0;0.0;98.0;304.0;2835.0;45.0;54.0;48.0;0.9209;3464.0;0.9333;5.0;0.0;0.1667;0.0;0.0;38.6437;35.0;2.310344827586207;7
org.apache.poi.hpsf.SpecialPropertySet;10.0;2.0;2.0;5.0;20.0;0.0;2.0;3.0;10.0;0.0;53.0;1.0;1.0;0.6538;0.55;1.0;2.0;4.2;1.0;1.0;1
org.apache.poi.hpsf.Util;6.0;1.0;0.0;2.0;8.0;15.0;2.0;0.0;6.0;1.2;139.0;0.0;0.0;0.0;0.3333;0.0;0.0;22.0;4.0;2.1666666666666665;1
org.apache.poi.hssf.record.DefaultColWidthRecord;12.0;2.0;0.0;5.0;22.0;54.0;2.0;3.0;10.0;0.8182;115.0;0.5;0.0;0.5714;0.5;1.0;6.0;8.4167;2.0;1.0833333333333333;2
org.apache.poi.hssf.record.formula.LessThanPtg;10.0;3.0;0.0;4.0;14.0;45.0;2.0;2.0;10.0;1.1111;63.0;0.3333;0.0;0.6522;0.32;1.0;4.0;5.0;1.0;1.0;1
org.apache.poi.hssf.usermodel.HSSFSheet;94.0;1.0;0.0;42.0;248.0;37.0;15.0;28.0;79.0;0.9311;1460.0;0.4118;3.0;0.0;0.1332;0.0;0.0;14.3511;18.0;1.702127659574468;4
org.apache.poi.util.NullLogger;23.0;2.0;0.0;2.0;24.0;253.0;1.0;1.0;23.0;2.0;49.0;0.0;0.0;0.5319;0.6696;1.0;3.0;1.1304;1.0;1.0;0
org.apache.poi.hssf.eventusermodel.HSSFListener;1.0;1.0;0.0;7.0;1.0;0.0;6.0;1.0;1.0;2.0;1.0;0.0;0.0;0.0;1.0;0.0;0.0;0.0;1.0;1.0;0
org.apache.poi.hpsf.NoPropertySetStreamException;4.0;4.0;0.0;4.0;8.0;6.0;3.0;1.0;4.0;2.0;20.0;0.0;0.0;1.0;0.6667;0.0;0.0;4.0;1.0;1.0;0
org.apache.poi.hssf.record.EscherAggregate;20.0;3.0;0.0;34.0;122.0;130.0;3.0;32.0;10.0;1.0471;1170.0;0.019;2.0;0.5682;0.1615;2.0;6.0;47.0;11.0;2.5;1
org.apache.poi.ddf.EscherBlipRecord;32.0;2.0;0.0;7.0;64.0;312.0;1.0;6.0;32.0;0.9093;614.0;0.8125;0.0;0.38;0.2656;1.0;5.0;17.6875;2.0;1.0625;0
org.apache.poi.hssf.usermodel.HSSFWorkbook;55.0;1.0;0.0;44.0;187.0;143.0;14.0;30.0;45.0;0.8904;1850.0;0.6667;4.0;0.0;0.1389;0.0;0.0;32.4182;32.0;2.4;11
org.apache.poi.hssf.record.HideObjRecord;11.0;2.0;0.0;5.0;21.0;49.0;2.0;3.0;9.0;1.0;107.0;0.2;0.0;0.6;0.5227;1.0;6.0;8.2727;2.0;1.0909090909090908;2
org.apache.poi.hssf.record.WindowOneRecord;38.0;2.0;0.0;6.0;52.0;479.0;2.0;4.0;35.0;0.8986;534.0;0.9375;6.0;0.2609;0.3351;1.0;6.0;12.6316;2.0;1.0263157894736843;2
org.apache.poi.hssf.record.DefaultRowHeightRecord;14.0;2.0;0.0;5.0;24.0;69.0;2.0;3.0;12.0;0.7692;153.0;0.6667;0.0;0.5217;0.4821;1.0;6.0;9.7143;2.0;1.0714285714285714;2
org.apache.poi.hssf.record.ColumnInfoRecord;27.0;2.0;0.0;7.0;42.0;209.0;3.0;4.0;24.0;0.8462;372.0;0.9;3.0;0.3429;0.3462;1.0;6.0;12.4074;2.0;1.037037037037037;1
org.apache.poi.poifs.filesystem.EntryNode;10.0;1.0;2.0;6.0;14.0;19.0;3.0;4.0;6.0;0.6111;71.0;1.0;2.0;0.0;0.325;0.0;0.0;5.9;3.0;1.4;0
org.apache.poi.poifs.storage.HeaderBlockWriter;7.0;2.0;0.0;8.0;17.0;0.0;2.0;6.0;5.0;0.7917;319.0;1.0;6.0;0.3333;0.5714;1.0;2.0;43.4286;4.0;1.5714285714285714;0
org.apache.poi.hssf.record.formula.IntPtg;10.0;2.0;0.0;4.0;18.0;33.0;2.0;3.0;9.0;0.8667;89.0;0.6;0.0;0.6111;0.2833;1.0;4.0;7.4;1.0;1.0;1
org.apache.poi.util.FixedField;4.0;1.0;0.0;5.0;4.0;6.0;4.0;1.0;4.0;2.0;4.0;0.0;0.0;0.0;0.5833;0.0;0.0;0.0;1.0;1.0;0
org.apache.poi.hssf.util.SheetReferences;3.0;1.0;0.0;3.0;8.0;0.0;3.0;0.0;3.0;0.0;32.0;0.0;0.0;0.0;0.6667;0.0;0.0;9.3333;1.0;1.0;0
org.apache.poi.hssf.record.ProtectRecord;12.0;2.0;0.0;8.0;22.0;46.0;5.0;3.0;10.0;0.8182;125.0;0.5;0.0;0.5714;0.4;1.0;6.0;9.25;2.0;1.25;2
org.apache.poi.hssf.record.FormulaRecord;37.0;2.0;0.0;12.0;76.0;470.0;6.0;6.0;32.0;0.8634;866.0;0.8333;0.0;0.2609;0.2196;1.0;6.0;22.0811;7.0;2.0;3
org.apache.poi.hssf.record.SubRecord;4.0;2.0;3.0;6.0;11.0;6.0;4.0;5.0;4.0;2.0;61.0;0.0;0.0;0.9231;0.6875;0.0;0.0;14.25;5.0;2.0;3
org.apache.poi.util.ByteField;11.0;1.0;0.0;4.0;15.0;21.0;1.0;3.0;11.0;0.5333;90.0;1.0;0.0;0.0;0.4545;0.0;0.0;6.9091;1.0;1.0;0
org.apache.poi.hssf.record.AxisOptionsRecord;44.0;2.0;0.0;7.0;61.0;312.0;2.0;5.0;42.0;0.8605;931.0;0.9444;8.0;0.2264;0.3273;1.0;6.0;19.75;2.0;1.0227272727272727;2
org.apache.poi.hssf.usermodel.EscherGraphics2d;80.0;3.0;0.0;3.0;153.0;3060.0;0.0;3.0;72.0;0.8391;838.0;1.0;2.0;0.5298;0.0796;2.0;20.0;9.3875;3.0;1.15;0
org.apache.poi.poifs.storage.BlockListImpl;6.0;1.0;2.0;5.0;13.0;0.0;2.0;3.0;4.0;0.5;107.0;1.0;2.0;0.0;0.4583;0.0;0.0;16.5;3.0;1.3333333333333333;0
org.apache.poi.hpsf.wellknown.PropertyIDMap;6.0;3.0;0.0;1.0;15.0;15.0;1.0;0.0;6.0;1.1784;287.0;0.0541;2.0;0.9153;0.3;1.0;2.0;40.6667;2.0;1.3333333333333333;1
org.apache.poi.hssf.record.PasswordRecord;12.0;2.0;0.0;5.0;22.0;54.0;2.0;3.0;10.0;0.8182;115.0;0.5;0.0;0.5714;0.5;1.0;6.0;8.4167;2.0;1.0833333333333333;2
org.apache.poi.hssf.record.NumberFormatIndexRecord;12.0;2.0;0.0;4.0;24.0;46.0;0.0;4.0;10.0;0.8182;139.0;0.5;0.0;0.5714;0.5;1.0;6.0;10.4167;2.0;1.0833333333333333;2
org.apache.poi.hssf.record.formula.ReferencePtg;19.0;2.0;0.0;6.0;38.0;21.0;2.0;5.0;18.0;0.6852;284.0;0.8333;2.0;0.4074;0.2256;1.0;5.0;13.6316;3.0;1.2105263157894737;2
org.apache.poi.hssf.record.SSTRecordHeader;2.0;1.0;0.0;3.0;5.0;0.0;2.0;1.0;2.0;0.0;42.0;0.0;0.0;0.0;0.8333;0.0;0.0;19.0;1.0;1.0;1
org.apache.poi.hssf.record.TabIdRecord;11.0;2.0;0.0;5.0;21.0;43.0;2.0;3.0;9.0;0.8;180.0;0.0;0.0;0.6;0.4182;1.0;6.0;15.1818;2.0;1.3636363636363635;2
org.apache.poi.poifs.storage.BlockList;4.0;1.0;0.0;6.0;4.0;6.0;5.0;2.0;4.0;2.0;4.0;0.0;0.0;0.0;0.6667;0.0;0.0;0.0;1.0;1.0;0
org.apache.poi.hssf.record.Record;15.0;1.0;132.0;155.0;23.0;105.0;155.0;0.0;12.0;2.0;84.0;0.0;0.0;0.0;0.4833;0.0;0.0;4.6;1.0;1.0;1
org.apache.poi.hssf.record.RecalcIdRecord;13.0;2.0;0.0;4.0;23.0;46.0;1.0;3.0;11.0;0.7778;199.0;0.3333;0.0;0.5455;0.3333;1.0;6.0;14.0769;2.0;1.3076923076923077;2
org.apache.poi.hssf.record.SeriesRecord;22.0;2.0;0.0;6.0;34.0;141.0;2.0;4.0;20.0;0.9574;421.0;0.3158;0.0;0.3871;0.4432;1.0;6.0;17.2727;2.0;1.0454545454545454;2
org.apache.poi.poifs.property.PropertyFactory;2.0;1.0;0.0;5.0;10.0;1.0;1.0;4.0;0.0;2.0;85.0;0.0;0.0;0.0;0.5;0.0;0.0;41.5;1.0;1.0;0
org.apache.poi.hssf.usermodel.HSSFDateUtil;11.0;1.0;0.0;2.0;24.0;53.0;1.0;2.0;6.0;1.0333;241.0;1.0;0.0;0.0;0.1571;0.0;0.0;20.6364;4.0;1.8181818181818181;0
org.apache.poi.hssf.record.formula.NameXPtg;8.0;2.0;0.0;3.0;12.0;22.0;1.0;3.0;7.0;0.8857;102.0;0.8;0.0;0.6875;0.35;1.0;5.0;11.125;1.0;1.0;1
org.apache.poi.hssf.record.PrintHeadersRecord;12.0;2.0;0.0;5.0;22.0;46.0;2.0;3.0;10.0;0.8182;126.0;0.5;0.0;0.5714;0.4;1.0;6.0;9.3333;2.0;1.25;2
org.apache.poi.hssf.usermodel.HSSFAnchor;12.0;1.0;2.0;15.0;13.0;42.0;15.0;0.0;12.0;0.8182;62.0;0.0;0.0;0.0;0.7083;0.0;0.0;3.8333;1.0;1.0;0
org.apache.poi.hssf.usermodel.HSSFPolygon;8.0;2.0;0.0;7.0;9.0;14.0;5.0;2.0;6.0;0.7857;73.0;0.0;0.0;0.6957;0.325;0.0;0.0;7.625;2.0;1.125;0
org.apache.poi.hssf.record.formula.FuncVarPtg;8.0;4.0;0.0;4.0;19.0;0.0;2.0;2.0;7.0;1.1429;160.0;0.5;0.0;0.8529;0.35;2.0;9.0;18.75;1.0;1.0;1
org.apache.poi.hssf.model.DrawingManager;7.0;1.0;0.0;7.0;30.0;0.0;4.0;3.0;4.0;0.3333;212.0;0.0;1.0;0.0;0.4762;0.0;0.0;29.0;7.0;2.2857142857142856;0
org.apache.poi.util.ShortList;25.0;1.0;0.0;0.0;29.0;0.0;0.0;0.0;24.0;0.3889;629.0;1.0;0.0;0.0;0.3133;1.0;1.0;24.04;9.0;2.72;0
org.apache.poi.hssf.record.DrawingSelectionRecord;5.0;3.0;0.0;2.0;8.0;10.0;1.0;1.0;4.0;1.25;26.0;0.0;0.0;0.9259;0.5;1.0;2.0;4.0;1.0;1.0;1
org.apache.poi.hssf.record.formula.ParenthesisPtg;10.0;3.0;0.0;4.0;14.0;45.0;2.0;2.0;10.0;1.1111;52.0;0.5;0.0;0.6522;0.32;1.0;4.0;4.0;1.0;1.0;2
org.apache.poi.hssf.usermodel.HSSFFooter;16.0;1.0;0.0;2.0;30.0;88.0;1.0;1.0;14.0;0.6833;250.0;0.0;1.0;0.0;0.2188;0.0;0.0;14.375;13.0;1.9375;0
org.apache.poi.poifs.storage.SmallBlockTableReader;2.0;1.0;0.0;9.0;8.0;1.0;2.0;7.0;2.0;2.0;24.0;0.0;0.0;0.0;0.5;0.0;0.0;11.0;1.0;1.0;0
org.apache.poi.hssf.usermodel.DummyGraphics2d;85.0;3.0;0.0;0.0;181.0;0.0;0.0;0.0;85.0;0.5;2890.0;0.5;0.0;0.5145;0.0755;2.0;20.0;32.9765;1.0;1.0;1
org.apache.poi.hssf.record.HCenterRecord;12.0;2.0;0.0;7.0;22.0;46.0;4.0;3.0;10.0;0.8182;126.0;0.5;0.0;0.5714;0.4;1.0;6.0;9.3333;2.0;1.25;2
org.apache.poi.ddf.EscherProperty;10.0;1.0;2.0;12.0;12.0;3.0;11.0;1.0;10.0;0.3333;69.0;1.0;0.0;0.0;0.34;0.0;0.0;5.8;3.0;1.4;0
org.apache.poi.hssf.record.TextObjectRecord;13.0;3.0;0.0;10.0;61.0;0.0;3.0;7.0;9.0;0.375;643.0;0.0;1.0;0.8246;0.3692;3.0;5.0;48.3077;4.0;1.7692307692307692;2
org.apache.poi.hssf.record.GutsRecord;18.0;2.0;0.0;5.0;28.0;111.0;2.0;3.0;16.0;0.7765;229.0;0.8;0.0;0.4444;0.4583;1.0;6.0;11.4444;2.0;1.0555555555555556;2
org.apache.poi.util.IntList;25.0;1.0;0.0;4.0;29.0;0.0;4.0;0.0;24.0;0.3889;629.0;1.0;0.0;0.0;0.36;1.0;1.0;24.04;9.0;2.72;0
org.apache.poi.hssf.util.Region;16.0;1.0;0.0;4.0;17.0;78.0;3.0;1.0;16.0;0.5333;172.0;1.0;0.0;0.0;0.2917;0.0;0.0;9.5;9.0;1.8125;0
