org.apache.poi.hssf.record.LineFormatRecord;26.0;2.0;0.0;7.0;46.0;117.0;2.0;5.0;24.0;0.9364;503.0;0.3636;3.0;0.3429;0.3462;1.0;3.0;17.5;2.0;1.0384615384615385;5
org.apache.poi.hssf.record.BlankRecord;23.0;2.0;0.0;9.0;36.0;221.0;5.0;4.0;21.0;0.7273;350.0;0.75;0.0;0.375;0.3043;1.0;3.0;14.0435;7.0;1.9565217391304348;1
org.apache.poi.hssf.record.RKRecord;24.0;2.0;0.0;9.0;46.0;244.0;3.0;6.0;22.0;0.9082;400.0;0.4444;0.0;0.3636;0.2847;1.0;3.0;15.2917;6.0;1.5833333333333333;2
org.apache.poi.hssf.record.formula.AbstractFunctionPtg;16.0;3.0;2.0;6.0;31.0;102.0;3.0;3.0;11.0;0.9333;9849.0;0.75;1.0;0.5172;0.1905;1.0;4.0;614.0625;5.0;1.3125;1
org.apache.poi.hssf.record.formula.NotEqualPtg;9.0;3.0;0.0;4.0;13.0;36.0;2.0;2.0;9.0;1.125;62.0;0.0;0.0;0.6818;0.3333;1.0;4.0;5.6667;1.0;1.0;0
org.apache.poi.hssf.record.AxisRecord;20.0;2.0;0.0;6.0;35.0;114.0;2.0;4.0;18.0;0.8772;358.0;0.5556;0.0;0.4138;0.45;1.0;3.0;16.45;2.0;1.05;3
org.apache.poi.poifs.storage.HeaderBlockReader;7.0;1.0;0.0;7.0;20.0;9.0;2.0;5.0;7.0;0.8333;173.0;1.0;5.0;0.0;0.5714;0.0;0.0;22.8571;2.0;1.1428571428571428;0
org.apache.poi.hssf.record.ExtSSTInfoSubRecord;13.0;2.0;0.0;3.0;24.0;64.0;1.0;2.0;11.0;0.8833;143.0;0.6;0.0;0.5455;0.5;1.0;3.0;9.6154;1.0;1.0;1
org.apache.poi.hssf.record.InterfaceHdrRecord;11.0;2.0;0.0;5.0;21.0;49.0;2.0;3.0;9.0;0.9333;105.0;0.3333;0.0;0.6;0.5227;1.0;3.0;8.2727;2.0;1.0909090909090908;2
org.apache.poi.poifs.property.Child;4.0;1.0;0.0;3.0;4.0;6.0;3.0;0.0;4.0;2.0;4.0;0.0;0.0;0.0;0.75;0.0;0.0;0.0;1.0;1.0;0
org.apache.poi.hssf.record.LeftMarginRecord;12.0;2.0;0.0;6.0;23.0;46.0;2.0;4.0;10.0;0.8182;120.0;0.5;0.0;0.5714;0.4;1.0;3.0;8.8333;2.0;1.0833333333333333;2
org.apache.poi.hssf.dev.HSSF;4.0;1.0;0.0;10.0;49.0;0.0;0.0;10.0;4.0;0.0;484.0;1.0;2.0;0.0;0.5625;0.0;0.0;119.0;8.0;2.75;0
org.apache.poi.hssf.record.formula.SubtractPtg;9.0;3.0;0.0;4.0;13.0;36.0;2.0;2.0;9.0;1.125;59.0;0.0;0.0;0.6818;0.3333;1.0;4.0;5.3333;1.0;1.0;0
org.apache.poi.hssf.record.RecordFormatException;1.0;4.0;0.0;124.0;2.0;0.0;124.0;0.0;1.0;2.0;5.0;0.0;0.0;1.0;1.0;0.0;0.0;4.0;1.0;1.0;0
org.apache.poi.poifs.filesystem.POIFSDocument;16.0;1.0;0.0;20.0;55.0;0.0;9.0;14.0;14.0;0.5;452.0;1.0;3.0;0.0;0.1989;0.0;0.0;27.0;6.0;1.375;0
org.apache.poi.hssf.record.formula.ExpPtg;7.0;2.0;0.0;3.0;10.0;9.0;2.0;2.0;7.0;0.9444;69.0;0.6667;0.0;0.6875;0.4286;1.0;4.0;8.4286;2.0;1.2857142857142858;0
org.apache.poi.hssf.record.InterfaceEndRecord;9.0;2.0;0.0;5.0;15.0;36.0;2.0;3.0;7.0;1.125;60.0;0.0;0.0;0.6667;0.5556;1.0;3.0;5.5556;2.0;1.1111111111111112;4
org.apache.poi.hssf.record.RkRec;1.0;1.0;0.0;1.0;2.0;0.0;1.0;0.0;0.0;2.0;6.0;0.0;0.0;0.0;1.0;0.0;0.0;3.0;1.0;1.0;0
org.apache.poi.poifs.filesystem.POIFSDocumentPath;9.0;1.0;0.0;13.0;20.0;0.0;13.0;0.0;9.0;0.25;294.0;1.0;0.0;0.0;0.3111;1.0;1.0;31.4444;7.0;2.2222222222222223;1
org.apache.poi.hssf.record.aggregates.RowRecordsAggregate;14.0;2.0;0.0;3.0;30.0;35.0;1.0;2.0;12.0;0.6731;173.0;0.0;0.0;0.48;0.3286;1.0;2.0;11.0714;5.0;1.4285714285714286;0
org.apache.poi.poifs.property.Property;32.0;1.0;3.0;19.0;62.0;290.0;13.0;6.0;18.0;0.9626;732.0;1.0;16.0;0.0;0.1758;0.0;0.0;20.6875;3.0;1.28125;0
org.apache.poi.util.POILogger;26.0;1.0;3.0;9.0;42.0;325.0;8.0;1.0;22.0;1.04;685.0;0.0;0.0;0.0;0.5449;0.0;0.0;25.1538;17.0;2.269230769230769;1
org.apache.poi.hssf.record.ContinueRecord;14.0;2.0;0.0;6.0;28.0;61.0;3.0;3.0;11.0;0.8077;241.0;0.5;0.0;0.5217;0.5;1.0;3.0;16.0714;4.0;1.2857142857142858;2
org.apache.poi.hssf.record.formula.StringPtg;9.0;2.0;0.0;5.0;22.0;2.0;2.0;4.0;8.0;0.6667;202.0;0.1667;1.0;0.6471;0.3333;1.0;4.0;20.7778;2.0;1.4444444444444444;0
org.apache.poi.hssf.util.HSSFColor;6.0;1.0;48.0;51.0;56.0;15.0;51.0;46.0;6.0;1.2;923.0;1.0;0.0;0.0;0.6667;0.0;0.0;152.5;1.0;1.0;0
org.apache.poi.util.IOUtils;3.0;1.0;0.0;3.0;5.0;3.0;3.0;0.0;2.0;2.0;43.0;0.0;0.0;0.0;0.5;0.0;0.0;13.3333;1.0;1.0;0
org.apache.poi.hssf.record.RefModeRecord;12.0;2.0;0.0;5.0;22.0;54.0;2.0;3.0;10.0;0.9545;117.0;0.25;0.0;0.5714;0.5;1.0;3.0;8.4167;2.0;1.0833333333333333;2
org.apache.poi.poifs.storage.RawDataBlock;3.0;1.0;0.0;7.0;10.0;0.0;5.0;2.0;3.0;0.25;78.0;1.0;0.0;0.0;0.6667;0.0;0.0;24.3333;1.0;1.0;0
org.apache.poi.hssf.record.FormatRecord;17.0;2.0;0.0;7.0;32.0;72.0;3.0;4.0;15.0;0.7917;280.0;0.8333;0.0;0.4615;0.2689;1.0;3.0;15.1176;4.0;1.4705882352941178;2
org.apache.poi.hssf.record.IterationRecord;12.0;2.0;0.0;5.0;22.0;46.0;2.0;3.0;10.0;0.8182;125.0;0.5;0.0;0.5714;0.4;1.0;3.0;9.25;2.0;1.25;2
org.apache.poi.hssf.record.SaveRecalcRecord;12.0;2.0;0.0;5.0;22.0;46.0;2.0;3.0;10.0;0.8182;125.0;0.5;0.0;0.5714;0.4;1.0;3.0;9.25;2.0;1.25;2
org.apache.poi.poifs.storage.PropertyBlock;3.0;2.0;0.0;5.0;9.0;1.0;1.0;4.0;1.0;0.75;103.0;1.0;1.0;0.6;0.4;1.0;1.0;32.6667;3.0;2.0;0
org.apache.poi.poifs.filesystem.Entry;6.0;1.0;0.0;8.0;6.0;15.0;8.0;1.0;6.0;2.0;6.0;0.0;0.0;0.0;0.5833;0.0;0.0;0.0;1.0;1.0;0
org.apache.poi.hssf.record.SSTDeserializer;23.0;1.0;0.0;5.0;46.0;123.0;1.0;4.0;4.0;0.6591;668.0;1.0;1.0;0.0;0.2671;0.0;0.0;27.6087;9.0;2.391304347826087;1
org.apache.poi.hpsf.HPSFRuntimeException;5.0;4.0;2.0;5.0;7.0;10.0;5.0;0.0;5.0;1.0;25.0;1.0;0.0;0.9444;0.6;0.0;0.0;3.8;1.0;1.0;2
org.apache.poi.hssf.record.BottomMarginRecord;12.0;2.0;0.0;6.0;23.0;46.0;2.0;4.0;10.0;0.8182;120.0;0.5;0.0;0.5714;0.4;1.0;3.0;8.8333;2.0;1.0833333333333333;2
org.apache.poi.hpsf.wellknown.SectionIDMap;8.0;3.0;0.0;3.0;15.0;26.0;2.0;1.0;7.0;0.8571;217.0;0.25;1.0;0.9;0.3429;1.0;1.0;25.625;3.0;1.375;2
org.apache.poi.hssf.record.MergeCellsRecord;15.0;2.0;0.0;6.0;31.0;41.0;3.0;4.0;13.0;0.6905;363.0;0.6667;0.0;0.5;0.5167;1.0;3.0;23.0;2.0;1.3333333333333333;1
org.apache.poi.hssf.record.SeriesLabelsRecord;24.0;2.0;0.0;5.0;41.0;0.0;0.0;5.0;22.0;0.7174;409.0;0.875;6.0;0.3636;0.35;1.0;3.0;15.7083;2.0;1.0416666666666667;7
org.apache.poi.hssf.record.WindowProtectRecord;11.0;2.0;0.0;5.0;21.0;43.0;2.0;3.0;9.0;0.85;115.0;0.5;0.0;0.6;0.4182;1.0;3.0;9.2727;2.0;1.2727272727272727;0
org.apache.poi.hssf.eventusermodel.HSSFUserException;5.0;3.0;0.0;3.0;7.0;10.0;3.0;0.0;5.0;1.0;25.0;1.0;0.0;0.9444;0.6;0.0;0.0;3.8;1.0;1.0;2
org.apache.poi.hssf.eventusermodel.HSSFRequest;4.0;1.0;0.0;8.0;17.0;0.0;3.0;5.0;3.0;0.0;115.0;1.0;0.0;0.0;0.5;0.0;0.0;27.5;2.0;1.5;1
org.apache.poi.hssf.dev.BiffViewer;9.0;1.0;0.0;121.0;151.0;32.0;0.0;121.0;5.0;0.75;1303.0;0.5;0.0;0.0;0.254;0.0;0.0;143.5556;117.0;14.444444444444445;1
org.apache.poi.hssf.record.formula.ConcatPtg;9.0;3.0;0.0;4.0;13.0;36.0;2.0;2.0;9.0;1.125;60.0;0.3333;0.0;0.6818;0.3333;1.0;4.0;5.3333;1.0;1.0;0
org.apache.poi.poifs.storage.SmallDocumentBlock;12.0;1.0;0.0;8.0;25.0;24.0;6.0;2.0;8.0;0.8636;319.0;1.0;0.0;0.0;0.2143;0.0;0.0;25.25;4.0;1.5;0
org.apache.poi.hssf.record.DataFormatRecord;20.0;2.0;0.0;7.0;37.0;88.0;2.0;5.0;18.0;0.7632;346.0;0.8333;1.0;0.4138;0.36;1.0;3.0;16.0;2.0;1.05;4
org.apache.poi.poifs.storage.RawDataBlockList;1.0;2.0;0.0;7.0;8.0;0.0;4.0;3.0;1.0;2.0;30.0;0.0;0.0;1.0;1.0;0.0;0.0;29.0;1.0;1.0;0
org.apache.poi.hssf.usermodel.HSSFCell;30.0;1.0;0.0;25.0;104.0;87.0;10.0;16.0;22.0;0.7483;1151.0;0.6;4.0;0.0;0.1462;0.0;0.0;36.7;20.0;3.066666666666667;1
org.apache.poi.hssf.record.ExternSheetRecord;14.0;2.0;0.0;6.0;33.0;65.0;2.0;4.0;12.0;0.7436;227.0;0.6667;0.0;0.5217;0.4;1.0;3.0;15.0;2.0;1.2857142857142858;0
org.apache.poi.hssf.eventmodel.ModelFactory;5.0;1.0;0.0;8.0;24.0;2.0;0.0;8.0;4.0;0.6667;117.0;0.0;1.0;0.0;0.36;0.0;0.0;21.8;7.0;2.4;1
org.apache.poi.util.HexDump;13.0;1.0;0.0;43.0;32.0;60.0;43.0;0.0;8.0;0.3333;621.0;0.6667;0.0;0.0;0.213;0.0;0.0;46.5385;10.0;2.0;1
org.apache.poi.hssf.util.RangeAddress;30.0;1.0;0.0;3.0;52.0;331.0;3.0;0.0;24.0;0.8736;767.0;0.0;0.0;0.0;0.3917;0.0;0.0;24.3667;6.0;2.7333333333333334;0
org.apache.poi.poifs.storage.BlockAllocationTableWriter;8.0;1.0;0.0;7.0;17.0;0.0;2.0;5.0;7.0;0.5714;135.0;1.0;2.0;0.0;0.4583;0.0;0.0;15.5;3.0;1.5;1
org.apache.poi.hssf.record.MulBlankRecord;14.0;2.0;0.0;6.0;25.0;77.0;3.0;3.0;11.0;0.8615;210.0;0.8;0.0;0.5217;0.5179;1.0;3.0;13.6429;2.0;1.2142857142857142;0
org.apache.poi.poifs.dev.POIFSViewer;3.0;1.0;0.0;2.0;19.0;3.0;0.0;2.0;2.0;2.0;112.0;0.0;0.0;0.0;0.3333;0.0;0.0;36.3333;4.0;3.0;0
org.apache.poi.util.StringUtil;12.0;1.0;0.0;14.0;33.0;66.0;14.0;0.0;10.0;1.0909;494.0;1.0;0.0;0.0;0.2738;0.0;0.0;40.0833;10.0;2.6666666666666665;1
org.apache.poi.hssf.record.CalcModeRecord;12.0;2.0;0.0;5.0;22.0;54.0;2.0;3.0;10.0;0.9818;118.0;0.2;0.0;0.5714;0.5;1.0;3.0;8.4167;2.0;1.0833333333333333;2
org.apache.poi.hssf.record.PrintGridlinesRecord;12.0;2.0;0.0;6.0;22.0;46.0;3.0;3.0;10.0;0.8182;126.0;0.5;0.0;0.5714;0.4;1.0;3.0;9.3333;2.0;1.25;2
org.apache.poi.hssf.record.BeginRecord;9.0;2.0;0.0;5.0;15.0;36.0;2.0;3.0;7.0;1.125;60.0;0.0;0.0;0.6667;0.5556;1.0;3.0;5.5556;2.0;1.1111111111111112;4
org.apache.poi.poifs.property.Parent;4.0;1.0;0.0;3.0;4.0;6.0;1.0;2.0;4.0;2.0;4.0;0.0;0.0;0.0;0.5833;0.0;0.0;0.0;1.0;1.0;0
org.apache.poi.poifs.eventfilesystem.POIFSReaderEvent;4.0;1.0;0.0;6.0;5.0;0.0;4.0;2.0;3.0;0.6667;28.0;1.0;2.0;0.0;0.4375;0.0;0.0;5.25;1.0;1.0;0
org.apache.poi.hssf.record.LabelRecord;23.0;2.0;0.0;7.0;37.0;219.0;2.0;5.0;21.0;0.8506;341.0;0.8571;0.0;0.375;0.3478;1.0;3.0;13.5217;6.0;1.6956521739130435;2
org.apache.poi.hssf.record.SeriesTextRecord;18.0;2.0;0.0;6.0;33.0;81.0;1.0;5.0;16.0;0.7647;306.0;0.8;0.0;0.4444;0.3056;1.0;3.0;15.7222;2.0;1.0555555555555556;3
org.apache.poi.hssf.record.FooterRecord;14.0;2.0;0.0;9.0;26.0;69.0;5.0;4.0;12.0;0.7436;186.0;0.6667;0.0;0.5217;0.3214;1.0;3.0;12.0714;3.0;1.3571428571428572;3
org.apache.poi.hssf.record.formula.MemFuncPtg;10.0;3.0;0.0;5.0;13.0;3.0;2.0;3.0;10.0;0.7222;73.0;0.5;0.0;0.5789;0.4;1.0;4.0;6.1;1.0;1.0;0
org.apache.poi.hssf.record.formula.AreaPtg;29.0;2.0;0.0;7.0;50.0;100.0;2.0;6.0;28.0;0.75;556.0;0.8889;3.0;0.2973;0.2217;1.0;5.0;17.8621;5.0;1.2758620689655173;1
org.apache.poi.hssf.usermodel.HSSFPalette;4.0;1.0;0.0;5.0;8.0;0.0;1.0;4.0;3.0;0.0;79.0;1.0;1.0;0.0;0.5625;0.0;0.0;18.5;5.0;2.25;0
org.apache.poi.hssf.record.CustomField;4.0;1.0;0.0;1.0;4.0;6.0;1.0;0.0;4.0;2.0;4.0;0.0;0.0;0.0;0.5;0.0;0.0;0.0;1.0;1.0;0
org.apache.poi.poifs.property.PropertyTable;11.0;1.0;0.0;11.0;34.0;0.0;2.0;9.0;10.0;0.5667;209.0;1.0;1.0;0.0;0.2727;0.0;0.0;17.7273;3.0;1.2727272727272727;0
org.apache.poi.hssf.usermodel.HSSFErrorConstants;0.0;1.0;0.0;0.0;0.0;0.0;0.0;0.0;0.0;2.0;7.0;0.0;0.0;0.0;0.0;0.0;0.0;0.0;0;0;0
org.apache.poi.hssf.record.BookBoolRecord;11.0;2.0;0.0;5.0;21.0;43.0;2.0;3.0;9.0;0.85;104.0;0.5;0.0;0.6;0.5227;1.0;3.0;8.2727;2.0;1.0909090909090908;2
org.apache.poi.hssf.record.SCLRecord;14.0;2.0;0.0;8.0;26.0;57.0;4.0;4.0;12.0;0.7692;193.0;0.6667;0.0;0.5217;0.4821;1.0;3.0;12.5714;2.0;1.0714285714285714;3
org.apache.poi.poifs.filesystem.DirectoryEntry;9.0;1.0;0.0;10.0;9.0;36.0;7.0;4.0;9.0;2.0;9.0;0.0;0.0;0.0;0.3148;0.0;0.0;0.0;1.0;1.0;0
org.apache.poi.hssf.record.NumberRecord;25.0;2.0;0.0;11.0;41.0;258.0;7.0;4.0;23.0;0.7583;387.0;0.8;0.0;0.3529;0.2571;1.0;3.0;14.28;7.0;1.88;1
org.apache.poi.hssf.usermodel.HSSFCellStyle;42.0;1.0;0.0;9.0;89.0;0.0;7.0;2.0;41.0;1.0;361.0;0.0667;1.0;0.0;0.3048;0.0;0.0;6.5238;5.0;1.119047619047619;0
org.apache.poi.hssf.eventmodel.ERFListener;1.0;1.0;0.0;4.0;1.0;0.0;3.0;1.0;1.0;2.0;1.0;0.0;0.0;0.0;1.0;0.0;0.0;0.0;1.0;1.0;0
org.apache.poi.hssf.record.SupBookRecord;13.0;2.0;0.0;5.0;24.0;56.0;2.0;3.0;11.0;0.7778;139.0;0.6667;0.0;0.5455;0.5;1.0;3.0;9.4615;2.0;1.0769230769230769;0
org.apache.poi.hssf.dev.EFHSSFListener;2.0;1.0;0.0;3.0;4.0;0.0;1.0;3.0;2.0;0.0;14.0;0.0;1.0;0.0;0.6667;0.0;0.0;5.5;1.0;1.0;0
org.apache.poi.hssf.record.TopMarginRecord;12.0;2.0;0.0;6.0;23.0;46.0;2.0;4.0;10.0;0.8182;120.0;0.5;0.0;0.5714;0.4;1.0;3.0;8.8333;2.0;1.0833333333333333;0
org.apache.poi.hssf.record.formula.MultiplyPtg;11.0;3.0;0.0;4.0;16.0;55.0;2.0;3.0;11.0;1.1;96.0;0.3333;0.0;0.625;0.2727;1.0;4.0;7.4545;1.0;1.0;0
org.apache.poi.hssf.record.formula.BoolPtg;10.0;2.0;0.0;3.0;12.0;3.0;2.0;2.0;9.0;0.9167;87.0;0.5;0.0;0.6111;0.2833;1.0;4.0;7.3;2.0;1.3;0
org.apache.poi.hssf.record.MulRKRecord;15.0;2.0;0.0;8.0;34.0;87.0;3.0;5.0;12.0;0.8714;228.0;0.8;0.0;0.5;0.5167;1.0;3.0;13.8667;2.0;1.2;0
org.apache.poi.hssf.record.DSFRecord;11.0;2.0;0.0;5.0;21.0;49.0;2.0;3.0;9.0;0.85;104.0;0.5;0.0;0.6;0.5227;1.0;3.0;8.2727;2.0;1.0909090909090908;2
org.apache.poi.hssf.record.ExtSSTRecord;17.0;2.0;0.0;8.0;41.0;66.0;4.0;4.0;15.0;0.85;319.0;0.4;0.0;0.4615;0.3137;1.0;3.0;17.4706;3.0;1.411764705882353;1
org.apache.poi.hssf.record.formula.MissingArgPtg;7.0;2.0;0.0;2.0;8.0;21.0;1.0;2.0;7.0;1.1667;32.0;0.5;0.0;0.6875;0.4286;1.0;4.0;3.2857;1.0;1.0;0
org.apache.poi.hssf.record.AxisLineFormatRecord;12.0;2.0;0.0;6.0;24.0;46.0;2.0;4.0;10.0;1.0;143.0;0.1667;0.0;0.5714;0.5;1.0;3.0;10.4167;2.0;1.0833333333333333;3
org.apache.poi.hssf.record.BoolErrRecord;30.0;2.0;0.0;6.0;46.0;327.0;2.0;4.0;28.0;0.7759;501.0;0.8333;0.0;0.3077;0.2167;1.0;3.0;15.5;8.0;2.1666666666666665;1
org.apache.poi.poifs.storage.DocumentBlock;9.0;2.0;0.0;5.0;17.0;0.0;2.0;3.0;7.0;0.7083;224.0;1.0;0.0;0.3333;0.2222;1.0;2.0;23.5556;4.0;1.6666666666666667;0
org.apache.poi.hssf.record.FrameRecord;18.0;2.0;0.0;7.0;35.0;37.0;2.0;5.0;16.0;0.8067;285.0;0.5714;2.0;0.4444;0.3667;1.0;3.0;14.4444;2.0;1.0555555555555556;5
org.apache.poi.poifs.eventfilesystem.POIFSReader;7.0;1.0;0.0;18.0;51.0;3.0;1.0;17.0;6.0;0.0833;282.0;1.0;1.0;0.0;0.3036;0.0;0.0;39.0;6.0;2.0;0
org.apache.poi.hssf.record.GridsetRecord;12.0;2.0;0.0;5.0;22.0;46.0;2.0;3.0;10.0;0.8182;126.0;0.0;0.0;0.5714;0.4;1.0;3.0;9.3333;2.0;1.25;2
org.apache.poi.hssf.record.formula.PowerPtg;9.0;3.0;0.0;4.0;13.0;36.0;2.0;2.0;9.0;1.125;62.0;0.0;0.0;0.6818;0.3333;1.0;4.0;5.6667;1.0;1.0;0
org.apache.poi.poifs.storage.HeaderBlockConstants;0.0;1.0;0.0;2.0;0.0;0.0;2.0;0.0;0.0;2.0;10.0;0.0;0.0;0.0;0.0;0.0;0.0;0.0;0;0;0
org.apache.poi.poifs.dev.POIFSViewEngine;4.0;1.0;0.0;2.0;24.0;4.0;1.0;1.0;2.0;0.3333;146.0;1.0;0.0;0.0;0.4667;0.0;0.0;35.25;6.0;2.75;0
org.apache.poi.hssf.record.formula.FuncPtg;7.0;4.0;0.0;4.0;17.0;0.0;2.0;2.0;6.0;0.8889;120.0;0.3333;0.0;0.8529;0.5238;2.0;9.0;15.7143;1.0;1.0;0
org.apache.poi.hssf.record.RightMarginRecord;12.0;2.0;0.0;6.0;23.0;46.0;2.0;4.0;10.0;0.8182;120.0;0.5;0.0;0.5714;0.4;1.0;3.0;8.8333;2.0;1.0833333333333333;2
org.apache.poi.hssf.dev.FormulaViewer;9.0;1.0;0.0;11.0;40.0;28.0;0.0;11.0;6.0;0.6875;416.0;1.0;0.0;0.0;0.3333;0.0;0.0;45.0;13.0;3.3333333333333335;1
org.apache.poi.hssf.record.SSTRecord;25.0;2.0;0.0;12.0;71.0;94.0;3.0;9.0;20.0;0.8974;488.0;0.3846;2.0;0.3529;0.2629;2.0;4.0;18.0;6.0;1.64;3
org.apache.poi.hssf.usermodel.HSSFName;7.0;1.0;0.0;4.0;22.0;0.0;1.0;3.0;5.0;0.1667;88.0;1.0;2.0;0.0;0.4286;0.0;0.0;11.2857;2.0;1.1428571428571428;1
org.apache.poi.hssf.dev.EFHSSF;6.0;1.0;0.0;17.0;45.0;5.0;1.0;17.0;6.0;0.55;243.0;0.0;2.0;0.0;0.375;0.0;0.0;38.8333;11.0;3.0;1
org.apache.poi.poifs.property.DocumentProperty;7.0;2.0;0.0;6.0;14.0;9.0;5.0;2.0;5.0;0.5;48.0;1.0;1.0;0.8571;0.3429;0.0;0.0;5.7143;1.0;1.0;0
org.apache.poi.hssf.record.SSTSerializer;12.0;1.0;0.0;7.0;35.0;16.0;2.0;6.0;8.0;0.7273;358.0;0.5556;2.0;0.0;0.3194;0.0;0.0;28.0833;9.0;2.0833333333333335;0
org.apache.poi.hssf.usermodel.HSSFPrintSetup;39.0;1.0;0.0;3.0;78.0;0.0;2.0;1.0;38.0;0.9;261.0;0.0;1.0;0.0;0.3026;0.0;0.0;5.4359;2.0;1.0512820512820513;0
org.apache.poi.util.SystemOutLogger;4.0;2.0;0.0;1.0;12.0;4.0;0.0;1.0;4.0;0.6667;44.0;1.0;0.0;0.8929;0.5;1.0;3.0;9.75;2.0;1.5;0
org.apache.poi.poifs.filesystem.DocumentOutputStream;8.0;2.0;0.0;3.0;15.0;4.0;3.0;0.0;5.0;0.4286;90.0;1.0;0.0;0.4167;0.425;1.0;1.0;9.875;1.0;1.0;0
org.apache.poi.poifs.storage.BATBlock;11.0;2.0;0.0;6.0;16.0;43.0;4.0;2.0;7.0;0.9167;220.0;1.0;1.0;0.25;0.2955;1.0;2.0;18.4545;5.0;1.7272727272727273;0
org.apache.poi.hssf.record.IndexRecord;18.0;2.0;0.0;6.0;37.0;103.0;2.0;4.0;16.0;0.8487;325.0;0.0;1.0;0.4444;0.4722;1.0;3.0;16.6667;2.0;1.3333333333333333;1
org.apache.poi.util.LittleEndianConsts;0.0;1.0;0.0;1.0;0.0;0.0;1.0;0.0;0.0;2.0;5.0;0.0;0.0;0.0;0.0;0.0;0.0;0.0;0;0;0
org.apache.poi.hssf.record.WindowTwoRecord;48.0;2.0;0.0;7.0;64.0;162.0;3.0;4.0;46.0;0.8617;889.0;0.95;12.0;0.2105;0.325;1.0;3.0;17.1042;3.0;1.0625;0
org.apache.poi.hssf.record.MMSRecord;13.0;2.0;0.0;5.0;22.0;66.0;2.0;3.0;11.0;0.8056;138.0;0.6667;0.0;0.5455;0.4;1.0;3.0;9.3846;2.0;1.0769230769230769;2
org.apache.poi.hssf.record.HeaderRecord;14.0;2.0;0.0;9.0;26.0;69.0;5.0;4.0;12.0;0.7436;187.0;0.6667;0.0;0.5217;0.3214;1.0;3.0;12.1429;3.0;1.3571428571428572;3
org.apache.poi.hpsf.UnexpectedPropertySetTypeException;4.0;4.0;0.0;5.0;8.0;6.0;4.0;1.0;4.0;2.0;20.0;0.0;0.0;1.0;0.6667;0.0;0.0;4.0;1.0;1.0;0
org.apache.poi.poifs.storage.BlockAllocationTableReader;7.0;1.0;0.0;10.0;29.0;1.0;5.0;6.0;1.0;0.0;256.0;1.0;1.0;0.0;0.5143;0.0;0.0;35.4286;2.0;1.1428571428571428;0
org.apache.poi.hssf.record.StringRecord;17.0;2.0;0.0;9.0;32.0;74.0;5.0;4.0;13.0;0.75;222.0;0.75;0.0;0.4615;0.2941;1.0;3.0;11.8235;2.0;1.2941176470588236;0
org.apache.poi.util.BinaryTree;57.0;2.0;0.0;18.0;87.0;1362.0;17.0;7.0;17.0;0.9271;1805.0;1.0;1.0;0.25;0.2653;1.0;7.0;30.4561;19.0;2.6140350877192984;0
org.apache.poi.hssf.record.formula.OperationPtg;5.0;2.0;18.0;21.0;6.0;10.0;20.0;1.0;5.0;1.25;13.0;0.0;0.0;0.7333;0.6;0.0;0.0;1.0;1.0;1.0;0
org.apache.poi.poifs.eventfilesystem.POIFSReaderRegistry;6.0;1.0;0.0;4.0;22.0;0.0;1.0;3.0;0.0;0.3333;163.0;1.0;0.0;0.0;0.5;0.0;0.0;25.6667;5.0;2.5;0
org.apache.poi.util.LongField;11.0;1.0;0.0;5.0;21.0;9.0;2.0;3.0;11.0;0.25;92.0;1.0;0.0;0.0;0.4545;0.0;0.0;7.1818;1.0;1.0;0
org.apache.poi.hssf.eventusermodel.HSSFEventFactory;6.0;1.0;0.0;10.0;19.0;15.0;2.0;8.0;5.0;2.0;171.0;0.0;0.0;0.0;0.6667;0.0;0.0;27.5;1.0;1.0;0
org.apache.poi.hssf.record.FontBasisRecord;20.0;2.0;0.0;6.0;32.0;114.0;2.0;4.0;18.0;0.7895;355.0;0.8333;0.0;0.4138;0.45;1.0;3.0;16.45;2.0;1.05;3
org.apache.poi.hssf.record.EndRecord;9.0;2.0;0.0;5.0;15.0;36.0;2.0;3.0;7.0;1.125;60.0;0.0;0.0;0.6667;0.5556;1.0;3.0;5.5556;2.0;1.1111111111111112;4
org.apache.poi.hssf.record.SheetPropertiesRecord;24.0;2.0;0.0;7.0;42.0;0.0;2.0;5.0;22.0;0.8182;421.0;0.6364;5.0;0.3636;0.2917;1.0;3.0;16.0833;2.0;1.0416666666666667;7
org.apache.poi.hssf.model.WorkbookRecordList;28.0;1.0;0.0;2.0;34.0;198.0;1.0;1.0;28.0;0.8418;386.0;1.0;0.0;0.0;0.3839;0.0;0.0;12.3929;12.0;1.7857142857142858;2
org.apache.poi.hssf.record.BOFRecord;22.0;2.0;0.0;9.0;35.0;169.0;6.0;3.0;20.0;0.9468;314.0;0.3529;0.0;0.3871;0.4432;1.0;3.0;12.5;2.0;1.0454545454545454;1
org.apache.poi.hssf.record.PrintSetupRecord;49.0;2.0;0.0;9.0;66.0;664.0;5.0;4.0;46.0;0.9021;726.0;0.95;8.0;0.2105;0.2708;1.0;3.0;13.4082;2.0;1.0204081632653061;8
org.apache.poi.hssf.model.Node;5.0;1.0;0.0;2.0;6.0;0.0;1.0;1.0;5.0;0.5833;43.0;1.0;2.0;0.0;0.4;0.0;0.0;7.0;1.0;1.0;0
org.apache.poi.hssf.record.SeriesToChartGroupRecord;12.0;2.0;0.0;6.0;24.0;46.0;2.0;4.0;10.0;0.8182;139.0;0.5;0.0;0.5714;0.5;1.0;3.0;10.4167;2.0;1.0833333333333333;3
org.apache.poi.hssf.record.RecordProcessor;9.0;1.0;0.0;4.0;17.0;0.0;1.0;3.0;7.0;0.5;234.0;1.0;1.0;0.0;0.5111;0.0;0.0;24.5556;2.0;1.2222222222222223;0
org.apache.poi.hssf.record.ProtectionRev4Record;11.0;2.0;0.0;5.0;21.0;43.0;2.0;3.0;9.0;0.85;114.0;0.5;0.0;0.6;0.4182;1.0;3.0;9.1818;2.0;1.2727272727272727;2
org.apache.poi.hssf.record.TickRecord;38.0;2.0;0.0;7.0;61.0;367.0;2.0;5.0;36.0;0.8541;805.0;0.9333;4.0;0.2553;0.2763;1.0;3.0;19.7895;2.0;1.0263157894736843;0
org.apache.poi.hssf.record.StyleRecord;24.0;2.0;0.0;7.0;39.0;204.0;2.0;5.0;21.0;0.8826;416.0;0.7;1.0;0.3636;0.2986;1.0;3.0;15.9167;4.0;1.4166666666666667;0
org.apache.poi.poifs.storage.BigBlock;4.0;1.0;4.0;5.0;6.0;6.0;4.0;1.0;1.0;2.0;15.0;0.0;0.0;0.0;0.6667;0.0;0.0;2.75;1.0;1.0;0
org.apache.poi.hssf.record.formula.Area3DPtg;34.0;2.0;0.0;11.0;57.0;187.0;5.0;7.0;34.0;0.7475;728.0;0.8889;2.0;0.2619;0.1985;2.0;6.0;20.1471;8.0;1.5;1
org.apache.poi.poifs.storage.BlockWritable;1.0;1.0;0.0;9.0;1.0;0.0;9.0;0.0;1.0;2.0;1.0;0.0;0.0;0.0;1.0;0.0;0.0;0.0;1.0;1.0;0
org.apache.poi.hssf.record.EOFRecord;10.0;2.0;0.0;7.0;16.0;45.0;4.0;3.0;8.0;1.1111;67.0;0.0;0.0;0.6316;0.525;1.0;3.0;5.6;2.0;1.1;4
org.apache.poi.hssf.record.WSBoolRecord;31.0;2.0;0.0;7.0;44.0;171.0;3.0;4.0;28.0;0.8639;404.0;0.9167;9.0;0.3077;0.2833;1.0;3.0;11.6452;2.0;1.032258064516129;0
org.apache.poi.hssf.record.formula.EqualPtg;9.0;3.0;0.0;4.0;13.0;36.0;2.0;2.0;9.0;1.125;62.0;0.0;0.0;0.6818;0.3333;1.0;4.0;5.6667;1.0;1.0;0
org.apache.poi.hssf.record.LegendRecord;36.0;2.0;0.0;7.0;57.0;196.0;2.0;5.0;34.0;0.9093;742.0;0.5652;6.0;0.2667;0.2778;1.0;3.0;18.9722;2.0;1.0277777777777777;7
org.apache.poi.hssf.record.DefaultDataLabelTextPropertiesRecord;12.0;2.0;0.0;6.0;24.0;46.0;2.0;4.0;10.0;0.9818;142.0;0.2;0.0;0.5714;0.5;1.0;3.0;10.4167;2.0;1.0833333333333333;3
org.apache.poi.util.IntegerField;11.0;1.0;0.0;7.0;17.0;9.0;4.0;3.0;11.0;0.25;85.0;1.0;0.0;0.0;0.5227;0.0;0.0;6.5455;1.0;1.0;0
org.apache.poi.hssf.record.PColor;3.0;1.0;0.0;1.0;9.0;0.0;1.0;0.0;3.0;0.0;86.0;0.0;0.0;0.0;0.5;0.0;0.0;26.6667;1.0;1.0;0
org.apache.poi.hssf.eventmodel.ListenerWrapper;2.0;1.0;0.0;3.0;5.0;0.0;1.0;2.0;1.0;0.0;49.0;1.0;1.0;0.0;0.6;0.0;0.0;22.0;5.0;3.0;0
org.apache.poi.hssf.record.SeriesListRecord;12.0;2.0;0.0;4.0;24.0;36.0;1.0;3.0;10.0;0.7727;141.0;0.5;0.0;0.5714;0.4;1.0;3.0;10.5833;2.0;1.0833333333333333;3
org.apache.poi.hssf.record.CountryRecord;13.0;2.0;0.0;5.0;23.0;66.0;2.0;3.0;11.0;0.8056;138.0;0.6667;0.0;0.5455;0.5;1.0;3.0;9.3846;2.0;1.0769230769230769;2
org.apache.poi.hssf.record.formula.Ptg;12.0;1.0;16.0;46.0;56.0;60.0;25.0;35.0;12.0;1.0;399.0;0.25;0.0;0.0;0.2833;0.0;0.0;31.9167;4.0;1.25;1
org.apache.poi.hssf.record.formula.AddPtg;10.0;3.0;0.0;4.0;14.0;45.0;2.0;2.0;10.0;1.1111;63.0;0.3333;0.0;0.6522;0.32;1.0;4.0;5.0;1.0;1.0;0
org.apache.poi.poifs.filesystem.POIFSFileSystem;17.0;1.0;0.0;38.0;95.0;106.0;11.0;28.0;13.0;0.3542;461.0;1.0;2.0;0.0;0.1448;0.0;0.0;25.9412;2.0;1.2352941176470589;0
org.apache.poi.poifs.filesystem.DirectoryNode;20.0;2.0;0.0;14.0;65.0;94.0;3.0;14.0;15.0;0.6491;327.0;1.0;2.0;0.3214;0.1545;1.0;1.0;15.2;4.0;1.35;0
org.apache.poi.hssf.record.NameRecord;63.0;2.0;0.0;14.0;109.0;1553.0;5.0;10.0;56.0;0.9583;1351.0;0.4634;0.0;0.169;0.2024;1.0;3.0;19.7937;8.0;1.6031746031746033;0
org.apache.poi.dev.RecordGenerator;3.0;1.0;0.0;1.0;29.0;3.0;0.0;1.0;2.0;2.0;305.0;0.0;0.0;0.0;0.3333;0.0;0.0;100.6667;1.0;1.0;5
org.apache.poi.hssf.record.ChartFormatRecord;19.0;2.0;0.0;6.0;35.0;109.0;2.0;4.0;17.0;0.8175;263.0;0.8571;1.0;0.4286;0.3684;1.0;3.0;12.4737;2.0;1.0526315789473684;3
org.apache.poi.poifs.filesystem.DocumentNode;9.0;2.0;0.0;9.0;17.0;30.0;3.0;7.0;6.0;0.75;55.0;1.0;1.0;0.5294;0.4074;1.0;1.0;5.0;1.0;1.0;0
org.apache.poi.hssf.record.PlotAreaRecord;10.0;2.0;0.0;5.0;16.0;45.0;2.0;3.0;8.0;1.1111;75.0;0.0;0.0;0.6316;0.525;1.0;3.0;6.4;2.0;1.1;5
org.apache.poi.hpsf.PropertySetFactory;2.0;1.0;0.0;7.0;8.0;1.0;1.0;6.0;2.0;2.0;28.0;0.0;0.0;0.0;0.5;0.0;0.0;13.0;1.0;1.0;1
org.apache.poi.hssf.record.CellValueRecordInterface;10.0;1.0;0.0;13.0;10.0;45.0;13.0;0.0;10.0;2.0;10.0;0.0;0.0;0.0;0.4;0.0;0.0;0.0;1.0;1.0;0
org.apache.poi.hssf.record.AxisParentRecord;20.0;2.0;0.0;6.0;35.0;114.0;2.0;4.0;18.0;0.8553;357.0;0.625;0.0;0.4138;0.45;1.0;3.0;16.45;2.0;1.05;3
org.apache.poi.hssf.record.DateWindow1904Record;11.0;2.0;0.0;5.0;21.0;49.0;2.0;3.0;9.0;0.85;104.0;0.5;0.0;0.6;0.5227;1.0;3.0;8.2727;2.0;1.0909090909090908;2
org.apache.poi.hssf.record.formula.UnionPtg;9.0;3.0;0.0;4.0;13.0;36.0;2.0;2.0;9.0;1.125;58.0;0.0;0.0;0.6818;0.3333;1.0;4.0;5.3333;1.0;1.0;0
org.apache.poi.hssf.record.RefreshAllRecord;11.0;2.0;0.0;5.0;21.0;43.0;2.0;3.0;9.0;0.85;114.0;0.5;0.0;0.6;0.4182;1.0;3.0;9.1818;2.0;1.2727272727272727;2
org.apache.poi.poifs.storage.SmallBlockTableWriter;6.0;1.0;0.0;7.0;22.0;3.0;1.0;6.0;6.0;0.75;111.0;1.0;2.0;0.0;0.3333;0.0;0.0;16.8333;4.0;1.5;1
org.apache.poi.hssf.record.LinkedDataFormulaField;10.0;1.0;0.0;5.0;31.0;15.0;2.0;3.0;9.0;0.3333;179.0;0.0;0.0;0.0;0.3333;0.0;0.0;16.8;2.0;1.4;3
org.apache.poi.hssf.record.formula.AttrPtg;25.0;3.0;0.0;6.0;36.0;106.0;2.0;4.0;25.0;0.7538;487.0;0.9091;7.0;0.3947;0.18;1.0;4.0;18.04;8.0;1.4;0
org.apache.poi.hssf.util.CellReference;12.0;1.0;0.0;6.0;27.0;34.0;6.0;0.0;9.0;0.6909;306.0;1.0;0.0;0.0;0.375;0.0;0.0;24.0833;6.0;2.0;0
org.apache.poi.hpsf.Thumbnail;8.0;1.0;0.0;2.0;12.0;8.0;0.0;2.0;7.0;0.8214;129.0;0.0833;0.0;0.0;0.6429;0.0;0.0;13.625;1.0;1.0;8
org.apache.poi.hssf.record.DeltaRecord;12.0;2.0;0.0;5.0;23.0;54.0;2.0;3.0;10.0;0.9091;115.0;0.3333;0.0;0.5714;0.4;1.0;3.0;8.3333;2.0;1.0833333333333333;2
org.apache.poi.hssf.record.UnicodeString;25.0;2.0;0.0;9.0;48.0;228.0;6.0;3.0;20.0;0.7708;417.0;0.8333;0.0;0.3529;0.2514;2.0;4.0;15.44;6.0;1.76;0
org.apache.poi.hssf.record.LinkedDataRecord;22.0;2.0;0.0;8.0;46.0;105.0;2.0;6.0;20.0;0.9206;420.0;0.4;2.0;0.3871;0.2532;1.0;3.0;17.4091;2.0;1.0454545454545454;4
org.apache.poi.hssf.record.formula.NumberPtg;10.0;2.0;0.0;4.0;18.0;39.0;2.0;3.0;9.0;0.8519;78.0;0.3333;0.0;0.6111;0.2833;1.0;4.0;6.5;1.0;1.0;0
org.apache.poi.hpsf.MarkUnsupportedException;4.0;4.0;0.0;4.0;8.0;6.0;3.0;1.0;4.0;2.0;20.0;0.0;0.0;1.0;0.6667;0.0;0.0;4.0;1.0;1.0;0
org.apache.poi.util.ShortField;11.0;1.0;0.0;5.0;21.0;9.0;2.0;3.0;11.0;0.25;92.0;1.0;0.0;0.0;0.4545;0.0;0.0;7.1818;1.0;1.0;0
org.apache.poi.hssf.record.SSTRecordSizeCalculator;8.0;1.0;0.0;3.0;19.0;0.0;2.0;2.0;3.0;0.369;438.0;1.0;1.0;0.0;0.4167;0.0;0.0;52.25;6.0;2.5;8
org.apache.poi.poifs.common.POIFSConstants;0.0;1.0;0.0;0.0;0.0;0.0;0.0;0.0;0.0;2.0;4.0;0.0;0.0;0.0;0.0;0.0;0.0;0.0;0;0;0
org.apache.poi.hssf.record.UnitsRecord;12.0;2.0;0.0;6.0;24.0;46.0;2.0;4.0;10.0;0.8182;139.0;0.5;0.0;0.5714;0.5;1.0;3.0;10.4167;2.0;1.0833333333333333;0
org.apache.poi.hpsf.DocumentSummaryInformation;16.0;3.0;0.0;4.0;27.0;120.0;1.0;3.0;16.0;1.0667;100.0;0.0;0.0;0.6341;0.5313;0.0;0.0;5.1875;1.0;1.0;1
org.apache.poi.hssf.record.formula.DividePtg;9.0;3.0;0.0;4.0;13.0;36.0;2.0;2.0;9.0;1.125;64.0;0.0;0.0;0.6818;0.3333;1.0;4.0;5.8889;1.0;1.0;0
org.apache.poi.hssf.record.formula.GreaterThanPtg;10.0;3.0;0.0;4.0;14.0;45.0;2.0;2.0;10.0;1.1111;63.0;0.3333;0.0;0.6522;0.32;1.0;4.0;5.0;1.0;1.0;1
org.apache.poi.hpsf.HPSFException;5.0;3.0;3.0;5.0;7.0;10.0;5.0;0.0;5.0;1.0;25.0;1.0;0.0;0.9444;0.6;0.0;0.0;3.8;1.0;1.0;2
org.apache.poi.hpsf.Section;12.0;1.0;0.0;8.0;30.0;48.0;3.0;5.0;9.0;0.8182;322.0;1.0;2.0;0.0;0.5;0.0;0.0;25.25;7.0;2.0833333333333335;1
org.apache.poi.hssf.record.BoundSheetRecord;20.0;2.0;0.0;7.0;40.0;142.0;3.0;4.0;18.0;0.7982;340.0;0.8333;0.0;0.4138;0.3;1.0;3.0;15.7;10.0;1.65;2
org.apache.poi.hssf.model.Model;0.0;1.0;0.0;4.0;0.0;0.0;4.0;0.0;0.0;2.0;0.0;0.0;0.0;0.0;0.0;0.0;0.0;0.0;0;0;0
org.apache.poi.hssf.eventusermodel.AbortableHSSFListener;3.0;1.0;0.0;4.0;4.0;3.0;1.0;3.0;3.0;2.0;7.0;0.0;0.0;0.0;0.8333;0.0;0.0;1.3333;1.0;1.0;1
org.apache.poi.hssf.record.ExternSheetSubRecord;15.0;2.0;0.0;4.0;25.0;87.0;2.0;2.0;13.0;0.8036;141.0;0.75;0.0;0.5;0.4833;1.0;3.0;8.1333;1.0;1.0;0
org.apache.poi.poifs.filesystem.POIFSWriterEvent;5.0;1.0;0.0;5.0;6.0;2.0;3.0;2.0;4.0;0.75;36.0;1.0;2.0;0.0;0.36;0.0;0.0;5.4;1.0;1.0;0
org.apache.poi.hssf.record.SelectionRecord;20.0;2.0;0.0;5.0;31.0;138.0;2.0;3.0;18.0;0.8271;304.0;0.8571;0.0;0.4138;0.36;1.0;3.0;13.85;2.0;1.05;2
org.apache.poi.util.POILogFactory;4.0;1.0;0.0;6.0;15.0;4.0;4.0;2.0;2.0;0.3333;55.0;1.0;0.0;0.0;0.3333;0.0;0.0;12.5;2.0;1.25;0
org.apache.poi.hpsf.Variant;1.0;1.0;0.0;0.0;2.0;0.0;0.0;0.0;1.0;2.0;51.0;0.0;0.0;0.0;1.0;0.0;0.0;3.0;1.0;1.0;0
org.apache.poi.hssf.record.ExtendedFormatRecord;96.0;2.0;0.0;9.0;117.0;3214.0;5.0;4.0;93.0;0.9812;1476.0;0.4831;34.0;0.1154;0.3137;1.0;3.0;13.4479;3.0;1.03125;1
org.apache.poi.hssf.record.RowRecord;37.0;2.0;0.0;10.0;54.0;348.0;6.0;4.0;35.0;0.8433;659.0;0.9286;5.0;0.2609;0.2793;1.0;3.0;16.4324;4.0;1.2162162162162162;7
org.apache.poi.hssf.record.formula.GreaterEqualPtg;9.0;3.0;0.0;4.0;13.0;36.0;2.0;2.0;9.0;1.125;62.0;0.0;0.0;0.6818;0.3333;1.0;4.0;5.6667;1.0;1.0;0
org.apache.poi.hssf.record.CalcCountRecord;12.0;2.0;0.0;5.0;22.0;54.0;2.0;3.0;10.0;0.8182;115.0;0.5;0.0;0.5714;0.5;1.0;3.0;8.4167;2.0;1.0833333333333333;2
org.apache.poi.hpsf.NoSingleSectionException;4.0;5.0;0.0;2.0;8.0;6.0;1.0;1.0;4.0;2.0;20.0;0.0;0.0;1.0;0.6667;0.0;0.0;4.0;1.0;1.0;0
org.apache.poi.hssf.record.SeriesChartGroupIndexRecord;12.0;2.0;0.0;4.0;24.0;46.0;0.0;4.0;10.0;0.8182;139.0;0.5;0.0;0.5714;0.5;1.0;3.0;10.4167;2.0;1.0833333333333333;3
org.apache.poi.hssf.record.DimensionsRecord;18.0;2.0;0.0;6.0;30.0;107.0;3.0;3.0;16.0;0.7941;257.0;0.8333;0.0;0.4444;0.4583;1.0;3.0;12.9444;2.0;1.0555555555555556;2
org.apache.poi.hpsf.PropertySet;22.0;1.0;1.0;16.0;56.0;197.0;6.0;10.0;16.0;0.8139;376.0;0.5455;1.0;0.0;0.369;0.0;0.0;15.5909;4.0;1.2727272727272727;1
org.apache.poi.hssf.record.formula.UnaryPlusPtg;10.0;3.0;0.0;4.0;14.0;45.0;2.0;2.0;10.0;1.1111;57.0;0.3333;0.0;0.6522;0.32;1.0;4.0;4.4;1.0;1.0;0
org.apache.poi.hssf.record.PaneRecord;20.0;2.0;0.0;6.0;32.0;114.0;2.0;4.0;18.0;0.8947;359.0;0.5;0.0;0.4138;0.45;1.0;3.0;16.45;2.0;1.05;3
org.apache.poi.hssf.record.RecordFactory;8.0;1.0;0.0;15.0;60.0;16.0;4.0;11.0;5.0;0.8214;422.0;0.75;0.0;0.0;0.1429;0.0;0.0;51.25;9.0;2.375;5
org.apache.poi.poifs.filesystem.BATManaged;2.0;1.0;0.0;5.0;2.0;1.0;5.0;0.0;2.0;2.0;2.0;0.0;0.0;0.0;0.75;0.0;0.0;0.0;1.0;1.0;0
org.apache.poi.hssf.record.aggregates.ValueRecordsAggregate;14.0;2.0;0.0;8.0;34.0;41.0;1.0;7.0;12.0;0.7115;225.0;0.0;0.0;0.48;0.2857;1.0;2.0;14.7857;9.0;2.0714285714285716;1
org.apache.poi.hssf.model.Sheet;109.0;1.0;0.0;60.0;342.0;4376.0;5.0;55.0;75.0;0.938;3310.0;0.6944;16.0;0.0;0.0787;0.0;0.0;29.0367;34.0;2.110091743119266;1
org.apache.poi.poifs.filesystem.DocumentEntry;1.0;1.0;0.0;9.0;1.0;0.0;8.0;1.0;1.0;2.0;1.0;0.0;0.0;0.0;1.0;0.0;0.0;0.0;1.0;1.0;0
org.apache.poi.hssf.record.PaletteRecord;13.0;2.0;0.0;8.0;32.0;52.0;4.0;4.0;11.0;0.9333;1213.0;0.4;0.0;0.5714;0.4154;1.0;3.0;91.9231;4.0;1.6923076923076923;1
org.apache.poi.hssf.record.SharedFormulaRecord;11.0;2.0;0.0;6.0;20.0;25.0;3.0;3.0;9.0;0.8;167.0;0.5;0.0;0.5714;0.4318;1.0;3.0;13.8182;2.0;1.2727272727272727;4
org.apache.poi.hssf.usermodel.HSSFDataFormat;8.0;1.0;0.0;4.0;28.0;0.0;2.0;2.0;7.0;0.5714;427.0;1.0;1.0;0.0;0.25;0.0;0.0;51.875;7.0;3.5;0
org.apache.poi.hssf.record.formula.ControlPtg;1.0;2.0;1.0;2.0;2.0;0.0;1.0;1.0;1.0;2.0;4.0;0.0;0.0;1.0;1.0;0.0;0.0;3.0;1.0;1.0;0
org.apache.poi.util.LittleEndian;35.0;1.0;0.0;169.0;43.0;595.0;167.0;2.0;32.0;2.0;379.0;0.0;0.0;0.0;0.2;0.0;0.0;9.8286;2.0;1.2285714285714286;0
org.apache.poi.hssf.record.PlotGrowthRecord;14.0;2.0;0.0;6.0;27.0;57.0;2.0;4.0;12.0;0.7692;193.0;0.6667;0.0;0.5217;0.4821;1.0;3.0;12.5714;2.0;1.0714285714285714;3
org.apache.poi.hssf.record.formula.UnknownPtg;7.0;2.0;0.0;2.0;8.0;21.0;0.0;2.0;7.0;1.0;26.0;1.0;0.0;0.6875;0.4286;1.0;4.0;2.5714;1.0;1.0;0
org.apache.poi.hpsf.IllegalPropertySetDataException;4.0;5.0;0.0;1.0;8.0;6.0;0.0;1.0;4.0;2.0;20.0;0.0;0.0;1.0;0.6667;0.0;0.0;4.0;1.0;1.0;0
org.apache.poi.hssf.record.Margin;2.0;1.0;0.0;5.0;2.0;1.0;5.0;0.0;2.0;2.0;2.0;0.0;0.0;0.0;0.75;0.0;0.0;0.0;1.0;1.0;0
org.apache.poi.poifs.property.RootProperty;3.0;3.0;0.0;8.0;10.0;3.0;6.0;2.0;1.0;2.0;27.0;0.0;0.0;0.973;0.6667;1.0;1.0;8.0;1.0;1.0;0
org.apache.poi.hssf.record.FnGroupCountRecord;11.0;2.0;0.0;5.0;21.0;49.0;2.0;3.0;9.0;0.9333;104.0;0.3333;0.0;0.6;0.5227;1.0;3.0;8.1818;2.0;1.0909090909090908;2
org.apache.poi.hssf.record.formula.UnaryMinusPtg;10.0;3.0;0.0;4.0;15.0;45.0;1.0;3.0;10.0;1.1111;57.0;0.3333;0.0;0.6522;0.32;1.0;4.0;4.4;1.0;1.0;0
org.apache.poi.hpsf.TypeReader;2.0;1.0;0.0;3.0;13.0;1.0;1.0;2.0;2.0;2.0;217.0;0.0;0.0;0.0;0.5;0.0;0.0;107.5;17.0;9.0;6
org.apache.poi.poifs.storage.SmallDocumentBlockList;1.0;2.0;0.0;4.0;4.0;0.0;1.0;3.0;1.0;2.0;11.0;0.0;0.0;1.0;1.0;0.0;0.0;10.0;1.0;1.0;0
org.apache.poi.hssf.util.AreaReference;5.0;1.0;0.0;3.0;18.0;0.0;2.0;1.0;4.0;0.5;149.0;1.0;1.0;0.0;0.7;0.0;0.0;28.4;2.0;1.6;0
org.apache.poi.hssf.record.aggregates.FormulaRecordAggregate;28.0;2.0;0.0;8.0;51.0;0.0;3.0;5.0;26.0;0.7315;237.0;0.75;3.0;0.3158;0.1984;1.0;3.0;7.3214;3.0;1.25;0
org.apache.poi.hssf.record.BarRecord;24.0;2.0;0.0;7.0;41.0;38.0;2.0;5.0;22.0;0.75;427.0;0.875;4.0;0.3636;0.35;1.0;3.0;16.4583;2.0;1.0416666666666667;6
org.apache.poi.poifs.filesystem.DocumentInputStream;13.0;2.0;0.0;18.0;23.0;0.0;15.0;3.0;11.0;0.6429;271.0;1.0;1.0;0.45;0.2564;1.0;2.0;19.3077;2.0;1.0769230769230769;0
org.apache.poi.hssf.record.BackupRecord;11.0;2.0;0.0;6.0;21.0;49.0;3.0;3.0;9.0;0.85;104.0;0.5;0.0;0.6;0.5227;1.0;3.0;8.2727;2.0;1.0909090909090908;2
org.apache.poi.hssf.record.formula.MemErrPtg;11.0;2.0;0.0;3.0;14.0;33.0;1.0;3.0;11.0;0.9;66.0;0.75;0.0;0.55;0.3273;1.0;4.0;4.6364;1.0;1.0;0
org.apache.poi.hssf.eventmodel.EventRecordFactory;11.0;1.0;0.0;15.0;66.0;25.0;2.0;13.0;6.0;0.7333;503.0;0.8333;0.0;0.0;0.15;0.0;0.0;44.1818;9.0;2.4545454545454546;3
org.apache.poi.hssf.usermodel.HSSFFont;20.0;1.0;0.0;8.0;39.0;0.0;7.0;1.0;19.0;0.9789;140.0;0.1333;1.0;0.0;0.2583;0.0;0.0;5.25;1.0;1.0;1
org.apache.poi.hssf.model.FormulaParser;54.0;1.0;0.0;32.0;136.0;651.0;3.0;29.0;7.0;0.7669;1803.0;0.7059;1.0;0.0;0.174;0.0;0.0;32.0741;14.0;3.111111111111111;2
org.apache.poi.hssf.record.AreaRecord;18.0;2.0;0.0;6.0;35.0;1.0;1.0;5.0;16.0;0.6706;274.0;0.8;3.0;0.4444;0.3667;1.0;3.0;13.9444;2.0;1.0555555555555556;6
org.apache.poi.poifs.dev.POIFSViewable;4.0;1.0;0.0;6.0;4.0;6.0;6.0;0.0;4.0;2.0;4.0;0.0;0.0;0.0;1.0;0.0;0.0;0.0;1.0;1.0;0
org.apache.poi.hpsf.ClassID;8.0;1.0;0.0;10.0;17.0;0.0;9.0;1.0;8.0;0.7143;328.0;0.5;0.0;0.0;0.4688;0.0;0.0;39.75;6.0;2.5;1
org.apache.poi.hpsf.Property;6.0;1.0;0.0;6.0;24.0;7.0;3.0;3.0;4.0;0.75;230.0;1.0;0.0;0.0;0.55;0.0;0.0;36.6667;9.0;2.5;2
org.apache.poi.poifs.filesystem.POIFSWriterListener;1.0;1.0;0.0;7.0;1.0;0.0;6.0;1.0;1.0;2.0;1.0;0.0;0.0;0.0;1.0;0.0;0.0;0.0;1.0;1.0;0
org.apache.poi.hssf.record.CategorySeriesAxisRecord;24.0;2.0;0.0;7.0;41.0;82.0;2.0;5.0;22.0;0.7663;436.0;0.875;3.0;0.3636;0.35;1.0;3.0;16.8333;2.0;1.0416666666666667;6
org.apache.poi.poifs.filesystem.DocumentDescriptor;4.0;1.0;0.0;2.0;18.0;0.0;1.0;1.0;4.0;0.2222;129.0;1.0;1.0;0.0;0.4375;1.0;1.0;30.5;6.0;3.5;0
org.apache.poi.hssf.dev.EFBiffViewer;4.0;1.0;0.0;6.0;16.0;4.0;1.0;6.0;4.0;0.3333;82.0;0.0;0.0;0.0;0.4167;0.0;0.0;19.25;3.0;1.5;1
org.apache.poi.hssf.record.WriteAccessRecord;11.0;2.0;0.0;7.0;29.0;43.0;2.0;5.0;9.0;0.85;152.0;0.5;0.0;0.6;0.4182;1.0;3.0;12.6364;2.0;1.1818181818181819;0
org.apache.poi.hssf.record.FontIndexRecord;12.0;2.0;0.0;6.0;24.0;46.0;2.0;4.0;10.0;0.8182;139.0;0.5;0.0;0.5714;0.5;1.0;3.0;10.4167;2.0;1.0833333333333333;3
org.apache.poi.hssf.record.formula.LessEqualPtg;9.0;3.0;0.0;4.0;13.0;36.0;2.0;2.0;9.0;1.125;62.0;0.0;0.0;0.6818;0.3333;1.0;4.0;5.6667;1.0;1.0;0
org.apache.poi.hssf.record.PrecisionRecord;11.0;2.0;0.0;5.0;21.0;43.0;2.0;3.0;9.0;0.85;115.0;0.0;0.0;0.6;0.4182;1.0;3.0;9.2727;2.0;1.2727272727272727;2
org.apache.poi.hssf.record.CodepageRecord;11.0;2.0;0.0;5.0;21.0;49.0;2.0;3.0;9.0;0.9333;105.0;0.3333;0.0;0.6;0.5227;1.0;3.0;8.2727;2.0;1.0909090909090908;1
org.apache.poi.util.CommonsLogger;5.0;2.0;0.0;3.0;20.0;0.0;0.0;3.0;4.0;0.5;138.0;1.0;0.0;0.8929;0.5;1.0;3.0;26.2;12.0;5.2;1
org.apache.poi.util.HexRead;6.0;1.0;0.0;0.0;25.0;15.0;0.0;0.0;5.0;2.0;266.0;0.0;0.0;0.0;0.2917;0.0;0.0;43.3333;1.0;1.0;0
org.apache.poi.hssf.eventmodel.ModelFactoryListener;1.0;1.0;0.0;2.0;1.0;0.0;1.0;1.0;1.0;2.0;1.0;0.0;0.0;0.0;1.0;0.0;0.0;0.0;1.0;1.0;0
org.apache.poi.hssf.record.ValueRangeRecord;40.0;2.0;0.0;7.0;60.0;90.0;2.0;5.0;38.0;0.8381;784.0;0.9375;9.0;0.2449;0.275;1.0;3.0;18.2;2.0;1.025;0
org.apache.poi.poifs.storage.ListManagedBlock;1.0;1.0;0.0;13.0;1.0;0.0;13.0;0.0;1.0;2.0;1.0;0.0;0.0;0.0;1.0;0.0;0.0;0.0;1.0;1.0;0
org.apache.poi.hssf.record.UnknownRecord;10.0;2.0;0.0;9.0;18.0;0.0;6.0;3.0;7.0;0.3889;156.0;1.0;0.0;0.6;0.5;1.0;3.0;14.4;3.0;1.3;0
org.apache.poi.hssf.usermodel.HSSFRow;24.0;1.0;0.0;13.0;51.0;86.0;8.0;5.0;16.0;0.6739;447.0;0.8333;3.0;0.0;0.1833;0.0;0.0;17.375;5.0;1.8333333333333333;1
org.apache.poi.hssf.record.ObjectLinkRecord;16.0;2.0;0.0;5.0;28.0;72.0;1.0;4.0;14.0;0.9333;252.0;0.3333;0.0;0.48;0.4688;1.0;3.0;14.1875;2.0;1.0625;3
org.apache.poi.hssf.record.formula.NamePtg;8.0;2.0;0.0;5.0;20.0;4.0;2.0;4.0;7.0;0.8;148.0;0.6;0.0;0.6875;0.375;1.0;4.0;16.875;3.0;1.25;0
org.apache.poi.hssf.record.AxisUsedRecord;12.0;2.0;0.0;6.0;24.0;46.0;2.0;4.0;10.0;0.8182;139.0;0.5;0.0;0.5714;0.5;1.0;3.0;10.4167;2.0;1.0833333333333333;3
org.apache.poi.hpsf.SummaryInformation;19.0;3.0;0.0;5.0;29.0;171.0;2.0;3.0;19.0;1.0556;127.0;0.0;0.0;0.5909;0.5263;0.0;0.0;5.6316;1.0;1.0;1
org.apache.poi.hssf.record.PasswordRev4Record;11.0;2.0;0.0;5.0;21.0;49.0;2.0;3.0;9.0;0.85;104.0;0.5;0.0;0.6;0.5227;1.0;3.0;8.2727;2.0;1.0909090909090908;2
org.apache.poi.poifs.eventfilesystem.POIFSReaderListener;1.0;1.0;0.0;6.0;1.0;0.0;5.0;1.0;1.0;2.0;1.0;0.0;0.0;0.0;1.0;0.0;0.0;0.0;1.0;1.0;0
org.apache.poi.hssf.record.ChartRecord;18.0;2.0;0.0;6.0;31.0;91.0;2.0;4.0;16.0;0.7765;301.0;0.8;0.0;0.4444;0.4583;1.0;3.0;15.4444;2.0;1.0555555555555556;3
org.apache.poi.hssf.record.VCenterRecord;12.0;2.0;0.0;7.0;22.0;46.0;4.0;3.0;10.0;0.8182;126.0;0.5;0.0;0.5714;0.4;1.0;3.0;9.3333;2.0;1.25;0
org.apache.poi.hssf.util.RKUtil;2.0;1.0;0.0;2.0;4.0;1.0;2.0;0.0;1.0;2.0;39.0;0.0;0.0;0.0;0.5;0.0;0.0;18.5;3.0;2.0;0
org.apache.poi.poifs.property.DirectoryProperty;8.0;2.0;1.0;11.0;37.0;0.0;7.0;5.0;6.0;0.3571;277.0;1.0;0.0;0.8333;0.375;1.0;1.0;33.375;6.0;1.875;0
org.apache.poi.hssf.usermodel.HSSFHeader;16.0;1.0;0.0;2.0;30.0;88.0;1.0;1.0;14.0;0.6833;250.0;0.0;1.0;0.0;0.2188;0.0;0.0;14.375;13.0;1.9375;0
org.apache.poi.hssf.record.FontRecord;38.0;2.0;0.0;9.0;56.0;511.0;4.0;5.0;35.0;0.9381;602.0;0.625;4.0;0.2609;0.2394;1.0;3.0;14.2105;3.0;1.105263157894737;7
org.apache.poi.hssf.record.formula.Ref3DPtg;22.0;2.0;0.0;9.0;48.0;89.0;3.0;7.0;22.0;0.7211;417.0;0.8571;2.0;0.3667;0.2338;1.0;5.0;17.6364;5.0;1.2727272727272727;0
org.apache.poi.hssf.record.SeriesIndexRecord;12.0;2.0;0.0;6.0;24.0;46.0;2.0;4.0;10.0;0.8182;139.0;0.5;0.0;0.5714;0.5;1.0;3.0;10.4167;2.0;1.0833333333333333;3
org.apache.poi.hssf.record.LabelSSTRecord;25.0;2.0;0.0;8.0;40.0;258.0;4.0;4.0;23.0;0.7583;388.0;0.8;0.0;0.3529;0.3;1.0;3.0;14.32;7.0;1.88;2
org.apache.poi.util.BitField;18.0;1.0;0.0;37.0;19.0;107.0;37.0;0.0;18.0;0.3824;170.0;1.0;0.0;0.0;0.4333;0.0;0.0;8.3333;3.0;1.3888888888888888;0
org.apache.poi.hssf.record.TextRecord;62.0;2.0;0.0;7.0;85.0;611.0;2.0;5.0;60.0;0.954;1388.0;0.5;14.0;0.169;0.2661;1.0;3.0;20.5484;2.0;1.0161290322580645;0
org.apache.poi.util.BlockingInputStream;10.0;2.0;0.0;0.0;19.0;0.0;0.0;0.0;10.0;0.0;86.0;1.0;0.0;0.5;0.32;1.0;2.0;7.5;1.0;1.0;0
org.apache.poi.hssf.record.DBCellRecord;15.0;2.0;0.0;7.0;29.0;79.0;4.0;3.0;13.0;0.7857;249.0;0.6667;0.0;0.5;0.4833;1.0;3.0;15.4;3.0;1.4;2
org.apache.poi.hssf.record.UseSelFSRecord;11.0;2.0;0.0;5.0;21.0;49.0;2.0;3.0;9.0;0.975;106.0;0.25;0.0;0.6;0.5227;1.0;3.0;8.2727;2.0;1.0909090909090908;0
org.apache.poi.hssf.record.AreaFormatRecord;26.0;2.0;0.0;7.0;46.0;153.0;2.0;5.0;24.0;0.8;499.0;0.8889;2.0;0.3429;0.3462;1.0;3.0;17.8462;2.0;1.0384615384615385;5
org.apache.poi.hssf.record.DatRecord;20.0;2.0;0.0;6.0;37.0;0.0;1.0;5.0;18.0;0.6842;319.0;0.8333;4.0;0.4138;0.36;1.0;3.0;14.65;2.0;1.05;6
org.apache.poi.poifs.property.PropertyConstants;0.0;1.0;0.0;0.0;0.0;0.0;0.0;0.0;0.0;2.0;4.0;0.0;0.0;0.0;0.0;0.0;0.0;0.0;0;0;0
org.apache.poi.hssf.model.Workbook;85.0;1.0;0.0;87.0;273.0;2666.0;45.0;43.0;46.0;0.915;3231.0;0.9286;4.0;0.0;0.168;0.0;0.0;36.8471;19.0;2.023529411764706;1
org.apache.poi.hpsf.SpecialPropertySet;10.0;2.0;2.0;5.0;20.0;0.0;2.0;3.0;10.0;0.0;53.0;1.0;1.0;0.6538;0.55;1.0;2.0;4.2;1.0;1.0;0
org.apache.poi.hpsf.Util;6.0;1.0;0.0;2.0;8.0;15.0;2.0;0.0;6.0;1.2;139.0;0.0;0.0;0.0;0.3333;0.0;0.0;22.0;4.0;2.1666666666666665;5
org.apache.poi.hssf.record.DefaultColWidthRecord;12.0;2.0;0.0;5.0;22.0;54.0;2.0;3.0;10.0;0.8182;115.0;0.5;0.0;0.5714;0.5;1.0;3.0;8.4167;2.0;1.0833333333333333;2
org.apache.poi.hssf.record.formula.LessThanPtg;10.0;3.0;0.0;4.0;14.0;45.0;2.0;2.0;10.0;1.1111;63.0;0.3333;0.0;0.6522;0.32;1.0;4.0;5.0;1.0;1.0;1
org.apache.poi.hssf.usermodel.HSSFSheet;76.0;1.0;0.0;35.0;204.0;356.0;12.0;23.0;63.0;0.9286;1187.0;0.4118;3.0;0.0;0.1303;0.0;0.0;14.3947;18.0;1.7236842105263157;0
org.apache.poi.util.NullLogger;23.0;2.0;0.0;2.0;24.0;253.0;1.0;1.0;23.0;2.0;49.0;0.0;0.0;0.5319;0.6696;1.0;3.0;1.1304;1.0;1.0;1
org.apache.poi.hssf.eventusermodel.HSSFListener;1.0;1.0;0.0;7.0;1.0;0.0;6.0;1.0;1.0;2.0;1.0;0.0;0.0;0.0;1.0;0.0;0.0;0.0;1.0;1.0;0
org.apache.poi.hpsf.NoPropertySetStreamException;4.0;4.0;0.0;4.0;8.0;6.0;3.0;1.0;4.0;2.0;20.0;0.0;0.0;1.0;0.6667;0.0;0.0;4.0;1.0;1.0;0
org.apache.poi.hssf.usermodel.HSSFWorkbook;54.0;1.0;0.0;42.0;176.0;159.0;12.0;30.0;44.0;0.8899;1762.0;0.6667;4.0;0.0;0.1451;0.0;0.0;31.4074;32.0;2.2037037037037037;1
org.apache.poi.hssf.record.HideObjRecord;11.0;2.0;0.0;5.0;21.0;49.0;2.0;3.0;9.0;1.0;107.0;0.2;0.0;0.6;0.5227;1.0;3.0;8.2727;2.0;1.0909090909090908;2
org.apache.poi.hssf.record.WindowOneRecord;38.0;2.0;0.0;6.0;52.0;479.0;2.0;4.0;35.0;0.8986;534.0;0.9375;6.0;0.2609;0.3351;1.0;3.0;12.6316;2.0;1.0263157894736843;0
org.apache.poi.hssf.record.DefaultRowHeightRecord;14.0;2.0;0.0;5.0;24.0;69.0;2.0;3.0;12.0;0.7692;153.0;0.6667;0.0;0.5217;0.4821;1.0;3.0;9.7143;2.0;1.0714285714285714;2
org.apache.poi.hssf.record.ColumnInfoRecord;27.0;2.0;0.0;6.0;42.0;209.0;2.0;4.0;24.0;0.8462;372.0;0.9;3.0;0.3429;0.3462;1.0;3.0;12.4074;2.0;1.037037037037037;4
org.apache.poi.poifs.filesystem.EntryNode;10.0;1.0;2.0;6.0;14.0;19.0;3.0;4.0;6.0;0.6111;71.0;1.0;2.0;0.0;0.325;0.0;0.0;5.9;3.0;1.4;0
org.apache.poi.poifs.storage.HeaderBlockWriter;7.0;2.0;0.0;8.0;17.0;0.0;2.0;6.0;5.0;0.7917;319.0;1.0;6.0;0.3333;0.5714;1.0;2.0;43.4286;4.0;1.5714285714285714;0
org.apache.poi.hssf.record.formula.IntPtg;10.0;2.0;0.0;4.0;18.0;33.0;2.0;3.0;9.0;0.8667;89.0;0.6;0.0;0.6111;0.2833;1.0;4.0;7.4;1.0;1.0;0
org.apache.poi.util.FixedField;4.0;1.0;0.0;5.0;4.0;6.0;4.0;1.0;4.0;2.0;4.0;0.0;0.0;0.0;0.5833;0.0;0.0;0.0;1.0;1.0;0
org.apache.poi.hssf.util.SheetReferences;3.0;1.0;0.0;3.0;8.0;0.0;3.0;0.0;3.0;0.0;32.0;0.0;0.0;0.0;0.6667;0.0;0.0;9.3333;1.0;1.0;0
org.apache.poi.hssf.record.ProtectRecord;12.0;2.0;0.0;8.0;22.0;46.0;5.0;3.0;10.0;0.8182;125.0;0.5;0.0;0.5714;0.4;1.0;3.0;9.25;2.0;1.25;2
org.apache.poi.hssf.record.FormulaRecord;37.0;2.0;0.0;12.0;76.0;470.0;6.0;6.0;32.0;0.8634;866.0;0.8333;0.0;0.2609;0.2196;1.0;3.0;22.0811;7.0;2.0;0
org.apache.poi.util.ByteField;11.0;1.0;0.0;4.0;15.0;21.0;1.0;3.0;11.0;0.5333;90.0;1.0;0.0;0.0;0.4545;0.0;0.0;6.9091;1.0;1.0;0
org.apache.poi.hssf.record.AxisOptionsRecord;44.0;2.0;0.0;7.0;61.0;312.0;2.0;5.0;42.0;0.8605;931.0;0.9444;8.0;0.2264;0.3273;1.0;3.0;19.75;2.0;1.0227272727272727;8
org.apache.poi.poifs.storage.BlockListImpl;6.0;1.0;2.0;5.0;13.0;0.0;2.0;3.0;4.0;0.5;107.0;1.0;2.0;0.0;0.4583;0.0;0.0;16.5;3.0;1.3333333333333333;0
org.apache.poi.hpsf.wellknown.PropertyIDMap;6.0;3.0;0.0;1.0;12.0;15.0;1.0;0.0;6.0;1.1784;176.0;0.0541;2.0;0.9153;0.3;0.0;0.0;22.1667;2.0;1.1666666666666667;12
org.apache.poi.hssf.record.NumberFormatIndexRecord;12.0;2.0;0.0;4.0;24.0;46.0;0.0;4.0;10.0;0.8182;139.0;0.5;0.0;0.5714;0.5;1.0;3.0;10.4167;2.0;1.0833333333333333;3
org.apache.poi.hssf.record.PasswordRecord;12.0;2.0;0.0;5.0;22.0;54.0;2.0;3.0;10.0;0.8182;115.0;0.5;0.0;0.5714;0.5;1.0;3.0;8.4167;2.0;1.0833333333333333;2
org.apache.poi.hssf.record.formula.ReferencePtg;19.0;2.0;0.0;6.0;38.0;21.0;2.0;5.0;18.0;0.6852;284.0;0.8333;2.0;0.4074;0.2256;1.0;5.0;13.6316;3.0;1.2105263157894737;0
org.apache.poi.hssf.record.SSTRecordHeader;2.0;1.0;0.0;3.0;5.0;0.0;2.0;1.0;2.0;0.0;42.0;0.0;0.0;0.0;0.8333;0.0;0.0;19.0;1.0;1.0;0
org.apache.poi.hssf.record.TabIdRecord;11.0;2.0;0.0;5.0;21.0;43.0;2.0;3.0;9.0;0.8;180.0;0.0;0.0;0.6;0.4182;1.0;3.0;15.1818;2.0;1.3636363636363635;0
org.apache.poi.poifs.storage.BlockList;4.0;1.0;0.0;6.0;4.0;6.0;5.0;2.0;4.0;2.0;4.0;0.0;0.0;0.0;0.6667;0.0;0.0;0.0;1.0;1.0;0
org.apache.poi.hssf.record.Record;15.0;1.0;125.0;146.0;23.0;105.0;146.0;0.0;12.0;2.0;65.0;0.0;0.0;0.0;0.4833;0.0;0.0;3.3333;1.0;1.0;10
org.apache.poi.hssf.record.RecalcIdRecord;13.0;2.0;0.0;4.0;23.0;46.0;1.0;3.0;11.0;0.7778;199.0;0.3333;0.0;0.5455;0.3333;1.0;3.0;14.0769;2.0;1.3076923076923077;3
org.apache.poi.hssf.record.SeriesRecord;22.0;2.0;0.0;6.0;34.0;141.0;2.0;4.0;20.0;0.9574;421.0;0.3158;0.0;0.3871;0.4432;1.0;3.0;17.2727;2.0;1.0454545454545454;3
org.apache.poi.poifs.property.PropertyFactory;2.0;1.0;0.0;5.0;10.0;1.0;1.0;4.0;0.0;2.0;85.0;0.0;0.0;0.0;0.5;0.0;0.0;41.5;1.0;1.0;0
org.apache.poi.hssf.usermodel.HSSFDateUtil;11.0;1.0;0.0;2.0;26.0;53.0;1.0;2.0;6.0;1.0333;226.0;1.0;0.0;0.0;0.1571;0.0;0.0;19.2727;24.0;3.8181818181818183;1
org.apache.poi.hssf.record.formula.NameXPtg;8.0;2.0;0.0;3.0;12.0;22.0;1.0;3.0;7.0;0.8857;102.0;0.8;0.0;0.6875;0.35;1.0;5.0;11.125;1.0;1.0;0
org.apache.poi.hssf.record.PrintHeadersRecord;12.0;2.0;0.0;5.0;22.0;46.0;2.0;3.0;10.0;0.8182;126.0;0.5;0.0;0.5714;0.4;1.0;3.0;9.3333;2.0;1.25;2
org.apache.poi.hssf.record.formula.FuncVarPtg;8.0;4.0;0.0;4.0;19.0;0.0;2.0;2.0;7.0;1.1429;160.0;0.5;0.0;0.8529;0.35;2.0;9.0;18.75;1.0;1.0;0
org.apache.poi.util.ShortList;25.0;1.0;0.0;0.0;29.0;0.0;0.0;0.0;24.0;0.3889;629.0;1.0;0.0;0.0;0.3133;1.0;1.0;24.04;9.0;2.72;0
org.apache.poi.hssf.record.formula.ParenthesisPtg;10.0;3.0;0.0;4.0;14.0;45.0;2.0;2.0;10.0;1.1111;52.0;0.5;0.0;0.6522;0.32;1.0;4.0;4.0;1.0;1.0;0
org.apache.poi.hssf.usermodel.HSSFFooter;16.0;1.0;0.0;2.0;30.0;88.0;1.0;1.0;14.0;0.6833;250.0;0.0;1.0;0.0;0.2188;0.0;0.0;14.375;13.0;1.9375;0
org.apache.poi.poifs.storage.SmallBlockTableReader;2.0;1.0;0.0;9.0;8.0;1.0;2.0;7.0;2.0;2.0;24.0;0.0;0.0;0.0;0.5;0.0;0.0;11.0;1.0;1.0;0
org.apache.poi.hssf.record.HCenterRecord;12.0;2.0;0.0;7.0;22.0;46.0;4.0;3.0;10.0;0.8182;126.0;0.5;0.0;0.5714;0.4;1.0;3.0;9.3333;2.0;1.25;2
org.apache.poi.hssf.record.GutsRecord;18.0;2.0;0.0;5.0;28.0;111.0;2.0;3.0;16.0;0.7765;229.0;0.8;0.0;0.4444;0.4583;1.0;3.0;11.4444;2.0;1.0555555555555556;2
org.apache.poi.util.IntList;25.0;1.0;0.0;4.0;29.0;0.0;4.0;0.0;24.0;0.3889;629.0;1.0;0.0;0.0;0.36;1.0;1.0;24.04;9.0;2.72;0
org.apache.poi.hssf.util.Region;16.0;1.0;0.0;4.0;17.0;78.0;3.0;1.0;16.0;0.5333;172.0;1.0;0.0;0.0;0.2917;0.0;0.0;9.5;9.0;1.8125;0
