org.apache.poi.ddf.EscherClientAnchorRecord;27.0;2.0;0.0;11.0;47.0;149.0;6.0;5.0;27.0;0.8609;538.0;0.8462;0.0;0.4222;0.2654;1.0;5.0;18.4444;6.0;1.2962962962962963;1
org.apache.poi.hssf.record.LineFormatRecord;25.0;2.0;0.0;9.0;44.0;108.0;2.0;7.0;23.0;0.9394;436.0;0.3636;3.0;0.303;0.2533;1.0;5.0;15.56;2.0;1.04;1
org.apache.poi.hssf.record.BlankRecord;22.0;2.0;0.0;10.0;34.0;199.0;5.0;5.0;20.0;0.7143;331.0;0.75;0.0;0.3333;0.2273;1.0;5.0;13.8636;7.0;2.0;1
org.apache.poi.hssf.record.DrawingRecordForBiffViewer;4.0;3.0;0.0;3.0;6.0;6.0;1.0;2.0;3.0;1.3333;16.0;0.0;0.0;0.9355;0.625;1.0;2.0;2.75;1.0;1.0;0
org.apache.poi.hssf.record.EndSubRecord;9.0;3.0;0.0;11.0;16.0;36.0;8.0;4.0;7.0;1.125;70.0;0.0;0.0;0.6111;0.3111;1.0;5.0;6.6667;2.0;1.1111111111111112;1
org.apache.poi.ddf.EscherDgRecord;13.0;2.0;0.0;10.0;29.0;34.0;5.0;5.0;13.0;0.8542;179.0;0.5;0.0;0.6129;0.3231;1.0;5.0;12.4615;1.0;1.0;1
org.apache.poi.hssf.record.formula.AbstractFunctionPtg;16.0;3.0;2.0;7.0;31.0;102.0;4.0;3.0;11.0;0.9333;9886.0;0.75;1.0;0.5484;0.1905;1.0;7.0;616.375;5.0;1.3125;1
org.apache.poi.hssf.record.formula.NotEqualPtg;9.0;3.0;0.0;6.0;13.0;36.0;3.0;3.0;9.0;1.125;62.0;0.0;0.0;0.7083;0.2593;1.0;7.0;5.6667;1.0;1.0;1
org.apache.poi.hssf.record.AxisRecord;19.0;2.0;0.0;7.0;33.0;95.0;2.0;5.0;17.0;0.8704;321.0;0.5556;0.0;0.3704;0.3053;1.0;5.0;15.4211;2.0;1.0526315789473684;1
org.apache.poi.hssf.record.formula.RefVPtg;5.0;3.0;0.0;4.0;13.0;10.0;2.0;2.0;4.0;1.25;40.0;0.0;0.0;0.9375;0.4;2.0;3.0;6.8;1.0;1.0;0
org.apache.poi.hssf.record.InterfaceHdrRecord;10.0;2.0;0.0;6.0;19.0;39.0;2.0;4.0;8.0;0.9259;92.0;0.3333;0.0;0.5556;0.32;1.0;5.0;7.9;2.0;1.1;1
org.apache.poi.hssf.usermodel.HSSFChildAnchor;5.0;2.0;0.0;5.0;7.0;6.0;4.0;1.0;5.0;2.0;46.0;0.0;0.0;0.7692;0.7;1.0;1.0;8.2;2.0;1.4;1
org.apache.poi.poifs.property.Child;4.0;1.0;0.0;3.0;4.0;6.0;3.0;0.0;4.0;2.0;4.0;0.0;0.0;0.0;0.75;0.0;0.0;0.0;1.0;1.0;0
org.apache.poi.hssf.record.LeftMarginRecord;11.0;2.0;0.0;7.0;21.0;35.0;2.0;5.0;9.0;0.8;107.0;0.5;0.0;0.5263;0.2576;1.0;5.0;8.5455;2.0;1.0909090909090908;1
org.apache.poi.hssf.record.formula.SubtractPtg;9.0;3.0;0.0;6.0;13.0;36.0;3.0;3.0;9.0;1.125;59.0;0.0;0.0;0.7083;0.2593;1.0;7.0;5.3333;1.0;1.0;0
org.apache.poi.hssf.record.RecordFormatException;3.0;4.0;0.0;147.0;6.0;3.0;147.0;0.0;3.0;2.0;16.0;0.0;0.0;1.0;0.7778;0.0;0.0;4.3333;1.0;1.0;0
org.apache.poi.hpsf.MutableProperty;6.0;2.0;1.0;7.0;14.0;15.0;3.0;4.0;6.0;2.0;67.0;0.0;0.0;0.6923;0.3333;1.0;5.0;10.1667;1.0;1.0;0
org.apache.poi.poifs.filesystem.POIFSDocument;16.0;1.0;0.0;20.0;55.0;0.0;9.0;14.0;14.0;0.5;452.0;1.0;3.0;0.0;0.1989;0.0;0.0;27.0;6.0;1.375;1
org.apache.poi.ddf.EscherComplexProperty;9.0;2.0;1.0;6.0;32.0;0.0;2.0;4.0;9.0;0.125;165.0;0.0;0.0;0.5333;0.3519;1.0;1.0;17.2222;4.0;1.6666666666666667;1
org.apache.poi.hssf.record.formula.RefNPtg;6.0;3.0;0.0;5.0;9.0;15.0;2.0;3.0;5.0;1.2;31.0;0.0;0.0;0.8824;0.3333;2.0;2.0;4.0;1.0;1.0;0
org.apache.poi.poifs.property.Property;32.0;1.0;3.0;19.0;62.0;290.0;13.0;6.0;18.0;0.9626;732.0;1.0;16.0;0.0;0.1758;0.0;0.0;20.6875;3.0;1.28125;1
org.apache.poi.hssf.record.ContinueRecord;11.0;2.0;0.0;7.0;21.0;25.0;3.0;4.0;9.0;0.8;121.0;0.5;0.0;0.5263;0.3091;1.0;4.0;9.8182;2.0;1.0909090909090908;2
org.apache.poi.hssf.record.formula.StringPtg;9.0;2.0;0.0;9.0;24.0;2.0;4.0;6.0;8.0;0.6667;190.0;0.1667;1.0;0.6842;0.2593;1.0;7.0;19.4444;2.0;1.4444444444444444;0
org.apache.poi.hssf.record.RefModeRecord;11.0;2.0;0.0;6.0;20.0;43.0;2.0;4.0;9.0;0.95;104.0;0.25;0.0;0.5263;0.3091;1.0;5.0;8.0909;2.0;1.0909090909090908;1
org.apache.poi.hssf.record.formula.ArrayPtg;14.0;2.0;2.0;9.0;36.0;27.0;3.0;7.0;13.0;0.7762;594.0;0.9091;0.0;0.52;0.2738;1.0;8.0;40.6429;7.0;2.5714285714285716;1
org.apache.poi.hssf.record.IterationRecord;11.0;2.0;0.0;6.0;20.0;35.0;2.0;4.0;9.0;0.8;112.0;0.5;0.0;0.5263;0.2576;1.0;5.0;9.0;2.0;1.2727272727272727;1
org.apache.poi.hssf.record.SaveRecalcRecord;11.0;2.0;0.0;6.0;20.0;35.0;2.0;4.0;9.0;0.8;112.0;0.5;0.0;0.5263;0.2576;1.0;5.0;9.0;2.0;1.2727272727272727;1
org.apache.poi.poifs.filesystem.Entry;6.0;1.0;0.0;16.0;6.0;15.0;16.0;1.0;6.0;2.0;6.0;0.0;0.0;0.0;0.5833;0.0;0.0;0.0;1.0;1.0;0
org.apache.poi.hssf.record.SSTDeserializer;3.0;1.0;0.0;4.0;6.0;1.0;1.0;3.0;3.0;0.5;32.0;1.0;1.0;0.0;0.4667;0.0;0.0;9.3333;2.0;1.3333333333333333;0
org.apache.poi.hssf.record.formula.AreaNAPtg;6.0;3.0;0.0;5.0;9.0;15.0;2.0;3.0;5.0;1.2;31.0;0.0;0.0;0.9091;0.3333;2.0;3.0;4.0;1.0;1.0;0
org.apache.poi.hpsf.ReadingNotSupportedException;1.0;6.0;0.0;2.0;2.0;0.0;1.0;1.0;1.0;2.0;6.0;0.0;0.0;1.0;1.0;0.0;0.0;5.0;1.0;1.0;0
org.apache.poi.hssf.record.VerticalPageBreakRecord;4.0;3.0;0.0;3.0;7.0;6.0;1.0;2.0;4.0;1.3333;18.0;0.0;0.0;0.9583;0.5;1.0;3.0;3.25;1.0;1.0;1
org.apache.poi.hssf.record.MergeCellsRecord;14.0;2.0;0.0;7.0;33.0;35.0;3.0;5.0;12.0;0.7308;335.0;0.5;0.0;0.4545;0.3429;1.0;5.0;22.7857;2.0;1.5;1
org.apache.poi.hssf.eventusermodel.HSSFUserException;5.0;3.0;0.0;3.0;7.0;4.0;3.0;0.0;5.0;0.5;29.0;1.0;0.0;0.9444;0.6;0.0;0.0;4.6;1.0;1.0;0
org.apache.poi.hssf.model.SimpleFilledShape;6.0;2.0;0.0;12.0;36.0;11.0;1.0;12.0;2.0;0.8;173.0;1.0;2.0;0.5;0.5417;1.0;1.0;27.5;3.0;1.3333333333333333;2
org.apache.poi.poifs.storage.SmallDocumentBlock;12.0;1.0;0.0;8.0;25.0;24.0;6.0;2.0;8.0;0.8636;319.0;1.0;0.0;0.0;0.2143;0.0;0.0;25.25;4.0;1.5;1
org.apache.poi.hssf.record.DataFormatRecord;19.0;2.0;0.0;9.0;35.0;77.0;2.0;7.0;17.0;0.7593;304.0;0.8333;1.0;0.3704;0.2544;1.0;5.0;14.6842;2.0;1.0526315789473684;1
org.apache.poi.hssf.record.AbstractEscherHolderRecord;22.0;2.0;4.0;15.0;51.0;69.0;6.0;9.0;17.0;0.6984;434.0;1.0;0.0;0.3448;0.2381;1.0;5.0;18.5909;4.0;1.5454545454545454;6
org.apache.poi.poifs.storage.RawDataBlockList;1.0;2.0;0.0;7.0;8.0;0.0;4.0;3.0;1.0;2.0;30.0;0.0;0.0;1.0;1.0;0.0;0.0;29.0;1.0;1.0;0
org.apache.poi.ddf.EscherBitmapBlip;11.0;3.0;0.0;9.0;33.0;0.0;3.0;6.0;11.0;0.9167;241.0;0.5;0.0;0.7059;0.303;2.0;7.0;20.3636;1.0;1.0;2
org.apache.poi.hssf.usermodel.HSSFCell;36.0;1.0;0.0;34.0;144.0;104.0;11.0;24.0;27.0;0.8464;1294.0;0.4375;5.0;0.0;0.1241;0.0;0.0;34.5;18.0;3.0555555555555554;14
org.apache.poi.hssf.eventmodel.ModelFactory;5.0;1.0;0.0;8.0;24.0;2.0;0.0;8.0;4.0;0.6667;117.0;0.0;1.0;0.0;0.36;0.0;0.0;21.8;7.0;2.4;1
org.apache.poi.poifs.storage.BlockAllocationTableWriter;8.0;1.0;0.0;7.0;17.0;0.0;2.0;5.0;7.0;0.5714;135.0;1.0;2.0;0.0;0.4583;0.0;0.0;15.5;3.0;1.5;1
org.apache.poi.hssf.record.DrawingRecord;10.0;2.0;0.0;7.0;16.0;15.0;3.0;4.0;8.0;0.7778;125.0;0.5;0.0;0.5556;0.34;1.0;4.0;11.3;3.0;1.4;2
org.apache.poi.hssf.record.MulBlankRecord;13.0;2.0;0.0;6.0;24.0;64.0;3.0;3.0;10.0;0.85;172.0;0.8;0.0;0.4762;0.3077;1.0;4.0;11.8462;2.0;1.2307692307692308;4
org.apache.poi.poifs.dev.POIFSViewer;3.0;1.0;0.0;2.0;19.0;3.0;0.0;2.0;2.0;2.0;112.0;0.0;0.0;0.0;0.3333;0.0;0.0;36.3333;4.0;3.0;0
org.apache.poi.hpsf.UnsupportedVariantTypeException;1.0;5.0;2.0;8.0;8.0;0.0;5.0;3.0;1.0;2.0;32.0;0.0;0.0;1.0;1.0;0.0;0.0;31.0;1.0;1.0;0
org.apache.poi.hssf.record.PrintGridlinesRecord;11.0;2.0;0.0;7.0;20.0;35.0;3.0;4.0;9.0;0.8;113.0;0.5;0.0;0.5263;0.2576;1.0;5.0;9.0909;2.0;1.2727272727272727;1
org.apache.poi.hssf.record.BeginRecord;8.0;2.0;0.0;6.0;15.0;28.0;2.0;4.0;6.0;1.1429;60.0;0.0;0.0;0.625;0.325;1.0;5.0;6.375;2.0;1.125;1
org.apache.poi.poifs.eventfilesystem.POIFSReaderEvent;4.0;1.0;0.0;6.0;5.0;0.0;4.0;2.0;3.0;0.6667;28.0;1.0;2.0;0.0;0.4375;0.0;0.0;5.25;1.0;1.0;0
org.apache.poi.hssf.record.SeriesTextRecord;17.0;2.0;0.0;7.0;32.0;64.0;1.0;6.0;15.0;0.75;270.0;0.8;0.0;0.4;0.2185;1.0;5.0;14.5882;2.0;1.0588235294117647;1
org.apache.poi.hssf.record.FooterRecord;14.0;2.0;0.0;10.0;30.0;55.0;5.0;5.0;12.0;0.7538;259.0;0.8;0.0;0.4545;0.2143;1.0;5.0;17.1429;5.0;1.7857142857142858;2
org.apache.poi.util.IntList2d;6.0;1.0;0.0;1.0;16.0;0.0;0.0;1.0;4.0;0.0;108.0;0.0;0.0;0.0;0.9167;0.0;0.0;16.8333;3.0;2.0;0
org.apache.poi.hssf.record.formula.AreaPtg;31.0;2.0;6.0;18.0;52.0;133.0;11.0;8.0;30.0;0.7407;573.0;0.8889;3.0;0.325;0.1935;1.0;8.0;17.1935;5.0;1.2580645161290323;1
org.apache.poi.hssf.record.CustomField;4.0;1.0;0.0;2.0;4.0;6.0;1.0;1.0;4.0;2.0;4.0;0.0;0.0;0.0;0.4;0.0;0.0;0.0;1.0;1.0;1
org.apache.poi.hssf.usermodel.HSSFErrorConstants;0.0;1.0;0.0;0.0;0.0;0.0;0.0;0.0;0.0;2.0;7.0;0.0;0.0;0.0;0.0;0.0;0.0;0.0;0.0;0.0;0
org.apache.poi.hssf.record.BookBoolRecord;10.0;2.0;0.0;6.0;19.0;33.0;2.0;4.0;8.0;0.8333;91.0;0.5;0.0;0.5556;0.32;1.0;5.0;7.9;2.0;1.1;1
org.apache.poi.hpsf.VariantSupport;9.0;2.0;0.0;10.0;64.0;30.0;4.0;7.0;6.0;0.7917;742.0;0.6667;0.0;0.2222;0.1667;0.0;0.0;81.1111;54.0;7.222222222222222;1
org.apache.poi.hssf.record.SCLRecord;13.0;2.0;0.0;9.0;24.0;44.0;4.0;5.0;11.0;0.75;171.0;0.6667;0.0;0.4762;0.3077;1.0;5.0;11.9231;2.0;1.0769230769230769;1
org.apache.poi.hssf.usermodel.HSSFCellStyle;43.0;1.0;0.0;10.0;90.0;0.0;8.0;2.0;41.0;1.001;397.0;0.0435;1.0;0.0;0.3023;0.0;0.0;7.1628;5.0;1.2325581395348837;2
org.apache.poi.ddf.DefaultEscherRecordFactory;5.0;1.0;1.0;14.0;31.0;8.0;6.0;8.0;2.0;0.9808;313.0;0.1538;0.0;0.0;0.3;0.0;0.0;59.0;12.0;5.2;2
org.apache.poi.ddf.EscherTextboxRecord;11.0;2.0;0.0;12.0;35.0;11.0;6.0;6.0;10.0;0.85;242.0;0.5;0.0;0.6786;0.38;1.0;5.0;20.6364;2.0;1.0909090909090908;1
org.apache.poi.hssf.record.SupBookRecord;12.0;2.0;0.0;6.0;22.0;44.0;2.0;4.0;10.0;0.7576;123.0;0.6667;0.0;0.5;0.3167;1.0;5.0;9.0;2.0;1.0833333333333333;2
org.apache.poi.hssf.record.TopMarginRecord;11.0;2.0;0.0;7.0;21.0;35.0;2.0;5.0;9.0;0.8;107.0;0.5;0.0;0.5263;0.2576;1.0;5.0;8.5455;2.0;1.0909090909090908;1
org.apache.poi.hssf.record.formula.MultiplyPtg;11.0;3.0;0.0;6.0;16.0;55.0;3.0;4.0;11.0;1.1;95.0;0.0;0.0;0.6538;0.2208;1.0;7.0;7.4545;1.0;1.0;0
org.apache.poi.hssf.record.formula.BoolPtg;10.0;2.0;0.0;6.0;13.0;3.0;4.0;3.0;9.0;0.8519;83.0;0.3333;0.0;0.65;0.2286;1.0;7.0;7.0;2.0;1.3;0
org.apache.poi.hssf.model.AbstractShape;6.0;1.0;5.0;23.0;30.0;15.0;6.0;22.0;3.0;2.0;206.0;0.0;0.0;0.0;0.3333;0.0;0.0;33.3333;7.0;2.6666666666666665;0
org.apache.poi.hssf.usermodel.FontDetails;9.0;1.0;0.0;2.0;30.0;20.0;2.0;0.0;8.0;0.625;290.0;1.0;0.0;0.0;0.3016;0.0;0.0;30.8889;8.0;2.5555555555555554;2
org.apache.poi.poifs.filesystem.OfficeXmlFileException;1.0;5.0;0.0;1.0;2.0;0.0;1.0;0.0;1.0;2.0;5.0;0.0;0.0;1.0;1.0;0.0;0.0;4.0;1.0;1.0;0
org.apache.poi.ddf.EscherOptRecord;12.0;2.0;0.0;26.0;46.0;0.0;19.0;8.0;11.0;0.7576;269.0;0.3333;0.0;0.6333;0.2778;1.0;5.0;21.1667;3.0;1.3333333333333333;1
org.apache.poi.hssf.record.ExtSSTRecord;16.0;2.0;0.0;9.0;39.0;62.0;4.0;5.0;14.0;0.8533;285.0;0.4;0.0;0.4167;0.2232;1.0;5.0;16.5;3.0;1.4375;2
org.apache.poi.hssf.record.PageBreakRecord;16.0;2.0;2.0;8.0;39.0;96.0;4.0;5.0;14.0;0.7556;457.0;0.5;0.0;0.4348;0.325;1.0;5.0;27.1875;5.0;1.875;1
org.apache.poi.hssf.record.BoolErrRecord;29.0;2.0;0.0;7.0;45.0;298.0;2.0;5.0;27.0;0.7679;476.0;0.8333;0.0;0.2703;0.1724;1.0;5.0;15.2069;8.0;2.206896551724138;2
org.apache.poi.poifs.storage.DocumentBlock;9.0;2.0;0.0;5.0;17.0;0.0;2.0;3.0;7.0;0.7083;224.0;1.0;0.0;0.3333;0.2222;1.0;2.0;23.5556;4.0;1.6666666666666667;0
org.apache.poi.hssf.record.GridsetRecord;11.0;2.0;0.0;6.0;20.0;35.0;2.0;4.0;9.0;0.8;113.0;0.0;0.0;0.5263;0.2576;1.0;5.0;9.0909;2.0;1.2727272727272727;1
org.apache.poi.poifs.dev.POIFSViewEngine;4.0;1.0;0.0;2.0;24.0;4.0;1.0;1.0;2.0;0.3333;146.0;1.0;0.0;0.0;0.4667;0.0;0.0;35.25;6.0;2.75;0
org.apache.poi.hssf.record.formula.FuncPtg;7.0;4.0;0.0;5.0;17.0;0.0;2.0;3.0;6.0;0.8889;116.0;0.3333;0.0;0.8611;0.3571;2.0;12.0;15.1429;1.0;1.0;0
org.apache.poi.hssf.usermodel.HSSFPrintSetup;39.0;1.0;0.0;3.0;78.0;0.0;2.0;1.0;38.0;0.9237;234.0;0.0;1.0;0.0;0.3026;0.0;0.0;4.7436;2.0;1.0512820512820513;0
org.apache.poi.hssf.record.formula.AreaAPtg;5.0;3.0;0.0;4.0;17.0;10.0;2.0;2.0;4.0;1.25;52.0;0.0;0.0;0.9524;0.4;2.0;2.0;9.2;1.0;1.0;0
org.apache.poi.util.SystemOutLogger;4.0;2.0;0.0;1.0;12.0;4.0;0.0;1.0;4.0;0.6667;44.0;1.0;0.0;0.8929;0.5;1.0;3.0;9.75;2.0;1.5;2
org.apache.poi.poifs.filesystem.DocumentOutputStream;8.0;2.0;0.0;3.0;15.0;4.0;3.0;0.0;5.0;0.4286;90.0;1.0;0.0;0.4167;0.425;1.0;1.0;9.875;1.0;1.0;1
org.apache.poi.hssf.model.LineShape;5.0;2.0;0.0;16.0;41.0;6.0;1.0;16.0;2.0;0.75;181.0;1.0;2.0;0.5556;0.55;1.0;1.0;34.8;3.0;1.4;1
org.apache.poi.ddf.EscherBSERecord;33.0;2.0;0.0;13.0;63.0;326.0;6.0;7.0;33.0;0.9402;684.0;0.5652;1.0;0.3725;0.2008;1.0;5.0;19.0303;7.0;1.3333333333333333;2
org.apache.poi.hssf.record.IndexRecord;18.0;2.0;0.0;7.0;37.0;103.0;2.0;5.0;16.0;0.8487;301.0;0.0;1.0;0.3846;0.3111;1.0;5.0;15.3333;2.0;1.3333333333333333;1
org.apache.poi.hpsf.WritingNotSupportedException;1.0;6.0;0.0;8.0;2.0;0.0;7.0;1.0;1.0;2.0;6.0;0.0;0.0;1.0;1.0;0.0;0.0;5.0;1.0;1.0;0
org.apache.poi.hssf.record.MMSRecord;12.0;2.0;0.0;6.0;21.0;54.0;2.0;4.0;10.0;0.7879;122.0;0.6667;0.0;0.5;0.2639;1.0;5.0;8.9167;2.0;1.0833333333333333;1
org.apache.poi.hssf.record.WindowTwoRecord;47.0;2.0;0.0;9.0;63.0;167.0;3.0;6.0;45.0;0.8717;741.0;0.95;12.0;0.1818;0.2518;1.0;5.0;14.3404;3.0;1.0638297872340425;1
org.apache.poi.poifs.storage.BlockAllocationTableReader;7.0;1.0;0.0;10.0;29.0;1.0;5.0;6.0;1.0;0.0;256.0;1.0;1.0;0.0;0.5143;0.0;0.0;35.4286;2.0;1.1428571428571428;4
org.apache.poi.hssf.record.HeaderRecord;14.0;2.0;0.0;10.0;30.0;55.0;5.0;5.0;12.0;0.7538;258.0;0.8;0.0;0.4545;0.2143;1.0;5.0;17.0714;5.0;1.7857142857142858;2
org.apache.poi.hssf.record.StringRecord;15.0;2.0;0.0;10.0;32.0;53.0;5.0;5.0;12.0;0.7143;209.0;0.75;0.0;0.4348;0.2095;1.0;5.0;12.6667;2.0;1.4;3
org.apache.poi.util.BinaryTree;57.0;2.0;0.0;15.0;87.0;1362.0;14.0;7.0;17.0;0.9271;1805.0;1.0;1.0;0.25;0.2653;1.0;7.0;30.4561;19.0;2.6140350877192984;1
org.apache.poi.poifs.eventfilesystem.POIFSReaderRegistry;6.0;1.0;0.0;4.0;22.0;0.0;1.0;3.0;0.0;0.3333;163.0;1.0;0.0;0.0;0.5;0.0;0.0;25.6667;5.0;2.5;0
org.apache.poi.hssf.record.formula.OperationPtg;5.0;2.0;21.0;25.0;6.0;10.0;24.0;1.0;5.0;1.25;13.0;0.0;0.0;0.7647;0.6;0.0;0.0;1.0;1.0;1.0;0
org.apache.poi.hssf.record.FontBasisRecord;19.0;2.0;0.0;7.0;30.0;95.0;2.0;5.0;17.0;0.7778;318.0;0.8333;0.0;0.3704;0.3053;1.0;5.0;15.4211;2.0;1.0526315789473684;1
org.apache.poi.hssf.record.formula.AreaNPtg;6.0;3.0;0.0;5.0;10.0;15.0;2.0;3.0;5.0;1.2;31.0;0.0;0.0;0.9091;0.3333;2.0;3.0;4.0;1.0;1.0;0
org.apache.poi.hssf.model.Node;5.0;1.0;0.0;2.0;6.0;0.0;1.0;1.0;5.0;0.5833;43.0;1.0;2.0;0.0;0.4;0.0;0.0;7.0;1.0;1.0;0
org.apache.poi.hssf.usermodel.HSSFPicture;3.0;3.0;0.0;6.0;5.0;1.0;3.0;3.0;2.0;1.3571;25.0;0.0;0.0;0.9;0.5;0.0;0.0;5.0;1.0;1.0;3
org.apache.poi.hssf.record.SeriesToChartGroupRecord;11.0;2.0;0.0;7.0;22.0;35.0;2.0;5.0;9.0;0.8;122.0;0.5;0.0;0.5263;0.3091;1.0;5.0;9.9091;2.0;1.0909090909090908;1
org.apache.poi.hssf.record.RecordProcessor;1.0;1.0;0.0;0.0;2.0;0.0;0.0;0.0;0.0;2.0;4.0;0.0;0.0;0.0;1.0;0.0;0.0;3.0;1.0;1.0;0
org.apache.poi.hssf.record.TickRecord;37.0;2.0;0.0;9.0;60.0;350.0;2.0;7.0;35.0;0.8676;739.0;0.9412;4.0;0.2222;0.2162;1.0;5.0;18.5135;2.0;1.027027027027027;1
org.apache.poi.poifs.storage.BigBlock;4.0;1.0;4.0;5.0;6.0;6.0;4.0;1.0;1.0;2.0;15.0;0.0;0.0;0.0;0.6667;0.0;0.0;2.75;1.0;1.0;0
org.apache.poi.hssf.record.StyleRecord;23.0;2.0;0.0;9.0;39.0;181.0;2.0;7.0;20.0;0.8773;388.0;0.7;1.0;0.3226;0.2236;1.0;5.0;15.4348;4.0;1.434782608695652;2
org.apache.poi.hssf.record.CommonObjectDataSubRecord;29.0;3.0;0.0;15.0;48.0;146.0;9.0;7.0;27.0;0.9779;538.0;0.2381;4.0;0.2895;0.2529;1.0;5.0;16.1034;2.0;1.0344827586206897;2
org.apache.poi.hssf.record.EOFRecord;9.0;2.0;0.0;8.0;16.0;36.0;4.0;4.0;7.0;1.125;67.0;0.0;0.0;0.5882;0.3111;1.0;5.0;6.3333;2.0;1.1111111111111112;1
org.apache.poi.hssf.record.NoteRecord;18.0;2.0;0.0;9.0;33.0;51.0;5.0;4.0;16.0;0.8529;300.0;0.625;0.0;0.3846;0.2593;1.0;5.0;15.2222;2.0;1.0555555555555556;5
org.apache.poi.hssf.record.formula.EqualPtg;9.0;3.0;0.0;6.0;13.0;36.0;3.0;3.0;9.0;1.125;62.0;0.0;0.0;0.7083;0.2593;1.0;7.0;5.6667;1.0;1.0;0
org.apache.poi.hssf.record.LegendRecord;35.0;2.0;0.0;9.0;56.0;189.0;2.0;7.0;33.0;0.9143;635.0;0.5652;6.0;0.2326;0.2163;1.0;5.0;16.4857;2.0;1.0285714285714285;1
org.apache.poi.util.IntegerField;11.0;1.0;0.0;7.0;17.0;9.0;4.0;3.0;11.0;0.25;85.0;1.0;0.0;0.0;0.5227;0.0;0.0;6.5455;1.0;1.0;0
org.apache.poi.hssf.record.DefaultDataLabelTextPropertiesRecord;11.0;2.0;0.0;7.0;22.0;35.0;2.0;5.0;9.0;0.98;125.0;0.2;0.0;0.5263;0.3091;1.0;5.0;9.9091;2.0;1.0909090909090908;1
org.apache.poi.hssf.record.PColor;3.0;1.0;0.0;1.0;9.0;0.0;1.0;0.0;3.0;0.0;86.0;0.0;0.0;0.0;0.5;0.0;0.0;26.6667;1.0;1.0;0
org.apache.poi.hssf.eventmodel.ListenerWrapper;2.0;1.0;0.0;3.0;5.0;0.0;1.0;2.0;1.0;0.0;49.0;1.0;1.0;0.0;0.6;0.0;0.0;22.0;5.0;3.0;0
org.apache.poi.hssf.record.SeriesListRecord;11.0;2.0;0.0;5.0;22.0;25.0;1.0;4.0;9.0;0.75;124.0;0.5;0.0;0.5263;0.2576;1.0;5.0;10.0909;2.0;1.0909090909090908;1
org.apache.poi.hssf.record.CountryRecord;12.0;2.0;0.0;6.0;21.0;54.0;2.0;4.0;10.0;0.7879;122.0;0.6667;0.0;0.5;0.3167;1.0;5.0;8.9167;2.0;1.0833333333333333;1
org.apache.poi.ddf.EscherRecordFactory;1.0;1.0;0.0;26.0;1.0;0.0;26.0;1.0;1.0;2.0;1.0;0.0;0.0;0.0;1.0;0.0;0.0;0.0;1.0;1.0;1
org.apache.poi.poifs.filesystem.POIFSFileSystem;17.0;1.0;0.0;48.0;95.0;106.0;21.0;28.0;13.0;0.3542;461.0;1.0;2.0;0.0;0.1448;0.0;0.0;25.9412;2.0;1.2352941176470589;3
org.apache.poi.ddf.NullEscherSerializationListener;3.0;1.0;0.0;5.0;4.0;3.0;4.0;2.0;3.0;2.0;8.0;0.0;0.0;0.0;0.75;0.0;0.0;1.6667;1.0;1.0;1
org.apache.poi.hssf.record.PlotAreaRecord;9.0;2.0;0.0;6.0;16.0;36.0;2.0;4.0;7.0;1.125;71.0;0.0;0.0;0.5882;0.3111;1.0;5.0;6.7778;2.0;1.1111111111111112;1
org.apache.poi.hpsf.PropertySetFactory;4.0;1.0;0.0;13.0;16.0;6.0;2.0;11.0;4.0;2.0;83.0;0.0;0.0;0.0;0.25;0.0;0.0;19.75;1.0;1.0;0
org.apache.poi.ddf.EscherSpgrRecord;15.0;2.0;0.0;9.0;32.0;43.0;3.0;6.0;15.0;0.8333;253.0;0.6667;0.0;0.5758;0.3333;1.0;5.0;15.4667;2.0;1.0666666666666667;1
org.apache.poi.hssf.record.AxisParentRecord;19.0;2.0;0.0;7.0;33.0;95.0;2.0;5.0;17.0;0.8472;320.0;0.625;0.0;0.3704;0.3053;1.0;5.0;15.4211;2.0;1.0526315789473684;1
org.apache.poi.hssf.record.formula.DeletedRef3DPtg;2.0;3.0;0.0;3.0;4.0;1.0;1.0;2.0;2.0;2.0;12.0;0.0;0.0;1.0;0.625;0.0;0.0;4.5;1.0;1.0;0
org.apache.poi.hssf.record.DateWindow1904Record;10.0;2.0;0.0;6.0;19.0;39.0;2.0;4.0;8.0;0.8333;91.0;0.5;0.0;0.5556;0.32;1.0;5.0;7.9;2.0;1.1;1
org.apache.poi.poifs.storage.SmallBlockTableWriter;6.0;1.0;0.0;7.0;22.0;3.0;1.0;6.0;6.0;0.75;111.0;1.0;2.0;0.0;0.3333;0.0;0.0;16.8333;4.0;1.5;1
org.apache.poi.hssf.record.LinkedDataFormulaField;9.0;1.0;0.0;6.0;29.0;0.0;2.0;4.0;9.0;0.125;139.0;0.0;0.0;0.0;0.2593;0.0;0.0;14.3333;2.0;1.2222222222222223;0
org.apache.poi.hssf.record.formula.AttrPtg;25.0;3.0;0.0;9.0;37.0;106.0;3.0;6.0;25.0;0.7538;452.0;0.9091;7.0;0.425;0.1556;1.0;7.0;16.64;8.0;1.4;1
org.apache.poi.hssf.util.CellReference;12.0;1.0;0.0;6.0;29.0;34.0;6.0;0.0;9.0;0.6909;346.0;1.0;0.0;0.0;0.375;0.0;0.0;27.4167;7.0;2.3333333333333335;1
org.apache.poi.hssf.usermodel.HSSFRichTextString;22.0;1.0;0.0;16.0;47.0;0.0;11.0;5.0;16.0;0.5833;307.0;0.75;3.0;0.0;0.197;0.0;0.0;12.7727;11.0;1.7727272727272727;4
org.apache.poi.hssf.record.DeltaRecord;11.0;2.0;0.0;6.0;21.0;43.0;2.0;4.0;9.0;0.9;102.0;0.3333;0.0;0.5263;0.2576;1.0;5.0;8.0;2.0;1.0909090909090908;1
org.apache.poi.hssf.record.formula.NumberPtg;10.0;2.0;0.0;7.0;18.0;39.0;4.0;4.0;9.0;0.8519;75.0;0.3333;0.0;0.65;0.2286;1.0;7.0;6.2;1.0;1.0;1
org.apache.poi.hssf.record.LinkedDataRecord;21.0;2.0;0.0;10.0;45.0;92.0;2.0;8.0;19.0;0.92;370.0;0.4;2.0;0.3448;0.1905;1.0;5.0;15.9048;2.0;1.0476190476190477;1
org.apache.poi.hpsf.MarkUnsupportedException;4.0;4.0;0.0;4.0;8.0;6.0;3.0;1.0;4.0;2.0;20.0;0.0;0.0;1.0;0.6667;0.0;0.0;4.0;1.0;1.0;0
org.apache.poi.poifs.common.POIFSConstants;0.0;1.0;0.0;0.0;0.0;0.0;0.0;0.0;0.0;2.0;4.0;0.0;0.0;0.0;0.0;0.0;0.0;0.0;0.0;0.0;0
org.apache.poi.hssf.record.FilePassRecord;9.0;2.0;0.0;5.0;19.0;24.0;1.0;4.0;7.0;0.875;97.0;0.5;0.0;0.5882;0.3111;1.0;5.0;9.5556;2.0;1.1111111111111112;2
org.apache.poi.util.DrawingDump;2.0;1.0;0.0;3.0;15.0;1.0;0.0;3.0;2.0;2.0;56.0;0.0;0.0;0.0;0.5;0.0;0.0;27.0;1.0;1.0;0
org.apache.poi.hssf.record.formula.DividePtg;9.0;3.0;0.0;6.0;13.0;36.0;3.0;3.0;9.0;1.125;64.0;0.0;0.0;0.7083;0.2593;1.0;7.0;5.8889;1.0;1.0;0
org.apache.poi.hpsf.HPSFException;5.0;3.0;4.0;7.0;7.0;4.0;7.0;0.0;5.0;0.5;29.0;1.0;0.0;0.9444;0.6;0.0;0.0;4.6;1.0;1.0;0
org.apache.poi.hpsf.Section;18.0;1.0;1.0;15.0;60.0;127.0;9.0;7.0;14.0;0.7549;714.0;1.0;2.0;0.0;0.25;1.0;1.0;38.3333;16.0;2.5555555555555554;2
org.apache.poi.hssf.record.BoundSheetRecord;19.0;2.0;0.0;7.0;40.0;123.0;2.0;5.0;17.0;0.7778;320.0;0.8333;0.0;0.3704;0.218;1.0;5.0;15.5263;11.0;1.736842105263158;2
org.apache.poi.hssf.model.Model;0.0;1.0;0.0;4.0;0.0;0.0;4.0;0.0;0.0;2.0;0.0;0.0;0.0;0.0;0.0;0.0;0.0;0.0;0.0;0.0;0
org.apache.poi.poifs.filesystem.POIFSWriterEvent;5.0;1.0;0.0;5.0;6.0;2.0;3.0;2.0;4.0;0.75;36.0;1.0;2.0;0.0;0.36;0.0;0.0;5.4;1.0;1.0;0
org.apache.poi.util.DoubleList2d;5.0;1.0;0.0;1.0;15.0;0.0;0.0;1.0;3.0;0.0;86.0;0.0;0.0;0.0;0.6667;0.0;0.0;16.0;3.0;1.8;0
org.apache.poi.hssf.record.formula.GreaterEqualPtg;9.0;3.0;0.0;6.0;13.0;36.0;3.0;3.0;9.0;1.125;62.0;0.0;0.0;0.7083;0.2593;1.0;7.0;5.6667;1.0;1.0;1
org.apache.poi.hssf.record.CalcCountRecord;11.0;2.0;0.0;6.0;20.0;43.0;2.0;4.0;9.0;0.8;102.0;0.5;0.0;0.5263;0.3091;1.0;5.0;8.0909;2.0;1.0909090909090908;1
org.apache.poi.hssf.record.SeriesChartGroupIndexRecord;11.0;2.0;0.0;5.0;22.0;35.0;0.0;5.0;9.0;0.8;122.0;0.5;0.0;0.5263;0.3091;1.0;5.0;9.9091;2.0;1.0909090909090908;1
org.apache.poi.hssf.usermodel.HSSFSimpleShape;3.0;2.0;2.0;12.0;4.0;0.0;10.0;2.0;2.0;1.25;24.0;0.0;0.0;0.8889;0.5;0.0;0.0;5.0;1.0;1.0;0
org.apache.poi.hssf.record.DimensionsRecord;17.0;2.0;0.0;7.0;28.0;90.0;3.0;4.0;15.0;0.7813;232.0;0.8333;0.0;0.4;0.3059;1.0;5.0;12.2941;2.0;1.0588235294117647;1
org.apache.poi.hpsf.PropertySet;26.0;1.0;1.0;19.0;68.0;273.0;8.0;11.0;20.0;0.82;551.0;0.5;1.0;0.0;0.288;1.0;1.0;19.8077;8.0;1.5;0
org.apache.poi.hssf.record.PaneRecord;19.0;2.0;0.0;7.0;30.0;95.0;2.0;5.0;17.0;0.8889;322.0;0.5;0.0;0.3704;0.3053;1.0;5.0;15.4211;2.0;1.0526315789473684;1
org.apache.poi.util.List2d;5.0;1.0;0.0;0.0;11.0;0.0;0.0;0.0;3.0;0.0;86.0;0.0;0.0;0.0;0.6667;0.0;0.0;16.0;3.0;1.8;0
org.apache.poi.hssf.usermodel.HSSFDataFormat;9.0;1.0;0.0;5.0;32.0;0.0;3.0;2.0;7.0;0.6563;432.0;1.0;1.0;0.0;0.25;0.0;0.0;46.5556;8.0;2.7777777777777777;0
org.apache.poi.util.LittleEndian;36.0;1.0;0.0;296.0;44.0;630.0;294.0;2.0;33.0;2.0;398.0;0.0;0.0;0.0;0.2006;0.0;0.0;10.0556;2.0;1.25;1
org.apache.poi.hssf.record.formula.UnknownPtg;7.0;2.0;0.0;4.0;8.0;21.0;1.0;3.0;7.0;1.0;26.0;1.0;0.0;0.7222;0.3143;1.0;7.0;2.5714;1.0;1.0;0
org.apache.poi.hpsf.IllegalPropertySetDataException;4.0;5.0;0.0;4.0;8.0;6.0;3.0;1.0;4.0;2.0;20.0;0.0;0.0;1.0;0.6667;0.0;0.0;4.0;1.0;1.0;0
org.apache.poi.hssf.record.aggregates.ColumnInfoRecordsAggregate;25.0;2.0;0.0;4.0;67.0;0.0;1.0;3.0;22.0;0.2083;991.0;0.0;0.0;0.2941;0.212;1.0;4.0;38.6;26.0;3.84;0
org.apache.poi.ddf.EscherChildAnchorRecord;15.0;2.0;0.0;8.0;31.0;43.0;3.0;5.0;15.0;0.8333;229.0;0.6667;0.0;0.5758;0.3333;1.0;5.0;13.8667;1.0;1.0;1
org.apache.poi.hssf.util.AreaReference;5.0;1.0;0.0;3.0;18.0;0.0;2.0;1.0;4.0;0.5;149.0;1.0;1.0;0.0;0.7;0.0;0.0;28.4;2.0;1.6;1
org.apache.poi.hssf.record.aggregates.FormulaRecordAggregate;25.0;2.0;0.0;8.0;45.0;0.0;3.0;5.0;23.0;0.6944;181.0;0.6667;2.0;0.2941;0.1822;1.0;5.0;6.12;2.0;1.16;5
org.apache.poi.poifs.filesystem.DocumentInputStream;13.0;2.0;0.0;24.0;23.0;0.0;21.0;3.0;11.0;0.6429;271.0;1.0;1.0;0.45;0.2564;1.0;2.0;19.3077;2.0;1.0769230769230769;0
org.apache.poi.hssf.record.BarRecord;23.0;2.0;0.0;9.0;39.0;35.0;2.0;7.0;21.0;0.7614;360.0;0.875;4.0;0.3226;0.2536;1.0;5.0;14.3043;2.0;1.0434782608695652;1
org.apache.poi.hssf.record.formula.MemErrPtg;5.0;3.0;0.0;5.0;12.0;10.0;2.0;3.0;5.0;1.25;42.0;0.0;0.0;0.88;0.36;2.0;4.0;7.2;1.0;1.0;0
org.apache.poi.hssf.usermodel.HSSFShapeContainer;1.0;1.0;0.0;3.0;1.0;0.0;3.0;0.0;1.0;2.0;1.0;0.0;0.0;0.0;1.0;0.0;0.0;0.0;1.0;1.0;0
org.apache.poi.hssf.eventmodel.EventRecordFactory;11.0;1.0;0.0;14.0;63.0;25.0;2.0;12.0;6.0;0.98;1384.0;0.0588;0.0;0.0;0.1556;0.0;0.0;117.0909;80.0;9.636363636363637;1
org.apache.poi.poifs.dev.POIFSViewable;4.0;1.0;0.0;6.0;4.0;6.0;6.0;0.0;4.0;2.0;4.0;0.0;0.0;0.0;1.0;0.0;0.0;0.0;1.0;1.0;0
org.apache.poi.hpsf.ClassID;10.0;1.0;0.0;13.0;21.0;0.0;12.0;1.0;10.0;0.6111;359.0;0.5;0.0;0.0;0.45;1.0;1.0;34.7;6.0;2.3;0
org.apache.poi.poifs.filesystem.POIFSWriterListener;1.0;1.0;0.0;7.0;1.0;0.0;6.0;1.0;1.0;2.0;1.0;0.0;0.0;0.0;1.0;0.0;0.0;0.0;1.0;1.0;0
org.apache.poi.poifs.filesystem.DocumentDescriptor;4.0;1.0;0.0;2.0;18.0;0.0;1.0;1.0;4.0;0.2222;129.0;1.0;1.0;0.0;0.4375;1.0;1.0;30.5;6.0;3.5;0
org.apache.poi.hssf.dev.EFBiffViewer;4.0;1.0;0.0;6.0;16.0;4.0;1.0;6.0;4.0;0.3333;82.0;0.0;0.0;0.0;0.4167;0.0;0.0;19.25;3.0;1.5;0
org.apache.poi.hssf.record.formula.LessEqualPtg;9.0;3.0;0.0;6.0;13.0;36.0;3.0;3.0;9.0;1.125;62.0;0.0;0.0;0.7083;0.2593;1.0;7.0;5.6667;1.0;1.0;1
org.apache.poi.hssf.record.PrecisionRecord;10.0;2.0;0.0;6.0;19.0;33.0;2.0;4.0;8.0;0.8333;102.0;0.0;0.0;0.5556;0.2667;1.0;5.0;9.0;2.0;1.3;1
org.apache.poi.hssf.usermodel.HSSFPictureData;3.0;1.0;0.0;2.0;6.0;0.0;1.0;1.0;2.0;1.3125;41.0;0.125;1.0;0.0;0.6667;0.0;0.0;10.0;8.0;3.3333333333333335;2
org.apache.poi.util.CommonsLogger;5.0;2.0;0.0;3.0;20.0;0.0;0.0;3.0;4.0;0.5;138.0;1.0;0.0;0.8929;0.5;1.0;3.0;26.2;12.0;5.2;0
org.apache.poi.ddf.EscherSplitMenuColorsRecord;15.0;2.0;0.0;7.0;33.0;43.0;1.0;6.0;15.0;0.8333;258.0;0.6667;0.0;0.5758;0.3333;1.0;5.0;15.8;2.0;1.0666666666666667;1
org.apache.poi.hssf.usermodel.EscherGraphics;50.0;2.0;0.0;15.0;107.0;789.0;1.0;14.0;42.0;0.8571;1029.0;0.8889;3.0;0.5155;0.1805;2.0;18.0;19.4;7.0;1.58;1
org.apache.poi.util.HexRead;6.0;1.0;0.0;1.0;25.0;15.0;1.0;0.0;5.0;2.0;266.0;0.0;0.0;0.0;0.2917;0.0;0.0;43.3333;1.0;1.0;0
org.apache.poi.hssf.usermodel.HSSFRow;27.0;1.0;0.0;15.0;54.0;107.0;10.0;6.0;18.0;0.7115;515.0;0.8333;4.0;0.0;0.1481;0.0;0.0;17.8519;7.0;2.074074074074074;4
org.apache.poi.hssf.record.ObjectLinkRecord;15.0;2.0;0.0;6.0;26.0;57.0;1.0;5.0;13.0;0.9286;225.0;0.3333;0.0;0.4348;0.3067;1.0;5.0;13.4;2.0;1.0666666666666667;1
org.apache.poi.hssf.record.formula.NamePtg;8.0;2.0;0.0;7.0;20.0;4.0;3.0;5.0;7.0;0.8;143.0;0.6;0.0;0.7222;0.2917;1.0;7.0;16.25;3.0;1.25;0
org.apache.poi.hssf.record.AxisUsedRecord;11.0;2.0;0.0;7.0;22.0;35.0;2.0;5.0;9.0;0.8;122.0;0.5;0.0;0.5263;0.3091;1.0;5.0;9.9091;2.0;1.0909090909090908;1
org.apache.poi.hpsf.SummaryInformation;55.0;4.0;0.0;9.0;72.0;1485.0;3.0;6.0;55.0;1.0185;484.0;0.0;0.0;0.5091;0.1922;0.0;0.0;7.7818;2.0;1.018181818181818;1
org.apache.poi.ddf.EscherBoolProperty;3.0;3.0;0.0;7.0;4.0;1.0;6.0;1.0;3.0;2.0;22.0;0.0;0.0;0.875;0.5556;0.0;0.0;6.3333;2.0;1.6666666666666667;1
org.apache.poi.hssf.record.ChartRecord;17.0;2.0;0.0;7.0;29.0;74.0;2.0;5.0;15.0;0.7625;269.0;0.8;0.0;0.4;0.3059;1.0;5.0;14.5294;2.0;1.0588235294117647;1
org.apache.poi.hssf.usermodel.HSSFPatriarch;14.0;1.0;0.0;12.0;29.0;1.0;2.0;11.0;13.0;0.7949;193.0;0.0;1.0;0.0;0.3286;0.0;0.0;12.3571;2.0;1.0714285714285714;1
org.apache.poi.hssf.util.RKUtil;2.0;1.0;0.0;2.0;4.0;1.0;2.0;0.0;1.0;2.0;39.0;0.0;0.0;0.0;0.5;0.0;0.0;18.5;3.0;2.0;1
org.apache.poi.hssf.record.NoteStructureSubRecord;8.0;3.0;0.0;6.0;20.0;8.0;2.0;5.0;6.0;0.7857;125.0;0.5;0.0;0.6471;0.325;1.0;5.0;14.375;2.0;1.125;1
org.apache.poi.ddf.EscherContainerRecord;11.0;2.0;0.0;33.0;43.0;25.0;27.0;6.0;11.0;0.9571;366.0;0.1429;0.0;0.6552;0.2222;1.0;6.0;31.6364;5.0;2.1818181818181817;3
org.apache.poi.hssf.record.SeriesIndexRecord;11.0;2.0;0.0;7.0;22.0;35.0;2.0;5.0;9.0;0.8;122.0;0.5;0.0;0.5263;0.3091;1.0;5.0;9.9091;2.0;1.0909090909090908;1
org.apache.poi.hssf.record.LabelSSTRecord;24.0;2.0;0.0;10.0;38.0;234.0;5.0;5.0;22.0;0.7478;366.0;0.8;0.0;0.3125;0.2262;1.0;5.0;14.0417;7.0;1.9166666666666667;1
org.apache.poi.util.BitField;18.0;1.0;0.0;60.0;19.0;107.0;60.0;0.0;18.0;0.3824;170.0;1.0;0.0;0.0;0.4333;0.0;0.0;8.3333;3.0;1.3888888888888888;0
org.apache.poi.hssf.record.TextRecord;61.0;2.0;0.0;9.0;84.0;610.0;2.0;7.0;59.0;0.9577;1176.0;0.5;14.0;0.1449;0.2155;1.0;5.0;17.4262;2.0;1.0163934426229508;1
org.apache.poi.util.BlockingInputStream;10.0;2.0;0.0;0.0;19.0;0.0;0.0;0.0;10.0;0.0;86.0;1.0;0.0;0.5;0.32;1.0;2.0;7.5;1.0;1.0;0
org.apache.poi.hssf.record.UseSelFSRecord;10.0;2.0;0.0;6.0;19.0;39.0;2.0;4.0;8.0;0.9722;93.0;0.25;0.0;0.5556;0.32;1.0;5.0;7.9;2.0;1.1;1
org.apache.poi.hssf.model.Workbook;89.0;1.0;0.0;116.0;312.0;2950.0;61.0;56.0;50.0;0.9271;3667.0;0.9412;6.0;0.0;0.1364;0.0;0.0;40.0112;38.0;2.404494382022472;9
org.apache.poi.hpsf.SpecialPropertySet;28.0;3.0;2.0;10.0;56.0;0.0;2.0;8.0;25.0;0.0;160.0;1.0;1.0;0.5357;0.15;3.0;16.0;4.6786;1.0;1.0;0
org.apache.poi.hssf.record.formula.LessThanPtg;10.0;3.0;0.0;6.0;14.0;45.0;3.0;3.0;10.0;1.1111;63.0;0.3333;0.0;0.68;0.25;1.0;7.0;5.0;1.0;1.0;1
org.apache.poi.util.NullLogger;23.0;2.0;0.0;2.0;24.0;253.0;1.0;1.0;23.0;2.0;49.0;0.0;0.0;0.5319;0.6696;1.0;3.0;1.1304;1.0;1.0;1
org.apache.poi.hssf.eventusermodel.HSSFListener;1.0;1.0;0.0;5.0;1.0;0.0;4.0;1.0;1.0;2.0;1.0;0.0;0.0;0.0;1.0;0.0;0.0;0.0;1.0;1.0;0
org.apache.poi.hssf.record.EscherAggregate;20.0;3.0;0.0;36.0;125.0;124.0;3.0;34.0;10.0;1.0454;1234.0;0.0237;2.0;0.6042;0.1615;2.0;7.0;50.15;11.0;2.65;4
org.apache.poi.hssf.record.formula.AreaNVPtg;6.0;3.0;0.0;5.0;9.0;15.0;2.0;3.0;5.0;1.2;31.0;0.0;0.0;0.9091;0.3333;2.0;3.0;4.0;1.0;1.0;0
org.apache.poi.hssf.record.HideObjRecord;10.0;2.0;0.0;6.0;19.0;39.0;2.0;4.0;8.0;1.0;94.0;0.2;0.0;0.5556;0.32;1.0;5.0;7.9;2.0;1.1;1
org.apache.poi.hssf.record.WindowOneRecord;37.0;2.0;0.0;9.0;50.0;442.0;3.0;6.0;34.0;0.8958;485.0;0.9375;6.0;0.2273;0.2546;1.0;5.0;11.6757;2.0;1.027027027027027;1
org.apache.poi.hssf.record.ColumnInfoRecord;26.0;2.0;0.0;9.0;41.0;179.0;3.0;6.0;23.0;0.836;339.0;0.9;3.0;0.303;0.2533;1.0;5.0;11.6538;2.0;1.0384615384615385;1
org.apache.poi.poifs.filesystem.EntryNode;10.0;1.0;2.0;6.0;14.0;19.0;3.0;4.0;6.0;0.6111;71.0;1.0;2.0;0.0;0.325;0.0;0.0;5.9;3.0;1.4;0
org.apache.poi.poifs.storage.HeaderBlockWriter;7.0;2.0;0.0;8.0;17.0;0.0;2.0;6.0;5.0;0.7917;319.0;1.0;6.0;0.3333;0.5714;1.0;2.0;43.4286;4.0;1.5714285714285714;0
org.apache.poi.hssf.record.formula.IntPtg;10.0;2.0;0.0;7.0;18.0;39.0;4.0;4.0;9.0;0.8519;75.0;0.3333;0.0;0.65;0.2286;1.0;7.0;6.2;1.0;1.0;1
org.apache.poi.hssf.util.SheetReferences;3.0;1.0;0.0;3.0;8.0;0.0;3.0;0.0;3.0;0.0;32.0;0.0;0.0;0.0;0.6667;0.0;0.0;9.3333;1.0;1.0;0
org.apache.poi.hssf.record.ProtectRecord;11.0;2.0;0.0;9.0;20.0;35.0;5.0;4.0;9.0;0.8;112.0;0.5;0.0;0.5263;0.2576;1.0;5.0;9.0;2.0;1.2727272727272727;1
org.apache.poi.hssf.record.SubRecord;3.0;2.0;4.0;9.0;11.0;3.0;6.0;7.0;3.0;2.0;46.0;0.0;0.0;0.9091;0.6667;0.0;0.0;14.3333;6.0;2.6666666666666665;2
org.apache.poi.util.ByteField;11.0;1.0;0.0;4.0;15.0;21.0;1.0;3.0;11.0;0.5333;90.0;1.0;0.0;0.0;0.4545;0.0;0.0;6.9091;1.0;1.0;0
org.apache.poi.hssf.usermodel.EscherGraphics2d;81.0;3.0;0.0;3.0;159.0;3130.0;0.0;3.0;73.0;0.8304;905.0;1.0;2.0;0.5266;0.0796;2.0;20.0;10.0864;5.0;1.2098765432098766;1
org.apache.poi.poifs.storage.BlockListImpl;6.0;1.0;2.0;5.0;13.0;0.0;2.0;3.0;4.0;0.5;107.0;1.0;2.0;0.0;0.4583;0.0;0.0;16.5;3.0;1.3333333333333333;3
org.apache.poi.hssf.record.PasswordRecord;11.0;2.0;0.0;6.0;20.0;43.0;2.0;4.0;9.0;0.8;102.0;0.5;0.0;0.5263;0.3091;1.0;5.0;8.0909;2.0;1.0909090909090908;1
org.apache.poi.hpsf.VariantTypeException;3.0;4.0;2.0;3.0;4.0;0.0;2.0;1.0;3.0;0.5;21.0;1.0;0.0;0.9;0.5;0.0;0.0;5.3333;1.0;1.0;0
org.apache.poi.hssf.record.Record;12.0;1.0;134.0;155.0;21.0;66.0;154.0;1.0;10.0;2.0;63.0;0.0;0.0;0.0;0.2833;0.0;0.0;4.25;1.0;1.0;3
org.apache.poi.hssf.record.SeriesRecord;21.0;2.0;0.0;7.0;32.0;120.0;2.0;5.0;19.0;0.9553;379.0;0.3158;0.0;0.3448;0.3048;1.0;5.0;16.1429;2.0;1.0476190476190477;1
org.apache.poi.hssf.model.CommentShape;4.0;3.0;0.0;13.0;32.0;4.0;2.0;11.0;2.0;0.6667;155.0;1.0;1.0;0.8;0.5;1.0;1.0;37.5;11.0;4.5;2
org.apache.poi.hssf.record.formula.DeletedArea3DPtg;2.0;3.0;0.0;3.0;4.0;1.0;1.0;2.0;2.0;2.0;12.0;0.0;0.0;1.0;0.625;0.0;0.0;4.5;1.0;1.0;0
org.apache.poi.poifs.property.PropertyFactory;2.0;1.0;0.0;5.0;10.0;1.0;1.0;4.0;0.0;2.0;85.0;0.0;0.0;0.0;0.5;0.0;0.0;41.5;1.0;1.0;0
org.apache.poi.hssf.usermodel.HSSFDateUtil;11.0;1.0;0.0;2.0;24.0;53.0;1.0;2.0;6.0;1.0333;241.0;1.0;0.0;0.0;0.1571;0.0;0.0;20.6364;4.0;1.8181818181818181;3
org.apache.poi.hssf.record.formula.NameXPtg;8.0;2.0;0.0;5.0;12.0;22.0;2.0;4.0;7.0;0.8857;94.0;0.8;0.0;0.7222;0.2708;1.0;8.0;10.125;1.0;1.0;0
org.apache.poi.hssf.record.PrintHeadersRecord;11.0;2.0;0.0;6.0;20.0;35.0;2.0;4.0;9.0;0.8;113.0;0.5;0.0;0.5263;0.2576;1.0;5.0;9.0909;2.0;1.2727272727272727;1
org.apache.poi.hssf.record.formula.FuncVarPtg;8.0;4.0;0.0;5.0;20.0;0.0;2.0;3.0;7.0;1.1429;153.0;0.5;0.0;0.8611;0.2708;2.0;12.0;17.875;1.0;1.0;0
org.apache.poi.hssf.record.DrawingSelectionRecord;4.0;3.0;0.0;3.0;6.0;6.0;1.0;2.0;3.0;1.3333;16.0;0.0;0.0;0.9355;0.625;1.0;2.0;2.75;1.0;1.0;0
org.apache.poi.hssf.usermodel.HSSFFooter;20.0;1.0;0.0;2.0;34.0;158.0;1.0;1.0;18.0;0.75;262.0;0.0;1.0;0.0;0.175;0.0;0.0;11.9;13.0;1.75;1
org.apache.poi.poifs.storage.SmallBlockTableReader;2.0;1.0;0.0;9.0;8.0;1.0;2.0;7.0;2.0;2.0;24.0;0.0;0.0;0.0;0.5;0.0;0.0;11.0;1.0;1.0;2
org.apache.poi.ddf.EscherProperty;10.0;1.0;2.0;21.0;12.0;3.0;20.0;1.0;10.0;0.3333;69.0;1.0;0.0;0.0;0.34;0.0;0.0;5.8;3.0;1.4;1
org.apache.poi.hssf.record.TextObjectRecord;12.0;3.0;0.0;13.0;66.0;0.0;6.0;7.0;7.0;0.0909;612.0;0.0;1.0;0.8182;0.3167;3.0;6.0;49.9167;7.0;2.3333333333333335;3
org.apache.poi.hssf.util.Region;16.0;1.0;0.0;4.0;17.0;78.0;3.0;1.0;16.0;0.5333;172.0;1.0;0.0;0.0;0.2917;0.0;0.0;9.5;9.0;1.8125;0
org.apache.poi.hssf.usermodel.HSSFComment;11.0;4.0;0.0;11.0;24.0;9.0;5.0;6.0;10.0;0.75;150.0;1.0;2.0;0.7568;0.1818;1.0;1.0;12.0909;3.0;1.6363636363636365;2
org.apache.poi.hssf.record.RKRecord;23.0;2.0;0.0;9.0;44.0;221.0;3.0;6.0;21.0;0.904;378.0;0.4444;0.0;0.3226;0.2112;1.0;4.0;15.0435;6.0;1.608695652173913;1
org.apache.poi.poifs.storage.HeaderBlockReader;7.0;1.0;0.0;8.0;21.0;9.0;2.0;6.0;7.0;0.8333;207.0;1.0;5.0;0.0;0.5714;0.0;0.0;27.7143;2.0;1.1428571428571428;1
org.apache.poi.hssf.record.ExtSSTInfoSubRecord;12.0;2.0;0.0;4.0;22.0;52.0;1.0;3.0;10.0;0.8727;124.0;0.6;0.0;0.5;0.3167;1.0;5.0;8.9167;1.0;1.0;0
org.apache.poi.hssf.dev.HSSF;4.0;1.0;0.0;9.0;49.0;0.0;0.0;9.0;4.0;0.0;463.0;1.0;1.0;0.0;0.5625;0.0;0.0;114.25;8.0;2.75;2
org.apache.poi.hssf.record.formula.ExpPtg;10.0;2.0;0.0;6.0;18.0;27.0;2.0;5.0;10.0;0.8333;104.0;0.75;0.0;0.619;0.28;1.0;7.0;9.0;1.0;1.0;1
org.apache.poi.hssf.record.InterfaceEndRecord;8.0;2.0;0.0;6.0;15.0;28.0;2.0;4.0;6.0;1.1429;60.0;0.0;0.0;0.625;0.325;1.0;5.0;6.375;2.0;1.125;1
org.apache.poi.ddf.EscherProperties;7.0;1.0;0.0;6.0;16.0;9.0;5.0;1.0;3.0;1.1642;1460.0;0.0036;0.0;0.0;0.1905;0.0;0.0;168.2857;2.0;1.4285714285714286;2
org.apache.poi.ddf.EscherDggRecord;17.0;2.0;0.0;11.0;44.0;38.0;4.0;8.0;17.0;0.8229;420.0;0.6667;1.0;0.5429;0.2745;1.0;5.0;23.3529;3.0;1.2352941176470589;2
org.apache.poi.hssf.record.RkRec;1.0;1.0;0.0;1.0;2.0;0.0;1.0;0.0;0.0;2.0;6.0;0.0;0.0;0.0;1.0;0.0;0.0;3.0;1.0;1.0;0
org.apache.poi.poifs.filesystem.POIFSDocumentPath;9.0;1.0;0.0;13.0;20.0;0.0;13.0;0.0;9.0;0.25;294.0;1.0;0.0;0.0;0.3111;1.0;1.0;31.4444;7.0;2.2222222222222223;0
org.apache.poi.hssf.record.aggregates.RowRecordsAggregate;29.0;2.0;0.0;6.0;61.0;282.0;1.0;5.0;26.0;0.6696;710.0;0.0;0.0;0.2632;0.2328;1.0;4.0;23.3448;7.0;2.2413793103448274;5
org.apache.poi.util.POILogger;26.0;1.0;3.0;21.0;42.0;325.0;20.0;1.0;22.0;1.04;685.0;0.0;0.0;0.0;0.5449;0.0;0.0;25.1538;17.0;2.269230769230769;1
org.apache.poi.ddf.EscherRGBProperty;5.0;3.0;0.0;5.0;6.0;0.0;4.0;1.0;5.0;2.0;35.0;0.0;0.0;0.7778;0.4667;0.0;0.0;6.0;1.0;1.0;1
org.apache.poi.hssf.util.HSSFColor;6.0;1.0;49.0;53.0;56.0;15.0;53.0;46.0;6.0;1.2;923.0;1.0;0.0;0.0;0.6667;0.0;0.0;152.5;1.0;1.0;0
org.apache.poi.ddf.UnknownEscherRecord;12.0;2.0;0.0;6.0;44.0;28.0;1.0;5.0;11.0;0.6364;353.0;1.0;0.0;0.6552;0.2468;1.0;6.0;28.1667;3.0;1.5;1
org.apache.poi.util.IOUtils;3.0;1.0;0.0;3.0;5.0;3.0;3.0;0.0;2.0;2.0;43.0;0.0;0.0;0.0;0.5;0.0;0.0;13.3333;1.0;1.0;3
org.apache.poi.ddf.EscherPropertyMetaData;4.0;1.0;0.0;1.0;5.0;0.0;1.0;0.0;4.0;1.125;33.0;0.25;0.0;0.0;0.5833;0.0;0.0;5.25;1.0;1.0;1
org.apache.poi.poifs.storage.RawDataBlock;3.0;1.0;0.0;7.0;10.0;0.0;5.0;2.0;3.0;0.25;83.0;1.0;0.0;0.0;0.6667;0.0;0.0;26.0;1.0;1.0;1
org.apache.poi.ddf.EscherSpRecord;12.0;2.0;0.0;23.0;31.0;32.0;18.0;5.0;11.0;1.0341;323.0;0.125;0.0;0.6333;0.35;1.0;5.0;24.5833;14.0;2.0833333333333335;1
org.apache.poi.hpsf.CustomProperties;16.0;3.0;0.0;4.0;52.0;82.0;1.0;3.0;14.0;0.2667;416.0;1.0;0.0;0.7826;0.1875;2.0;7.0;24.8125;4.0;1.3125;0
org.apache.poi.hssf.record.FormatRecord;15.0;2.0;0.0;8.0;31.0;55.0;3.0;5.0;13.0;0.7571;240.0;0.8;0.0;0.4348;0.2;1.0;5.0;14.6667;4.0;1.4666666666666666;1
org.apache.poi.poifs.storage.PropertyBlock;3.0;2.0;0.0;5.0;9.0;1.0;1.0;4.0;1.0;0.75;103.0;1.0;1.0;0.6;0.4;1.0;1.0;32.6667;3.0;2.0;1
org.apache.poi.hssf.record.RecordInputStream;26.0;2.0;1.0;214.0;53.0;111.0;212.0;3.0;25.0;0.552;595.0;0.8;0.0;0.2647;0.2885;1.0;1.0;21.5;7.0;1.7307692307692308;6
org.apache.poi.hpsf.HPSFRuntimeException;8.0;4.0;4.0;11.0;16.0;22.0;11.0;0.0;8.0;0.4286;66.0;1.0;0.0;0.8095;0.35;1.0;1.0;7.125;2.0;1.25;0
org.apache.poi.ddf.EscherArrayProperty;15.0;3.0;0.0;6.0;34.0;5.0;2.0;4.0;14.0;0.9048;434.0;1.0;0.0;0.5357;0.4;1.0;4.0;27.7333;3.0;1.7333333333333334;1
org.apache.poi.hssf.record.BottomMarginRecord;11.0;2.0;0.0;7.0;21.0;35.0;2.0;5.0;9.0;0.8;107.0;0.5;0.0;0.5263;0.2576;1.0;5.0;8.5455;2.0;1.0909090909090908;1
org.apache.poi.hpsf.wellknown.SectionIDMap;8.0;3.0;0.0;5.0;15.0;26.0;4.0;1.0;7.0;0.8571;293.0;0.25;1.0;0.9;0.3429;1.0;1.0;35.125;3.0;1.375;1
org.apache.poi.hssf.record.SeriesLabelsRecord;23.0;2.0;0.0;7.0;39.0;0.0;0.0;7.0;21.0;0.7386;332.0;0.875;6.0;0.3226;0.2536;1.0;5.0;13.087;2.0;1.0434782608695652;1
org.apache.poi.hssf.record.WindowProtectRecord;10.0;2.0;0.0;6.0;19.0;33.0;2.0;4.0;8.0;0.8333;102.0;0.5;0.0;0.5556;0.2667;1.0;5.0;9.0;2.0;1.3;1
org.apache.poi.hssf.eventusermodel.HSSFRequest;4.0;1.0;0.0;7.0;17.0;0.0;2.0;5.0;3.0;0.0;115.0;1.0;0.0;0.0;0.5;0.0;0.0;27.5;2.0;1.5;0
org.apache.poi.ddf.EscherDump;9.0;1.0;0.0;8.0;41.0;36.0;1.0;8.0;5.0;2.0;3581.0;0.0;0.0;0.0;0.2963;0.0;0.0;396.8889;3.0;1.4444444444444444;1
org.apache.poi.hssf.dev.BiffViewer;8.0;1.0;0.0;133.0;166.0;24.0;1.0;133.0;5.0;0.7143;999.0;0.5;0.0;0.0;0.2344;0.0;0.0;123.625;126.0;17.375;2
org.apache.poi.hssf.record.WriteProtectRecord;8.0;2.0;0.0;5.0;15.0;28.0;1.0;4.0;6.0;1.1429;60.0;0.0;0.0;0.625;0.325;1.0;5.0;6.375;2.0;1.125;1
org.apache.poi.hssf.record.formula.ConcatPtg;9.0;3.0;0.0;6.0;13.0;36.0;3.0;3.0;9.0;1.125;60.0;0.3333;0.0;0.7083;0.2593;1.0;7.0;5.3333;1.0;1.0;0
org.apache.poi.hssf.record.ExternSheetRecord;13.0;2.0;0.0;7.0;31.0;52.0;2.0;5.0;11.0;0.7222;206.0;0.6667;0.0;0.4762;0.2692;1.0;5.0;14.6154;2.0;1.3076923076923077;2
org.apache.poi.util.HexDump;16.0;1.0;0.0;73.0;46.0;102.0;73.0;0.0;11.0;0.3556;797.0;0.6667;0.0;0.0;0.18;0.0;0.0;48.625;10.0;2.0;2
org.apache.poi.hssf.util.RangeAddress;30.0;1.0;0.0;3.0;52.0;331.0;3.0;0.0;24.0;0.8736;773.0;0.0;0.0;0.0;0.3917;0.0;0.0;24.5667;6.0;2.7666666666666666;1
org.apache.poi.util.StringUtil;14.0;1.0;0.0;19.0;38.0;91.0;19.0;0.0;12.0;1.0769;458.0;1.0;0.0;0.0;0.2551;0.0;0.0;31.6429;10.0;2.642857142857143;1
org.apache.poi.hssf.usermodel.StaticFontMetrics;4.0;1.0;0.0;2.0;28.0;4.0;1.0;1.0;1.0;0.8889;138.0;0.6667;0.0;0.0;0.3333;0.0;0.0;32.75;10.0;3.25;2
org.apache.poi.hssf.record.CalcModeRecord;11.0;2.0;0.0;6.0;20.0;43.0;2.0;4.0;9.0;0.98;105.0;0.2;0.0;0.5263;0.3091;1.0;5.0;8.0909;2.0;1.0909090909090908;1
org.apache.poi.poifs.property.Parent;4.0;1.0;0.0;3.0;4.0;6.0;1.0;2.0;4.0;2.0;4.0;0.0;0.0;0.0;0.5833;0.0;0.0;0.0;1.0;1.0;0
org.apache.poi.ddf.EscherClientDataRecord;9.0;2.0;0.0;12.0;27.0;6.0;7.0;5.0;9.0;0.875;180.0;0.3333;0.0;0.7037;0.3556;1.0;5.0;18.6667;2.0;1.2222222222222223;1
org.apache.poi.hssf.record.LabelRecord;22.0;2.0;0.0;6.0;36.0;197.0;2.0;4.0;20.0;0.8435;310.0;0.8571;0.0;0.3333;0.25;1.0;4.0;12.7727;6.0;1.7272727272727273;1
org.apache.poi.hpsf.MutableSection;24.0;2.0;0.0;15.0;86.0;116.0;5.0;11.0;21.0;0.5072;783.0;1.0;0.0;0.4211;0.1603;1.0;15.0;31.5;7.0;1.5416666666666667;0
org.apache.poi.hssf.record.formula.MemFuncPtg;10.0;3.0;0.0;6.0;13.0;3.0;2.0;4.0;10.0;0.7222;69.0;0.5;0.0;0.619;0.3;1.0;7.0;5.7;1.0;1.0;1
org.apache.poi.hssf.usermodel.HSSFPalette;6.0;1.0;0.0;7.0;12.0;0.0;2.0;5.0;5.0;0.0;175.0;1.0;1.0;0.0;0.5417;0.0;0.0;28.0;5.0;2.6666666666666665;1
org.apache.poi.poifs.property.PropertyTable;11.0;1.0;0.0;11.0;34.0;0.0;2.0;9.0;10.0;0.5667;209.0;1.0;1.0;0.0;0.2727;0.0;0.0;17.7273;3.0;1.2727272727272727;2
org.apache.poi.poifs.filesystem.DirectoryEntry;9.0;1.0;0.0;19.0;9.0;36.0;16.0;4.0;9.0;2.0;9.0;0.0;0.0;0.0;0.3148;0.0;0.0;0.0;1.0;1.0;0
org.apache.poi.hssf.record.NumberRecord;24.0;2.0;0.0;11.0;39.0;234.0;6.0;5.0;22.0;0.7478;365.0;0.8;0.0;0.3125;0.1979;1.0;5.0;14.0;7.0;1.9166666666666667;1
org.apache.poi.hssf.eventmodel.ERFListener;1.0;1.0;0.0;4.0;1.0;0.0;3.0;1.0;1.0;2.0;1.0;0.0;0.0;0.0;1.0;0.0;0.0;0.0;1.0;1.0;0
org.apache.poi.hssf.model.DrawingManager2;8.0;1.0;0.0;7.0;29.0;0.0;4.0;3.0;4.0;0.3571;242.0;0.0;1.0;0.0;0.375;0.0;0.0;29.0;6.0;2.0;0
org.apache.poi.hssf.record.DSFRecord;10.0;2.0;0.0;6.0;19.0;39.0;2.0;4.0;8.0;0.8333;91.0;0.5;0.0;0.5556;0.32;1.0;5.0;7.9;2.0;1.1;1
org.apache.poi.hssf.record.MulRKRecord;14.0;2.0;0.0;8.0;32.0;73.0;3.0;5.0;11.0;0.8615;192.0;0.8;0.0;0.4545;0.3143;1.0;4.0;12.3571;2.0;1.2142857142857142;2
org.apache.poi.hssf.record.formula.MissingArgPtg;7.0;2.0;0.0;5.0;8.0;21.0;3.0;3.0;7.0;1.1667;32.0;0.5;0.0;0.7222;0.3143;1.0;7.0;3.2857;1.0;1.0;0
org.apache.poi.util.BitFieldFactory;3.0;1.0;0.0;59.0;9.0;1.0;58.0;1.0;2.0;0.5;37.0;1.0;0.0;0.0;0.5;0.0;0.0;11.0;2.0;1.3333333333333333;1
org.apache.poi.hssf.record.AxisLineFormatRecord;11.0;2.0;0.0;7.0;22.0;35.0;2.0;5.0;9.0;1.0;126.0;0.1667;0.0;0.5263;0.3091;1.0;5.0;9.9091;2.0;1.0909090909090908;1
org.apache.poi.hpsf.NoFormatIDException;4.0;5.0;0.0;2.0;8.0;6.0;1.0;1.0;4.0;2.0;20.0;0.0;0.0;1.0;0.6667;0.0;0.0;4.0;1.0;1.0;0
org.apache.poi.hpsf.Constants;1.0;1.0;0.0;0.0;2.0;0.0;0.0;0.0;1.0;2.0;58.0;0.0;0.0;0.0;1.0;0.0;0.0;3.0;1.0;1.0;0
org.apache.poi.ddf.EscherPropertyFactory;2.0;1.0;0.0;10.0;20.0;1.0;1.0;9.0;2.0;2.0;166.0;0.0;0.0;0.0;0.625;0.0;0.0;82.0;12.0;6.5;1
org.apache.poi.hssf.record.FrameRecord;17.0;2.0;0.0;9.0;33.0;32.0;2.0;7.0;15.0;0.8125;243.0;0.5714;2.0;0.4;0.2549;1.0;5.0;12.8824;2.0;1.0588235294117647;1
org.apache.poi.poifs.eventfilesystem.POIFSReader;7.0;1.0;0.0;18.0;51.0;3.0;1.0;17.0;6.0;0.0833;282.0;1.0;1.0;0.0;0.3036;0.0;0.0;39.0;6.0;2.0;1
org.apache.poi.hssf.record.formula.RefErrorPtg;10.0;2.0;0.0;4.0;18.0;25.0;1.0;4.0;9.0;0.8889;83.0;0.6667;0.0;0.619;0.3;1.0;8.0;7.0;1.0;1.0;1
org.apache.poi.hssf.record.formula.PowerPtg;9.0;3.0;0.0;6.0;13.0;36.0;3.0;3.0;9.0;1.125;62.0;0.0;0.0;0.7083;0.2593;1.0;7.0;5.6667;1.0;1.0;0
org.apache.poi.poifs.storage.HeaderBlockConstants;0.0;1.0;0.0;2.0;0.0;0.0;2.0;0.0;0.0;2.0;10.0;0.0;0.0;0.0;0.0;0.0;0.0;0.0;0.0;0.0;1
org.apache.poi.hssf.record.RightMarginRecord;11.0;2.0;0.0;7.0;21.0;35.0;2.0;5.0;9.0;0.8;107.0;0.5;0.0;0.5263;0.2576;1.0;5.0;8.5455;2.0;1.0909090909090908;0
org.apache.poi.hssf.dev.FormulaViewer;9.0;1.0;0.0;11.0;40.0;28.0;0.0;11.0;6.0;0.6875;416.0;1.0;0.0;0.0;0.3333;0.0;0.0;45.0;13.0;3.3333333333333335;0
org.apache.poi.hssf.record.SSTRecord;23.0;2.0;0.0;11.0;57.0;65.0;2.0;9.0;17.0;0.9126;384.0;0.3846;3.0;0.3333;0.2208;2.0;6.0;15.1304;6.0;1.5217391304347827;3
org.apache.poi.hssf.usermodel.HSSFName;7.0;1.0;0.0;4.0;26.0;0.0;1.0;3.0;5.0;0.0833;118.0;1.0;2.0;0.0;0.4286;0.0;0.0;15.5714;4.0;1.5714285714285714;5
org.apache.poi.poifs.property.DocumentProperty;7.0;2.0;0.0;6.0;14.0;9.0;5.0;2.0;5.0;0.5;48.0;1.0;1.0;0.8571;0.3429;0.0;0.0;5.7143;1.0;1.0;0
org.apache.poi.hssf.record.SSTSerializer;6.0;1.0;0.0;7.0;16.0;1.0;1.0;6.0;4.0;0.8333;145.0;0.3333;2.0;0.0;0.5;0.0;0.0;22.1667;6.0;1.8333333333333333;0
org.apache.poi.hssf.model.ConvertAnchor;2.0;1.0;0.0;8.0;37.0;1.0;2.0;6.0;2.0;2.0;139.0;0.0;0.0;0.0;0.5;0.0;0.0;68.5;2.0;1.5;2
org.apache.poi.util.ArrayUtil;3.0;1.0;0.0;4.0;10.0;3.0;4.0;0.0;3.0;2.0;244.0;0.0;0.0;0.0;0.4167;0.0;0.0;80.3333;10.0;6.0;0
org.apache.poi.poifs.storage.BATBlock;11.0;2.0;0.0;6.0;16.0;43.0;4.0;2.0;7.0;0.9167;220.0;1.0;1.0;0.25;0.2955;1.0;2.0;18.4545;5.0;1.7272727272727273;1
org.apache.poi.ddf.EscherBlipWMFRecord;32.0;3.0;0.0;7.0;64.0;312.0;0.0;7.0;32.0;0.8917;614.0;0.9286;0.0;0.4364;0.2656;1.0;5.0;17.75;2.0;1.0625;1
org.apache.poi.util.LittleEndianConsts;0.0;1.0;0.0;1.0;0.0;0.0;1.0;0.0;0.0;2.0;5.0;0.0;0.0;0.0;0.0;0.0;0.0;0.0;0.0;0.0;0
org.apache.poi.hpsf.UnexpectedPropertySetTypeException;4.0;4.0;0.0;4.0;8.0;6.0;3.0;1.0;4.0;2.0;20.0;0.0;0.0;1.0;0.6667;0.0;0.0;4.0;1.0;1.0;0
org.apache.poi.hssf.record.formula.RefNVPtg;6.0;3.0;0.0;5.0;9.0;15.0;2.0;3.0;5.0;1.2;31.0;0.0;0.0;0.8824;0.3333;2.0;2.0;4.0;1.0;1.0;0
org.apache.poi.util.LongField;11.0;1.0;0.0;5.0;21.0;9.0;2.0;3.0;11.0;0.25;92.0;1.0;0.0;0.0;0.4545;0.0;0.0;7.1818;1.0;1.0;0
org.apache.poi.hssf.eventusermodel.HSSFEventFactory;6.0;1.0;0.0;9.0;15.0;15.0;1.0;8.0;5.0;2.0;128.0;0.0;0.0;0.0;0.5333;0.0;0.0;20.3333;1.0;1.0;4
org.apache.poi.hssf.record.EndRecord;8.0;2.0;0.0;6.0;15.0;28.0;2.0;4.0;6.0;1.1429;60.0;0.0;0.0;0.625;0.325;1.0;5.0;6.375;2.0;1.125;1
org.apache.poi.hssf.record.SheetPropertiesRecord;23.0;2.0;0.0;9.0;41.0;0.0;2.0;7.0;21.0;0.8306;349.0;0.6364;5.0;0.3226;0.2174;1.0;5.0;13.6957;2.0;1.0434782608695652;1
org.apache.poi.hssf.model.WorkbookRecordList;28.0;1.0;0.0;2.0;35.0;198.0;1.0;1.0;28.0;0.8418;388.0;1.0;0.0;0.0;0.3839;0.0;0.0;12.4643;12.0;1.7857142857142858;1
org.apache.poi.hssf.record.formula.RefAPtg;5.0;3.0;0.0;4.0;13.0;10.0;2.0;2.0;4.0;1.25;40.0;0.0;0.0;0.9375;0.4;2.0;3.0;6.8;1.0;1.0;0
org.apache.poi.hssf.record.BOFRecord;21.0;2.0;0.0;9.0;33.0;148.0;5.0;4.0;19.0;0.9441;286.0;0.3529;0.0;0.3448;0.3048;1.0;5.0;11.8095;2.0;1.0476190476190477;3
org.apache.poi.hssf.record.PrintSetupRecord;48.0;2.0;0.0;11.0;64.0;616.0;5.0;6.0;45.0;0.9;667.0;0.95;8.0;0.1818;0.2158;1.0;5.0;12.4792;2.0;1.0208333333333333;1
org.apache.poi.hssf.record.formula.RefNAPtg;6.0;3.0;0.0;5.0;9.0;15.0;2.0;3.0;5.0;1.2;31.0;0.0;0.0;0.8824;0.3333;2.0;2.0;4.0;1.0;1.0;0
org.apache.poi.hssf.record.ProtectionRev4Record;10.0;2.0;0.0;6.0;19.0;33.0;2.0;4.0;8.0;0.8333;101.0;0.5;0.0;0.5556;0.2667;1.0;5.0;8.9;2.0;1.3;1
org.apache.poi.hssf.record.HorizontalPageBreakRecord;4.0;3.0;0.0;3.0;7.0;6.0;1.0;2.0;4.0;1.3333;18.0;0.0;0.0;0.9583;0.5;1.0;3.0;3.25;1.0;1.0;1
org.apache.poi.hssf.record.formula.Area3DPtg;34.0;2.0;1.0;16.0;57.0;187.0;8.0;9.0;34.0;0.7475;700.0;0.8889;2.0;0.2955;0.1732;2.0;9.0;19.3235;8.0;1.5;1
org.apache.poi.poifs.storage.BlockWritable;1.0;1.0;0.0;9.0;1.0;0.0;9.0;0.0;1.0;2.0;1.0;0.0;0.0;0.0;1.0;0.0;0.0;0.0;1.0;1.0;0
org.apache.poi.hssf.record.WSBoolRecord;30.0;2.0;0.0;9.0;43.0;141.0;3.0;6.0;27.0;0.8592;372.0;0.9167;9.0;0.2703;0.2167;1.0;5.0;11.0;2.0;1.0333333333333334;1
org.apache.poi.hssf.record.ObjRecord;13.0;2.0;0.0;18.0;39.0;0.0;12.0;6.0;11.0;0.6667;235.0;0.5;0.0;0.4762;0.2692;1.0;5.0;16.9231;3.0;1.5384615384615385;2
org.apache.poi.hssf.record.formula.Ptg;14.0;1.0;19.0;94.0;91.0;85.0;53.0;58.0;14.0;1.0;579.0;0.25;0.0;0.0;0.1875;0.0;0.0;40.0714;7.0;2.0;1
org.apache.poi.hssf.record.formula.AddPtg;10.0;3.0;0.0;6.0;14.0;45.0;3.0;3.0;10.0;1.1111;63.0;0.3333;0.0;0.68;0.25;1.0;7.0;5.0;1.0;1.0;0
org.apache.poi.poifs.filesystem.DirectoryNode;20.0;2.0;0.0;14.0;65.0;94.0;3.0;14.0;15.0;0.6491;327.0;1.0;2.0;0.3214;0.1545;1.0;1.0;15.2;4.0;1.35;0
org.apache.poi.hssf.record.NameRecord;61.0;2.0;0.0;15.0;102.0;1434.0;5.0;11.0;55.0;0.9595;1201.0;0.4286;0.0;0.1471;0.1621;1.0;5.0;18.0;11.0;1.6885245901639345;8
org.apache.poi.dev.RecordGenerator;4.0;1.0;0.0;0.0;40.0;6.0;0.0;0.0;2.0;2.0;323.0;0.0;0.0;0.0;0.25;0.0;0.0;79.75;1.0;1.0;0
org.apache.poi.hssf.record.ChartFormatRecord;18.0;2.0;0.0;8.0;33.0;99.0;2.0;6.0;16.0;0.8151;228.0;0.8571;1.0;0.3846;0.2593;1.0;5.0;11.2778;2.0;1.0555555555555556;1
org.apache.poi.poifs.filesystem.DocumentNode;9.0;2.0;0.0;9.0;17.0;30.0;3.0;7.0;6.0;0.75;55.0;1.0;1.0;0.5294;0.4074;1.0;1.0;5.0;1.0;1.0;0
org.apache.poi.hpsf.CustomProperty;7.0;3.0;0.0;4.0;14.0;9.0;2.0;2.0;7.0;0.1667;85.0;1.0;0.0;0.7647;0.4286;0.0;0.0;11.0;7.0;1.8571428571428572;0
org.apache.poi.hssf.record.CellValueRecordInterface;10.0;1.0;0.0;14.0;10.0;45.0;14.0;0.0;10.0;2.0;10.0;0.0;0.0;0.0;0.4;0.0;0.0;0.0;1.0;1.0;0
org.apache.poi.hssf.util.PaneInformation;7.0;1.0;0.0;2.0;8.0;9.0;2.0;0.0;7.0;0.9667;59.0;0.6;0.0;0.0;0.3571;0.0;0.0;6.0;1.0;1.0;0
org.apache.poi.hssf.record.formula.UnionPtg;9.0;3.0;0.0;6.0;13.0;36.0;3.0;3.0;9.0;1.125;58.0;0.0;0.0;0.7083;0.2593;1.0;7.0;5.3333;1.0;1.0;0
org.apache.poi.hssf.record.RefreshAllRecord;10.0;2.0;0.0;6.0;19.0;33.0;2.0;4.0;8.0;0.8333;101.0;0.5;0.0;0.5556;0.2667;1.0;5.0;8.9;2.0;1.3;1
org.apache.poi.hpsf.Thumbnail;8.0;1.0;0.0;2.0;12.0;8.0;0.0;2.0;7.0;0.8214;129.0;0.0833;0.0;0.0;0.6429;0.0;0.0;13.625;1.0;1.0;1
org.apache.poi.hssf.model.PolygonShape;5.0;2.0;0.0;17.0;48.0;6.0;1.0;17.0;2.0;0.9167;439.0;0.6667;2.0;0.5556;0.55;1.0;1.0;86.2;4.0;1.6;1
org.apache.poi.hpsf.TypeWriter;9.0;1.0;0.0;9.0;27.0;36.0;4.0;6.0;9.0;2.0;196.0;0.0;0.0;0.0;0.25;0.0;0.0;20.7778;1.0;1.0;0
org.apache.poi.hssf.record.UnicodeString;36.0;1.0;0.0;18.0;87.0;252.0;11.0;8.0;29.0;0.7429;1701.0;0.8889;3.0;0.0;0.16;1.0;1.0;46.0;25.0;4.444444444444445;3
org.apache.poi.hssf.record.formula.AreaVPtg;5.0;3.0;0.0;4.0;17.0;10.0;2.0;2.0;4.0;1.25;52.0;0.0;0.0;0.9524;0.4;2.0;3.0;9.2;1.0;1.0;0
org.apache.poi.util.ShortField;11.0;1.0;0.0;5.0;21.0;9.0;2.0;3.0;11.0;0.25;92.0;1.0;0.0;0.0;0.4545;0.0;0.0;7.1818;1.0;1.0;0
org.apache.poi.hssf.record.formula.ArrayPtgV;3.0;3.0;0.0;3.0;8.0;3.0;1.0;2.0;2.0;1.5;92.0;0.0;0.0;0.9615;0.6667;2.0;6.0;29.3333;3.0;1.6666666666666667;0
org.apache.poi.hssf.record.SSTRecordSizeCalculator;2.0;1.0;0.0;4.0;7.0;0.0;1.0;3.0;2.0;0.0;46.0;1.0;1.0;0.0;0.75;0.0;0.0;21.5;2.0;1.5;0
org.apache.poi.hssf.record.UnitsRecord;11.0;2.0;0.0;7.0;22.0;35.0;2.0;5.0;9.0;0.8;122.0;0.5;0.0;0.5263;0.3091;1.0;5.0;9.9091;2.0;1.0909090909090908;1
org.apache.poi.hpsf.DocumentSummaryInformation;51.0;4.0;0.0;12.0;99.0;1275.0;2.0;10.0;49.0;1.02;562.0;0.0;0.0;0.5283;0.1933;0.0;0.0;10.0;6.0;1.196078431372549;0
org.apache.poi.hssf.record.formula.ArrayPtgA;3.0;3.0;0.0;3.0;8.0;3.0;1.0;2.0;2.0;1.5;92.0;0.0;0.0;0.9615;0.6667;2.0;6.0;29.3333;3.0;1.6666666666666667;0
org.apache.poi.hssf.record.formula.GreaterThanPtg;10.0;3.0;0.0;6.0;14.0;45.0;3.0;3.0;10.0;1.1111;63.0;0.3333;0.0;0.68;0.25;1.0;7.0;5.0;1.0;1.0;1
org.apache.poi.hssf.record.formula.ErrPtg;7.0;2.0;0.0;3.0;9.0;9.0;1.0;3.0;7.0;0.9444;69.0;0.6667;0.0;0.7222;0.3143;1.0;7.0;8.4286;9.0;2.142857142857143;0
org.apache.poi.hssf.eventusermodel.AbortableHSSFListener;3.0;1.0;0.0;4.0;4.0;3.0;1.0;3.0;3.0;2.0;7.0;0.0;0.0;0.0;0.8333;0.0;0.0;1.3333;1.0;1.0;1
org.apache.poi.ddf.EscherSimpleProperty;8.0;2.0;3.0;20.0;24.0;0.0;16.0;4.0;8.0;0.1429;121.0;1.0;0.0;0.5714;0.375;1.0;1.0;14.0;5.0;1.5;1
org.apache.poi.hssf.record.ExternSheetSubRecord;14.0;2.0;0.0;5.0;23.0;73.0;2.0;3.0;12.0;0.7885;122.0;0.75;0.0;0.4545;0.3143;1.0;5.0;7.4286;1.0;1.0;1
org.apache.poi.hssf.record.SelectionRecord;19.0;2.0;0.0;7.0;33.0;119.0;3.0;5.0;17.0;0.8095;303.0;0.8571;0.0;0.3704;0.2544;1.0;5.0;14.5789;2.0;1.105263157894737;2
org.apache.poi.hssf.record.GroupMarkerSubRecord;9.0;3.0;0.0;6.0;20.0;0.0;2.0;5.0;7.0;0.6875;150.0;0.5;0.0;0.6111;0.3111;1.0;5.0;15.4444;2.0;1.2222222222222223;1
org.apache.poi.util.POILogFactory;4.0;1.0;0.0;13.0;15.0;4.0;11.0;2.0;2.0;0.3333;55.0;1.0;0.0;0.0;0.3333;0.0;0.0;12.5;2.0;1.25;0
org.apache.poi.hpsf.Variant;4.0;1.0;1.0;3.0;16.0;2.0;3.0;0.0;3.0;1.2727;798.0;0.0364;0.0;0.0;0.5;0.0;0.0;184.75;2.0;1.5;0
org.apache.poi.hssf.record.ExtendedFormatRecord;95.0;2.0;0.0;11.0;115.0;3119.0;5.0;6.0;92.0;0.981;1371.0;0.4831;34.0;0.098;0.2518;1.0;5.0;12.4947;3.0;1.0315789473684212;1
org.apache.poi.hssf.record.RowRecord;37.0;2.0;0.0;11.0;53.0;394.0;5.0;6.0;34.0;0.8833;543.0;0.8667;5.0;0.2273;0.2183;1.0;5.0;13.2703;4.0;1.2162162162162162;2
org.apache.poi.hpsf.NoSingleSectionException;4.0;5.0;0.0;3.0;8.0;6.0;2.0;1.0;4.0;2.0;20.0;0.0;0.0;1.0;0.6667;0.0;0.0;4.0;1.0;1.0;0
org.apache.poi.hssf.usermodel.HSSFShape;17.0;1.0;3.0;18.0;19.0;84.0;15.0;3.0;16.0;0.994;152.0;0.0;2.0;0.0;0.3176;0.0;0.0;6.7059;4.0;1.1764705882352942;1
org.apache.poi.hpsf.MutablePropertySet;11.0;2.0;1.0;16.0;51.0;25.0;3.0;13.0;11.0;0.6;304.0;1.0;0.0;0.7;0.2273;1.0;5.0;26.5455;2.0;1.1818181818181819;1
org.apache.poi.hssf.record.formula.UnaryPlusPtg;10.0;3.0;0.0;7.0;14.0;45.0;4.0;3.0;10.0;1.1111;57.0;0.3333;0.0;0.68;0.25;1.0;7.0;4.4;1.0;1.0;0
org.apache.poi.hssf.record.RecordFactory;8.0;1.0;0.0;20.0;63.0;16.0;4.0;16.0;5.0;0.9907;1477.0;0.0326;0.0;0.0;0.1429;0.0;0.0;172.125;89.0;13.375;13
org.apache.poi.poifs.filesystem.BATManaged;2.0;1.0;0.0;5.0;2.0;1.0;5.0;0.0;2.0;2.0;2.0;0.0;0.0;0.0;0.75;0.0;0.0;0.0;1.0;1.0;0
org.apache.poi.hssf.usermodel.HSSFTextbox;11.0;3.0;1.0;11.0;14.0;41.0;7.0;4.0;11.0;0.9167;66.0;0.0;1.0;0.6429;0.3273;0.0;0.0;4.4545;1.0;1.0;1
org.apache.poi.hssf.record.aggregates.ValueRecordsAggregate;17.0;2.0;0.0;11.0;42.0;108.0;3.0;9.0;15.0;0.7969;514.0;0.0;1.0;0.3846;0.2437;1.0;4.0;29.0;14.0;3.5294117647058822;4
org.apache.poi.hssf.model.Sheet;135.0;1.0;0.0;65.0;391.0;7193.0;5.0;60.0;101.0;0.9429;3897.0;0.7027;19.0;0.0;0.077;0.0;0.0;27.5926;43.0;2.437037037037037;16
org.apache.poi.poifs.filesystem.DocumentEntry;1.0;1.0;0.0;17.0;1.0;0.0;16.0;1.0;1.0;2.0;1.0;0.0;0.0;0.0;1.0;0.0;0.0;0.0;1.0;1.0;0
org.apache.poi.hssf.record.PaletteRecord;11.0;2.0;0.0;9.0;30.0;17.0;4.0;5.0;8.0;0.84;1208.0;0.4;0.0;0.5263;0.2879;1.0;5.0;108.3636;4.0;1.9090909090909092;1
org.apache.poi.hssf.record.formula.IntersectionPtg;9.0;3.0;0.0;4.0;13.0;36.0;1.0;3.0;9.0;1.125;58.0;0.0;0.0;0.7083;0.2593;1.0;7.0;5.3333;1.0;1.0;0
org.apache.poi.hssf.record.SharedFormulaRecord;19.0;2.0;0.0;19.0;86.0;155.0;2.0;17.0;16.0;0.8542;529.0;0.875;0.0;0.3704;0.2368;1.0;5.0;26.4211;10.0;1.8421052631578947;5
org.apache.poi.hssf.usermodel.HSSFClientAnchor;18.0;2.0;0.0;7.0;32.0;85.0;4.0;3.0;16.0;0.7765;398.0;0.0;0.0;0.3846;0.3556;1.0;1.0;20.8333;4.0;1.6111111111111112;2
org.apache.poi.hssf.record.formula.ControlPtg;1.0;2.0;1.0;3.0;2.0;0.0;2.0;1.0;1.0;2.0;4.0;0.0;0.0;1.0;1.0;0.0;0.0;3.0;1.0;1.0;0
org.apache.poi.hssf.record.PlotGrowthRecord;13.0;2.0;0.0;7.0;25.0;44.0;2.0;5.0;11.0;0.75;171.0;0.6667;0.0;0.4762;0.3077;1.0;5.0;11.9231;2.0;1.0769230769230769;1
org.apache.poi.hssf.record.Margin;2.0;1.0;0.0;5.0;2.0;1.0;5.0;0.0;2.0;2.0;2.0;0.0;0.0;0.0;0.75;0.0;0.0;0.0;1.0;1.0;0
org.apache.poi.poifs.property.RootProperty;3.0;3.0;0.0;8.0;10.0;3.0;6.0;2.0;1.0;2.0;27.0;0.0;0.0;0.973;0.6667;1.0;1.0;8.0;1.0;1.0;1
org.apache.poi.hssf.record.FnGroupCountRecord;10.0;2.0;0.0;6.0;19.0;39.0;2.0;4.0;8.0;0.9259;91.0;0.3333;0.0;0.5556;0.32;1.0;5.0;7.8;2.0;1.1;1
org.apache.poi.hssf.record.formula.UnaryMinusPtg;10.0;3.0;0.0;7.0;15.0;45.0;3.0;4.0;10.0;1.1111;57.0;0.3333;0.0;0.68;0.25;1.0;7.0;4.4;1.0;1.0;0
org.apache.poi.poifs.storage.SmallDocumentBlockList;1.0;2.0;0.0;4.0;4.0;0.0;1.0;3.0;1.0;2.0;11.0;0.0;0.0;1.0;1.0;0.0;0.0;10.0;1.0;1.0;0
org.apache.poi.hssf.record.DrawingGroupRecord;11.0;3.0;0.0;11.0;25.0;55.0;4.0;7.0;6.0;1.1;207.0;0.3333;0.0;0.7632;0.4545;2.0;5.0;17.5455;4.0;1.7272727272727273;1
org.apache.poi.hssf.record.BackupRecord;10.0;2.0;0.0;7.0;19.0;39.0;3.0;4.0;8.0;0.8333;91.0;0.5;0.0;0.5556;0.32;1.0;5.0;7.9;2.0;1.1;1
org.apache.poi.hssf.usermodel.HSSFFont;23.0;1.0;0.0;11.0;48.0;0.0;10.0;1.0;22.0;0.9848;167.0;0.1111;1.0;0.0;0.2536;0.0;0.0;5.4783;1.0;1.0;1
org.apache.poi.hssf.model.FormulaParser;56.0;1.0;0.0;36.0;142.0;728.0;4.0;32.0;7.0;0.7156;2029.0;0.6429;1.0;0.0;0.1737;0.0;0.0;34.9821;14.0;3.357142857142857;3
org.apache.poi.hssf.record.AreaRecord;17.0;2.0;0.0;8.0;33.0;0.0;1.0;7.0;15.0;0.6875;227.0;0.8;3.0;0.4;0.2549;1.0;5.0;12.0588;2.0;1.0588235294117647;1
org.apache.poi.hpsf.Property;12.0;1.0;1.0;18.0;45.0;18.0;11.0;7.0;8.0;0.4848;591.0;1.0;0.0;0.0;0.3667;1.0;1.0;48.0;12.0;2.5833333333333335;1
org.apache.poi.ddf.EscherShapePathProperty;1.0;3.0;0.0;4.0;2.0;0.0;3.0;1.0;1.0;2.0;13.0;0.0;0.0;1.0;1.0;0.0;0.0;7.0;1.0;1.0;1
org.apache.poi.hssf.record.CategorySeriesAxisRecord;23.0;2.0;0.0;9.0;39.0;75.0;2.0;7.0;21.0;0.7727;374.0;0.875;3.0;0.3226;0.2536;1.0;5.0;14.913;2.0;1.0434782608695652;1
org.apache.poi.util.TempFile;3.0;1.0;0.0;0.0;15.0;1.0;0.0;0.0;2.0;0.75;53.0;0.0;0.0;0.0;0.5;0.0;0.0;16.0;1.0;1.0;1
org.apache.poi.hssf.record.FontIndexRecord;11.0;2.0;0.0;7.0;22.0;35.0;2.0;5.0;9.0;0.8;122.0;0.5;0.0;0.5263;0.3091;1.0;5.0;9.9091;2.0;1.0909090909090908;1
org.apache.poi.hssf.record.WriteAccessRecord;10.0;2.0;0.0;9.0;26.0;33.0;2.0;7.0;8.0;0.8333;148.0;0.5;0.0;0.5556;0.2667;1.0;5.0;13.6;2.0;1.2;2
org.apache.poi.hssf.record.formula.PercentPtg;10.0;3.0;0.0;4.0;14.0;45.0;1.0;3.0;10.0;1.1111;57.0;0.3333;0.0;0.68;0.25;1.0;7.0;4.4;1.0;1.0;0
org.apache.poi.hssf.usermodel.HSSFShapeGroup;13.0;2.0;0.0;11.0;26.0;4.0;3.0;8.0;13.0;0.6833;174.0;0.0;0.0;0.5714;0.3385;1.0;1.0;12.0;2.0;1.0769230769230769;0
org.apache.poi.hssf.record.CodepageRecord;10.0;2.0;0.0;6.0;19.0;39.0;2.0;4.0;8.0;0.9259;92.0;0.3333;0.0;0.5556;0.32;1.0;5.0;7.9;2.0;1.1;1
org.apache.poi.hssf.record.formula.MemAreaPtg;11.0;2.0;1.0;5.0;16.0;21.0;2.0;4.0;11.0;0.85;86.0;0.75;0.0;0.5909;0.2576;1.0;7.0;6.4545;1.0;1.0;2
org.apache.poi.hssf.record.TextObjectBaseRecord;37.0;2.0;1.0;8.0;58.0;246.0;1.0;7.0;35.0;0.929;687.0;0.5185;6.0;0.2222;0.2523;1.0;5.0;16.8378;2.0;1.027027027027027;1
org.apache.poi.hssf.eventmodel.ModelFactoryListener;1.0;1.0;0.0;2.0;1.0;0.0;1.0;1.0;1.0;2.0;1.0;0.0;0.0;0.0;1.0;0.0;0.0;0.0;1.0;1.0;0
org.apache.poi.hssf.record.ValueRangeRecord;39.0;2.0;0.0;9.0;58.0;91.0;2.0;7.0;37.0;0.8487;652.0;0.9375;9.0;0.2128;0.2161;1.0;5.0;15.3077;2.0;1.0256410256410255;1
org.apache.poi.poifs.storage.ListManagedBlock;1.0;1.0;0.0;13.0;1.0;0.0;13.0;0.0;1.0;2.0;1.0;0.0;0.0;0.0;1.0;0.0;0.0;0.0;1.0;1.0;0
org.apache.poi.hssf.record.UnknownRecord;11.0;2.0;0.0;11.0;21.0;0.0;7.0;4.0;8.0;0.35;174.0;1.0;0.0;0.5556;0.3636;1.0;5.0;14.6364;3.0;1.2727272727272727;9
org.apache.poi.ddf.EscherRecord;20.0;1.0;14.0;54.0;36.0;164.0;53.0;4.0;18.0;0.8421;141.0;1.0;0.0;0.0;0.2375;0.0;0.0;5.95;2.0;1.1;2
org.apache.poi.ddf.EscherSerializationListener;2.0;1.0;0.0;22.0;2.0;1.0;22.0;1.0;2.0;2.0;2.0;0.0;0.0;0.0;1.0;0.0;0.0;0.0;1.0;1.0;1
org.apache.poi.hpsf.IllegalVariantTypeException;2.0;5.0;0.0;3.0;9.0;1.0;0.0;3.0;2.0;2.0;33.0;0.0;0.0;1.0;0.875;0.0;0.0;15.5;1.0;1.0;0
org.apache.poi.hssf.record.PasswordRev4Record;10.0;2.0;0.0;6.0;19.0;39.0;2.0;4.0;8.0;0.8333;91.0;0.5;0.0;0.5556;0.32;1.0;5.0;7.9;2.0;1.1;1
org.apache.poi.poifs.eventfilesystem.POIFSReaderListener;1.0;1.0;0.0;6.0;1.0;0.0;5.0;1.0;1.0;2.0;1.0;0.0;0.0;0.0;1.0;0.0;0.0;0.0;1.0;1.0;0
org.apache.poi.util.DoubleList;25.0;1.0;0.0;1.0;29.0;0.0;1.0;0.0;24.0;0.3889;635.0;1.0;0.0;0.0;0.3133;1.0;1.0;24.28;9.0;2.72;0
org.apache.poi.hssf.model.TextboxShape;8.0;2.0;1.0;21.0;59.0;20.0;3.0;19.0;4.0;0.8214;267.0;1.0;4.0;0.4167;0.6667;1.0;1.0;31.875;1.0;1.0;2
org.apache.poi.hssf.record.VCenterRecord;11.0;2.0;0.0;8.0;20.0;35.0;4.0;4.0;9.0;0.8;113.0;0.5;0.0;0.5263;0.2576;1.0;5.0;9.0909;2.0;1.2727272727272727;1
org.apache.poi.poifs.property.DirectoryProperty;8.0;2.0;1.0;10.0;37.0;0.0;6.0;4.0;6.0;0.3571;275.0;1.0;0.0;0.8333;0.375;1.0;1.0;33.125;6.0;1.875;1
org.apache.poi.hssf.usermodel.HSSFHeader;20.0;1.0;0.0;2.0;34.0;158.0;1.0;1.0;18.0;0.75;262.0;0.0;1.0;0.0;0.175;0.0;0.0;11.9;13.0;1.75;1
org.apache.poi.hssf.record.formula.Ref3DPtg;22.0;2.0;1.0;14.0;49.0;89.0;6.0;9.0;22.0;0.7211;417.0;0.8571;2.0;0.4063;0.1989;1.0;8.0;17.6364;8.0;1.4090909090909092;0
org.apache.poi.hssf.record.FontRecord;37.0;2.0;0.0;11.0;55.0;474.0;4.0;7.0;34.0;0.9363;549.0;0.625;4.0;0.2273;0.191;1.0;5.0;13.1892;3.0;1.1081081081081081;2
org.apache.poi.hssf.model.PictureShape;5.0;2.0;0.0;15.0;41.0;6.0;1.0;15.0;2.0;0.75;177.0;1.0;2.0;0.5556;0.55;1.0;1.0;34.0;3.0;1.4;1
org.apache.poi.hssf.record.DBCellRecord;15.0;2.0;0.0;8.0;29.0;79.0;4.0;4.0;13.0;0.8571;242.0;0.5;0.0;0.4348;0.3067;1.0;5.0;14.8667;3.0;1.4;1
org.apache.poi.hssf.record.AreaFormatRecord;25.0;2.0;0.0;9.0;44.0;140.0;2.0;7.0;23.0;0.8009;437.0;0.8889;2.0;0.303;0.2533;1.0;5.0;16.12;2.0;1.04;1
org.apache.poi.hssf.record.DatRecord;19.0;2.0;0.0;8.0;35.0;0.0;1.0;7.0;17.0;0.7037;262.0;0.8333;4.0;0.3704;0.2544;1.0;5.0;12.4737;2.0;1.0526315789473684;1
org.apache.poi.poifs.property.PropertyConstants;0.0;1.0;0.0;0.0;0.0;0.0;0.0;0.0;0.0;2.0;4.0;0.0;0.0;0.0;0.0;0.0;0.0;0.0;0.0;0.0;0
org.apache.poi.hpsf.MissingSectionException;4.0;5.0;0.0;2.0;8.0;6.0;1.0;1.0;4.0;2.0;20.0;0.0;0.0;1.0;0.6667;0.0;0.0;4.0;1.0;1.0;0
org.apache.poi.hpsf.Util;15.0;1.0;0.0;6.0;34.0;105.0;6.0;0.0;14.0;1.0714;332.0;0.0;0.0;0.0;0.103;0.0;0.0;21.0667;6.0;1.9333333333333333;1
org.apache.poi.hssf.record.DefaultColWidthRecord;11.0;2.0;0.0;6.0;20.0;43.0;2.0;4.0;9.0;0.8;102.0;0.5;0.0;0.5263;0.3091;1.0;5.0;8.0909;2.0;1.0909090909090908;1
org.apache.poi.hssf.usermodel.HSSFSheet;103.0;1.0;0.0;48.0;306.0;0.0;15.0;35.0;88.0;0.9308;1862.0;0.4118;3.0;0.0;0.1254;0.0;0.0;16.9126;18.0;1.796116504854369;19
org.apache.poi.hpsf.NoPropertySetStreamException;4.0;4.0;0.0;4.0;8.0;6.0;3.0;1.0;4.0;2.0;20.0;0.0;0.0;1.0;0.6667;0.0;0.0;4.0;1.0;1.0;0
org.apache.poi.ddf.EscherBlipRecord;6.0;2.0;2.0;10.0;25.0;3.0;5.0;5.0;6.0;1.04;154.0;0.4;0.0;0.7917;0.4;1.0;5.0;23.8333;1.0;1.0;3
org.apache.poi.hssf.usermodel.HSSFWorkbook;66.0;1.0;0.0;55.0;252.0;165.0;15.0;41.0;52.0;0.9316;2292.0;0.4444;4.0;0.0;0.1282;0.0;0.0;33.4545;32.0;2.4545454545454546;14
org.apache.poi.hssf.record.DefaultRowHeightRecord;13.0;2.0;0.0;6.0;22.0;56.0;2.0;4.0;11.0;0.75;137.0;0.6667;0.0;0.4762;0.3077;1.0;5.0;9.3077;2.0;1.0769230769230769;1
org.apache.poi.hssf.record.formula.RangePtg;9.0;3.0;0.0;4.0;13.0;36.0;1.0;3.0;9.0;1.125;58.0;0.0;0.0;0.7083;0.2593;1.0;7.0;5.3333;1.0;1.0;0
org.apache.poi.util.FixedField;4.0;1.0;0.0;5.0;4.0;6.0;4.0;1.0;4.0;2.0;4.0;0.0;0.0;0.0;0.5833;0.0;0.0;0.0;1.0;1.0;0
org.apache.poi.hssf.record.FormulaRecord;37.0;2.0;0.0;16.0;79.0;436.0;7.0;9.0;34.0;0.8571;810.0;0.9286;3.0;0.2222;0.1376;1.0;5.0;20.5135;7.0;1.945945945945946;4
org.apache.poi.hssf.record.AxisOptionsRecord;43.0;2.0;0.0;9.0;59.0;305.0;2.0;7.0;41.0;0.8677;794.0;0.9444;8.0;0.1961;0.2519;1.0;5.0;17.0465;2.0;1.0232558139534884;1
org.apache.poi.hpsf.wellknown.PropertyIDMap;7.0;3.0;0.0;1.0;18.0;21.0;1.0;0.0;7.0;1.1491;301.0;0.0526;2.0;0.9153;0.2245;1.0;2.0;36.5714;2.0;1.2857142857142858;0
org.apache.poi.hssf.record.NumberFormatIndexRecord;11.0;2.0;0.0;5.0;22.0;35.0;0.0;5.0;9.0;0.8;122.0;0.5;0.0;0.5263;0.3091;1.0;5.0;9.9091;2.0;1.0909090909090908;1
org.apache.poi.hssf.record.formula.ReferencePtg;21.0;2.0;5.0;16.0;42.0;38.0;10.0;7.0;20.0;0.6857;318.0;0.8571;3.0;0.4333;0.1964;1.0;8.0;13.8095;3.0;1.1904761904761905;1
org.apache.poi.hssf.record.SSTRecordHeader;2.0;1.0;0.0;3.0;5.0;0.0;1.0;2.0;2.0;0.0;88.0;0.0;0.0;0.0;0.75;0.0;0.0;42.0;1.0;1.0;0
org.apache.poi.hssf.record.TabIdRecord;10.0;2.0;0.0;6.0;20.0;33.0;2.0;4.0;8.0;0.7778;166.0;0.0;0.0;0.5556;0.2667;1.0;5.0;15.4;2.0;1.4;1
org.apache.poi.poifs.storage.BlockList;4.0;1.0;0.0;6.0;4.0;6.0;5.0;2.0;4.0;2.0;4.0;0.0;0.0;0.0;0.6667;0.0;0.0;0.0;1.0;1.0;1
org.apache.poi.hssf.record.RecalcIdRecord;12.0;2.0;0.0;5.0;22.0;42.0;1.0;4.0;10.0;0.7879;182.0;0.3333;0.0;0.5;0.2262;1.0;5.0;13.9167;2.0;1.3333333333333333;1
org.apache.poi.util.IntMapper;7.0;1.0;0.0;4.0;18.0;0.0;4.0;0.0;7.0;0.6111;75.0;1.0;0.0;0.0;0.5238;0.0;0.0;9.2857;2.0;1.1428571428571428;1
org.apache.poi.hssf.usermodel.HSSFAnchor;12.0;1.0;2.0;18.0;13.0;42.0;18.0;0.0;12.0;0.8182;62.0;0.0;0.0;0.0;0.7083;0.0;0.0;3.8333;1.0;1.0;0
org.apache.poi.hssf.usermodel.HSSFPolygon;8.0;2.0;0.0;7.0;9.0;14.0;5.0;2.0;6.0;0.7857;73.0;0.0;0.0;0.6957;0.325;0.0;0.0;7.625;2.0;1.125;0
org.apache.poi.hssf.model.DrawingManager;7.0;1.0;0.0;3.0;30.0;0.0;0.0;3.0;4.0;0.3333;212.0;0.0;1.0;0.0;0.4762;0.0;0.0;29.0;7.0;2.2857142857142856;0
org.apache.poi.hssf.record.formula.AreaErrPtg;6.0;3.0;0.0;4.0;31.0;13.0;1.0;3.0;5.0;1.2;194.0;0.0;0.0;0.9091;0.3333;2.0;4.0;31.1667;1.0;1.0;0
org.apache.poi.util.ShortList;25.0;1.0;0.0;0.0;29.0;0.0;0.0;0.0;24.0;0.3889;629.0;1.0;0.0;0.0;0.3133;1.0;1.0;24.04;9.0;2.72;1
org.apache.poi.hssf.record.formula.ParenthesisPtg;10.0;3.0;0.0;6.0;14.0;45.0;3.0;3.0;10.0;1.1111;52.0;0.5;0.0;0.68;0.25;1.0;7.0;4.0;1.0;1.0;0
org.apache.poi.hssf.usermodel.DummyGraphics2d;85.0;3.0;0.0;0.0;182.0;0.0;0.0;0.0;85.0;0.5;2891.0;0.5;0.0;0.5145;0.0755;2.0;20.0;32.9882;1.0;1.0;0
org.apache.poi.hssf.record.HCenterRecord;11.0;2.0;0.0;8.0;20.0;35.0;4.0;4.0;9.0;0.8;113.0;0.5;0.0;0.5263;0.2576;1.0;5.0;9.0909;2.0;1.2727272727272727;1
org.apache.poi.hssf.record.GutsRecord;17.0;2.0;0.0;6.0;26.0;94.0;2.0;4.0;15.0;0.7625;207.0;0.8;0.0;0.4;0.3059;1.0;5.0;10.8824;2.0;1.0588235294117647;1
org.apache.poi.util.IntList;27.0;1.0;0.0;4.0;31.0;0.0;4.0;0.0;25.0;0.5096;683.0;1.0;0.0;0.0;0.3704;1.0;1.0;24.1481;9.0;2.740740740740741;1
