org.apache.poi.hssf.record.LineFormatRecord;25.0;2.0;0.0;6.0;44.0;128.0;1.0;5.0;23.0;0.9489;427.0;0.3636;3.0;0.3333;0.352;1.0;6.0;15.2;2.0;1.04;1
org.apache.poi.hssf.record.formula.FormulaUtil;20.0;1.0;0.0;8.0;39.0;190.0;1.0;7.0;13.0;2.0;432.0;0.0;0.0;0.0;0.2;0.0;0.0;20.6;6.0;1.75;0
org.apache.poi.hssf.record.formula.AttrPtg;20.0;2.0;0.0;4.0;32.0;138.0;1.0;4.0;20.0;0.8469;336.0;0.9091;7.0;0.28;0.225;1.0;2.0;15.25;1.0;1.0;6
org.apache.poi.hssf.record.BlankRecord;22.0;2.0;0.0;8.0;34.0;213.0;4.0;4.0;20.0;0.75;330.0;0.75;0.0;0.3667;0.3106;1.0;6.0;13.8182;7.0;2.0;1
org.apache.poi.hssf.record.RKRecord;23.0;2.0;0.0;8.0;44.0;235.0;2.0;6.0;21.0;0.9242;377.0;0.4444;0.0;0.3548;0.2899;1.0;5.0;15.0;6.0;1.608695652173913;1
org.apache.poi.hssf.record.DeltaRecord;11.0;2.0;0.0;5.0;22.0;49.0;2.0;3.0;9.0;0.9333;104.0;0.3333;0.0;0.5789;0.4182;1.0;6.0;8.1818;2.0;1.0909090909090908;1
org.apache.poi.hssf.record.UnicodeString;22.0;2.0;0.0;5.0;38.0;159.0;2.0;3.0;18.0;0.7024;323.0;0.75;0.0;0.3667;0.2662;2.0;6.0;13.5;6.0;1.5909090909090908;3
org.apache.poi.hssf.record.LinkedDataRecord;21.0;2.0;0.0;6.0;38.0;122.0;1.0;5.0;19.0;0.94;332.0;0.4;1.0;0.3793;0.3016;1.0;6.0;14.0952;2.0;1.0476190476190477;1
org.apache.poi.hpsf.MarkUnsupportedException;4.0;4.0;0.0;3.0;8.0;6.0;2.0;1.0;4.0;2.0;20.0;0.0;0.0;1.0;0.6667;0.0;0.0;4.0;1.0;1.0;1
org.apache.poi.hssf.record.AxisRecord;19.0;2.0;0.0;4.0;33.0;119.0;0.0;4.0;17.0;0.9012;282.0;0.5556;0.0;0.4074;0.4605;1.0;6.0;13.3684;2.0;1.0526315789473684;1
org.apache.poi.poifs.storage.HeaderBlockReader;7.0;1.0;0.0;6.0;20.0;9.0;2.0;4.0;7.0;0.8333;173.0;1.0;5.0;0.0;0.5714;0.0;0.0;22.8571;2.0;1.1428571428571428;1
org.apache.poi.hssf.record.ExtSSTInfoSubRecord;13.0;2.0;0.0;3.0;24.0;64.0;1.0;2.0;11.0;0.8333;142.0;0.75;0.0;0.5238;0.5;1.0;6.0;9.6154;1.0;1.0;2
org.apache.poi.hssf.record.formula.ValueReferencePtg;14.0;2.0;0.0;4.0;24.0;37.0;2.0;3.0;14.0;0.8333;151.0;0.8333;2.0;0.3684;0.375;1.0;2.0;9.3571;1.0;1.0;0
org.apache.poi.util.ShortField;11.0;1.0;0.0;5.0;21.0;9.0;2.0;3.0;11.0;0.25;92.0;1.0;0.0;0.0;0.4545;0.0;0.0;7.1818;1.0;1.0;0
org.apache.poi.hssf.record.InterfaceHdrRecord;11.0;2.0;0.0;5.0;21.0;49.0;2.0;3.0;9.0;0.9333;105.0;0.3333;0.0;0.5789;0.5227;1.0;6.0;8.2727;2.0;1.0909090909090908;0
org.apache.poi.poifs.common.POIFSConstants;0.0;1.0;0.0;0.0;0.0;0.0;0.0;0.0;0.0;2.0;4.0;0.0;0.0;0.0;0.0;0.0;0.0;0.0;0.0;0.0;0
org.apache.poi.hssf.record.UnitsRecord;11.0;2.0;0.0;5.0;22.0;43.0;1.0;4.0;9.0;0.85;115.0;0.5;0.0;0.5789;0.5227;1.0;6.0;9.2727;2.0;1.0909090909090908;1
org.apache.poi.poifs.property.Child;4.0;1.0;0.0;3.0;4.0;6.0;3.0;0.0;4.0;2.0;4.0;0.0;0.0;0.0;0.75;0.0;0.0;0.0;1.0;1.0;0
org.apache.poi.hssf.dev.HSSF;4.0;1.0;0.0;10.0;49.0;0.0;0.0;10.0;4.0;0.0;484.0;1.0;2.0;0.0;0.5625;0.0;0.0;119.0;8.0;2.75;2
org.apache.poi.hssf.record.formula.SubtractPtg;8.0;2.0;0.0;4.0;13.0;28.0;3.0;2.0;8.0;1.1429;56.0;0.0;0.0;0.5385;0.4063;1.0;2.0;5.75;1.0;1.0;4
org.apache.poi.hpsf.DocumentSummaryInformation;16.0;3.0;0.0;4.0;27.0;120.0;1.0;3.0;16.0;2.0;105.0;0.0;0.0;0.625;0.5313;0.0;0.0;5.5625;1.0;1.0;2
org.apache.poi.hssf.record.RecordFormatException;1.0;4.0;0.0;99.0;2.0;0.0;99.0;0.0;1.0;2.0;5.0;0.0;0.0;1.0;1.0;0.0;0.0;4.0;1.0;1.0;0
org.apache.poi.hssf.record.formula.DividePtg;8.0;2.0;0.0;4.0;13.0;28.0;3.0;2.0;8.0;1.1429;56.0;0.0;0.0;0.5385;0.4063;1.0;2.0;5.75;1.0;1.0;4
org.apache.poi.poifs.filesystem.POIFSDocument;16.0;1.0;0.0;20.0;55.0;0.0;9.0;14.0;14.0;0.5;453.0;1.0;3.0;0.0;0.1989;0.0;0.0;27.0625;6.0;1.375;0
org.apache.poi.hssf.record.formula.ExpPtg;5.0;2.0;0.0;1.0;6.0;10.0;1.0;1.0;5.0;1.25;18.0;0.5;0.0;0.7;0.6;1.0;2.0;2.2;1.0;1.0;5
org.apache.poi.hpsf.Section;10.0;1.0;0.0;6.0;22.0;27.0;2.0;4.0;8.0;0.8095;222.0;1.0;2.0;0.0;0.5;0.0;0.0;20.5;4.0;1.8;6
org.apache.poi.hpsf.HPSFException;5.0;3.0;3.0;3.0;7.0;4.0;3.0;0.0;5.0;0.5;29.0;1.0;0.0;0.9444;0.6;0.0;0.0;4.6;1.0;1.0;1
org.apache.poi.hssf.record.InterfaceEndRecord;9.0;2.0;0.0;5.0;17.0;36.0;2.0;3.0;7.0;1.125;70.0;0.0;0.0;0.6471;0.5556;1.0;6.0;6.6667;2.0;1.1111111111111112;0
org.apache.poi.hssf.record.BoundSheetRecord;19.0;2.0;0.0;7.0;34.0;141.0;3.0;4.0;17.0;0.8148;251.0;0.8333;0.0;0.4074;0.307;1.0;6.0;11.8947;2.0;1.0526315789473684;3
org.apache.poi.hssf.record.RkRec;1.0;1.0;0.0;1.0;2.0;0.0;1.0;0.0;0.0;2.0;6.0;0.0;0.0;0.0;1.0;0.0;0.0;3.0;1.0;1.0;0
org.apache.poi.poifs.filesystem.POIFSDocumentPath;9.0;1.0;0.0;10.0;20.0;0.0;10.0;0.0;9.0;0.25;294.0;1.0;0.0;0.0;0.3111;1.0;1.0;31.4444;7.0;2.2222222222222223;0
org.apache.poi.hssf.record.aggregates.RowRecordsAggregate;14.0;2.0;0.0;4.0;33.0;35.0;1.0;3.0;12.0;0.6731;183.0;0.0;0.0;0.4583;0.2976;1.0;5.0;11.7857;5.0;1.6428571428571428;3
org.apache.poi.poifs.filesystem.POIFSWriterEvent;5.0;1.0;0.0;5.0;6.0;2.0;3.0;2.0;4.0;0.75;36.0;1.0;2.0;0.0;0.36;0.0;0.0;5.4;1.0;1.0;0
org.apache.poi.hssf.record.SelectionRecord;19.0;2.0;0.0;5.0;29.0;141.0;2.0;3.0;17.0;0.8651;264.0;0.8571;0.0;0.4074;0.3684;1.0;6.0;12.5263;2.0;1.0526315789473684;1
org.apache.poi.poifs.property.Property;30.0;1.0;3.0;18.0;57.0;257.0;13.0;5.0;16.0;0.9584;671.0;1.0;14.0;0.0;0.2;0.0;0.0;20.2333;3.0;1.2666666666666666;1
org.apache.poi.util.POILogger;25.0;1.0;0.0;7.0;53.0;28.0;5.0;2.0;21.0;0.8958;832.0;0.1667;0.0;0.0;0.4857;0.0;0.0;32.04;17.0;3.16;0
org.apache.poi.util.POILogFactory;4.0;1.0;0.0;7.0;13.0;4.0;4.0;3.0;2.0;0.3333;46.0;1.0;0.0;0.0;0.3333;0.0;0.0;10.0;2.0;1.25;0
org.apache.poi.hpsf.Variant;1.0;1.0;0.0;0.0;2.0;0.0;0.0;0.0;1.0;2.0;51.0;0.0;0.0;0.0;1.0;0.0;0.0;3.0;1.0;1.0;3
org.apache.poi.hssf.record.ContinueRecord;13.0;2.0;0.0;4.0;27.0;72.0;1.0;3.0;10.0;0.9167;217.0;0.5;0.0;0.5238;0.5192;1.0;5.0;15.5385;4.0;1.3076923076923077;2
org.apache.poi.hssf.util.HSSFColor;5.0;1.0;40.0;40.0;46.0;10.0;40.0;38.0;5.0;1.25;288.0;1.0;0.0;0.0;0.8;0.0;0.0;56.4;1.0;1.0;1
org.apache.poi.hssf.record.ExtendedFormatRecord;96.0;2.0;0.0;9.0;117.0;3214.0;5.0;4.0;93.0;0.9812;1476.0;0.4831;34.0;0.1068;0.3137;1.0;6.0;13.4479;3.0;1.03125;1
org.apache.poi.hssf.record.RowRecord;36.0;2.0;0.0;10.0;52.0;366.0;6.0;4.0;34.0;0.8653;619.0;0.9286;5.0;0.25;0.2824;1.0;6.0;15.8056;4.0;1.2222222222222223;1
org.apache.poi.hssf.record.CalcCountRecord;11.0;2.0;0.0;5.0;21.0;49.0;2.0;3.0;9.0;0.85;104.0;0.5;0.0;0.5789;0.5227;1.0;6.0;8.2727;2.0;1.0909090909090908;1
org.apache.poi.hpsf.NoSingleSectionException;4.0;5.0;0.0;2.0;8.0;6.0;1.0;1.0;4.0;2.0;20.0;0.0;0.0;1.0;0.6667;0.0;0.0;4.0;1.0;1.0;1
org.apache.poi.poifs.storage.RawDataBlock;3.0;1.0;0.0;6.0;10.0;0.0;5.0;1.0;3.0;0.25;78.0;1.0;0.0;0.0;0.6667;0.0;0.0;24.3333;1.0;1.0;1
org.apache.poi.hssf.record.RefModeRecord;11.0;2.0;0.0;5.0;21.0;49.0;2.0;3.0;9.0;0.975;106.0;0.25;0.0;0.5789;0.5227;1.0;6.0;8.2727;2.0;1.0909090909090908;1
org.apache.poi.hssf.record.SeriesChartGroupIndexRecord;11.0;2.0;0.0;4.0;22.0;43.0;0.0;4.0;9.0;0.85;115.0;0.5;0.0;0.5789;0.5227;1.0;6.0;9.2727;2.0;1.0909090909090908;1
org.apache.poi.hssf.record.FormatRecord;15.0;2.0;0.0;6.0;28.0;85.0;2.0;4.0;13.0;0.8143;207.0;0.8;0.0;0.4783;0.3222;1.0;6.0;12.4667;2.0;1.0666666666666667;3
org.apache.poi.hssf.record.IterationRecord;11.0;2.0;0.0;5.0;21.0;43.0;2.0;3.0;9.0;0.85;114.0;0.5;0.0;0.5789;0.4182;1.0;6.0;9.1818;2.0;1.2727272727272727;1
org.apache.poi.hssf.record.DimensionsRecord;17.0;2.0;0.0;5.0;29.0;110.0;2.0;3.0;15.0;0.8333;230.0;0.8333;0.0;0.44;0.4706;1.0;6.0;12.1765;2.0;1.0588235294117647;1
org.apache.poi.hssf.record.SaveRecalcRecord;11.0;2.0;0.0;5.0;21.0;43.0;2.0;3.0;9.0;0.85;113.0;0.5;0.0;0.5789;0.4182;1.0;6.0;9.0909;2.0;1.2727272727272727;1
org.apache.poi.hpsf.PropertySet;21.0;1.0;1.0;14.0;53.0;176.0;4.0;10.0;16.0;0.725;351.0;0.75;4.0;0.0;0.3625;0.0;0.0;15.3333;4.0;1.2380952380952381;3
org.apache.poi.poifs.storage.PropertyBlock;3.0;2.0;0.0;5.0;9.0;1.0;1.0;4.0;1.0;0.75;103.0;1.0;1.0;0.6;0.4;1.0;1.0;32.6667;3.0;2.0;0
org.apache.poi.poifs.filesystem.Entry;6.0;1.0;0.0;5.0;6.0;15.0;5.0;1.0;6.0;2.0;6.0;0.0;0.0;0.0;0.5833;0.0;0.0;0.0;1.0;1.0;0
org.apache.poi.hssf.record.RecordFactory;8.0;1.0;0.0;14.0;60.0;16.0;4.0;10.0;5.0;0.9899;1211.0;0.0423;0.0;0.0;0.1429;0.0;0.0;141.5;67.0;10.625;3
org.apache.poi.poifs.filesystem.BATManaged;2.0;1.0;0.0;5.0;2.0;1.0;5.0;0.0;2.0;2.0;2.0;0.0;0.0;0.0;0.75;0.0;0.0;0.0;1.0;1.0;0
org.apache.poi.hssf.record.aggregates.ValueRecordsAggregate;13.0;2.0;0.0;4.0;30.0;34.0;1.0;3.0;11.0;0.75;191.0;0.0;0.0;0.4783;0.2949;1.0;5.0;13.3077;6.0;1.7692307692307692;4
org.apache.poi.hssf.model.Sheet;77.0;1.0;0.0;48.0;275.0;1964.0;4.0;44.0;45.0;0.8889;2197.0;0.8333;8.0;0.0;0.1081;0.0;0.0;27.2987;17.0;1.8831168831168832;20
org.apache.poi.poifs.filesystem.DocumentEntry;1.0;1.0;0.0;7.0;1.0;0.0;6.0;1.0;1.0;2.0;1.0;0.0;0.0;0.0;1.0;0.0;0.0;0.0;1.0;1.0;0
org.apache.poi.hpsf.littleendian.ClassID;3.0;2.0;0.0;7.0;8.0;3.0;3.0;4.0;3.0;1.5;168.0;0.0;0.0;0.6;0.7778;1.0;4.0;54.6667;4.0;2.0;0
org.apache.poi.hpsf.littleendian.Byte;2.0;2.0;0.0;2.0;3.0;1.0;1.0;1.0;2.0;2.0;10.0;0.0;0.0;0.75;0.6667;1.0;1.0;3.5;1.0;1.0;0
org.apache.poi.hpsf.HPSFRuntimeException;5.0;4.0;1.0;1.0;7.0;4.0;1.0;0.0;5.0;0.5;29.0;1.0;0.0;0.9444;0.6;0.0;0.0;4.6;1.0;1.0;1
org.apache.poi.hssf.usermodel.HSSFDataFormat;6.0;1.0;0.0;1.0;12.0;0.0;1.0;0.0;5.0;0.2;266.0;1.0;0.0;0.0;0.1667;0.0;0.0;43.1667;5.0;2.1666666666666665;4
org.apache.poi.util.LittleEndian;31.0;1.0;0.0;116.0;38.0;463.0;114.0;2.0;27.0;0.8667;340.0;1.0;0.0;0.0;0.2037;0.0;0.0;9.871;2.0;1.1612903225806452;3
org.apache.poi.hssf.eventmodel.HSSFEventFactory;3.0;1.0;0.0;9.0;12.0;3.0;2.0;7.0;3.0;2.0;121.0;0.0;0.0;0.0;0.5833;0.0;0.0;39.3333;1.0;1.0;2
org.apache.poi.hpsf.wellknown.SectionIDMap;8.0;3.0;0.0;3.0;15.0;26.0;2.0;1.0;7.0;0.8571;217.0;0.25;1.0;0.9;0.3429;1.0;1.0;25.625;3.0;1.375;1
org.apache.poi.hssf.record.MergeCellsRecord;14.0;2.0;0.0;6.0;30.0;43.0;3.0;4.0;12.0;0.7179;346.0;0.6667;0.0;0.5;0.5179;1.0;6.0;23.5;2.0;1.3571428571428572;1
org.apache.poi.hssf.record.SeriesLabelsRecord;23.0;2.0;0.0;5.0;39.0;0.0;0.0;5.0;21.0;0.7443;385.0;0.875;6.0;0.3548;0.3565;1.0;6.0;15.3913;2.0;1.0434782608695652;1
org.apache.poi.hssf.record.PlotGrowthRecord;13.0;2.0;0.0;5.0;25.0;56.0;1.0;4.0;11.0;0.8056;156.0;0.6667;0.0;0.5238;0.5;1.0;6.0;10.7692;2.0;1.0769230769230769;1
org.apache.poi.hssf.record.WindowProtectRecord;11.0;2.0;0.0;5.0;21.0;43.0;2.0;3.0;9.0;0.85;115.0;0.5;0.0;0.5789;0.4182;1.0;6.0;9.2727;2.0;1.2727272727272727;0
org.apache.poi.hssf.record.formula.UnknownPtg;5.0;2.0;0.0;1.0;6.0;10.0;0.0;1.0;5.0;1.0;18.0;1.0;0.0;0.7;0.6;1.0;2.0;2.4;1.0;1.0;3
org.apache.poi.poifs.property.RootProperty;3.0;3.0;0.0;8.0;10.0;3.0;6.0;2.0;1.0;2.0;27.0;0.0;0.0;0.9714;0.6667;1.0;1.0;8.0;1.0;1.0;0
org.apache.poi.hssf.record.FnGroupCountRecord;11.0;2.0;0.0;5.0;21.0;49.0;2.0;3.0;9.0;0.9333;104.0;0.3333;0.0;0.5789;0.5227;1.0;6.0;8.1818;2.0;1.0909090909090908;0
org.apache.poi.poifs.storage.SmallDocumentBlockList;1.0;2.0;0.0;4.0;4.0;0.0;1.0;3.0;1.0;2.0;11.0;0.0;0.0;1.0;1.0;0.0;0.0;10.0;1.0;1.0;0
org.apache.poi.hssf.dev.BiffViewer;9.0;1.0;0.0;93.0;123.0;32.0;0.0;93.0;5.0;0.75;1078.0;0.5;0.0;0.0;0.254;0.0;0.0;118.5556;89.0;11.333333333333334;4
org.apache.poi.hpsf.littleendian.LittleEndian;4.0;1.0;4.0;4.0;5.0;4.0;4.0;0.0;4.0;0.3333;46.0;1.0;0.0;0.0;0.6667;0.0;0.0;10.25;2.0;1.25;0
org.apache.poi.poifs.storage.SmallDocumentBlock;12.0;1.0;0.0;8.0;25.0;24.0;6.0;2.0;8.0;0.8636;319.0;1.0;0.0;0.0;0.2143;0.0;0.0;25.25;3.0;1.4166666666666667;0
org.apache.poi.hssf.record.DataFormatRecord;19.0;2.0;0.0;6.0;35.0;93.0;1.0;5.0;17.0;0.7963;283.0;0.8333;1.0;0.4074;0.3684;1.0;6.0;13.5789;2.0;1.0526315789473684;1
org.apache.poi.poifs.storage.RawDataBlockList;1.0;2.0;0.0;7.0;8.0;0.0;4.0;3.0;1.0;2.0;30.0;0.0;0.0;1.0;1.0;0.0;0.0;29.0;1.0;1.0;0
org.apache.poi.hssf.record.BarRecord;23.0;2.0;0.0;6.0;39.0;39.0;1.0;5.0;21.0;0.7727;380.0;0.875;4.0;0.3548;0.3565;1.0;6.0;15.1739;2.0;1.0434782608695652;1
org.apache.poi.poifs.filesystem.DocumentInputStream;13.0;2.0;0.0;13.0;23.0;0.0;10.0;3.0;11.0;0.6429;271.0;1.0;1.0;0.45;0.2564;1.0;2.0;19.3077;2.0;1.0769230769230769;0
org.apache.poi.hssf.usermodel.HSSFCell;26.0;1.0;0.0;16.0;78.0;65.0;4.0;12.0;19.0;0.75;984.0;0.6;4.0;0.0;0.1479;0.0;0.0;36.0769;20.0;3.076923076923077;7
org.apache.poi.hssf.eventmodel.HSSFListener;1.0;1.0;0.0;6.0;1.0;0.0;5.0;1.0;1.0;2.0;1.0;0.0;0.0;0.0;1.0;0.0;0.0;0.0;1.0;1.0;0
org.apache.poi.util.HexDump;10.0;1.0;0.0;26.0;25.0;31.0;26.0;0.0;5.0;0.5778;414.0;0.8;0.0;0.0;0.2063;0.0;0.0;39.9;2.0;1.4;5
org.apache.poi.poifs.storage.BlockAllocationTableWriter;8.0;1.0;0.0;7.0;17.0;0.0;2.0;5.0;7.0;0.5714;135.0;1.0;2.0;0.0;0.4583;0.0;0.0;15.5;3.0;1.5;0
org.apache.poi.hssf.record.BackupRecord;11.0;2.0;0.0;6.0;21.0;49.0;3.0;3.0;9.0;0.85;104.0;0.5;0.0;0.5789;0.5227;1.0;6.0;8.2727;2.0;1.0909090909090908;0
org.apache.poi.hssf.record.formula.MemErrPtg;9.0;2.0;0.0;2.0;12.0;24.0;1.0;2.0;9.0;0.9375;48.0;0.75;0.0;0.5;0.4167;1.0;2.0;3.8889;1.0;1.0;3
org.apache.poi.hssf.record.MulBlankRecord;14.0;2.0;0.0;5.0;24.0;77.0;2.0;3.0;11.0;0.8769;200.0;0.8;0.0;0.5;0.5179;1.0;5.0;12.9286;2.0;1.2142857142857142;1
org.apache.poi.poifs.dev.POIFSViewer;3.0;1.0;0.0;2.0;19.0;3.0;0.0;2.0;2.0;2.0;112.0;0.0;0.0;0.0;0.3333;0.0;0.0;36.3333;4.0;3.0;0
org.apache.poi.util.StringUtil;7.0;1.0;0.0;9.0;26.0;21.0;9.0;0.0;5.0;2.0;350.0;0.0;0.0;0.0;0.3061;0.0;0.0;49.0;10.0;3.7142857142857144;7
org.apache.poi.hssf.record.CalcModeRecord;11.0;2.0;0.0;5.0;21.0;49.0;2.0;3.0;9.0;1.0;107.0;0.2;0.0;0.5789;0.5227;1.0;6.0;8.2727;2.0;1.0909090909090908;1
org.apache.poi.hssf.usermodel.HSSFFont;20.0;1.0;0.0;5.0;39.0;0.0;3.0;2.0;19.0;0.9789;140.0;0.1333;1.0;0.0;0.2583;0.0;0.0;5.25;1.0;1.0;1
org.apache.poi.hssf.record.AreaRecord;17.0;2.0;0.0;6.0;33.0;4.0;1.0;5.0;15.0;0.7;250.0;0.8;3.0;0.44;0.3765;1.0;6.0;13.4118;2.0;1.0588235294117647;1
org.apache.poi.hssf.record.PrintGridlinesRecord;11.0;2.0;0.0;5.0;21.0;43.0;2.0;3.0;9.0;0.85;115.0;0.5;0.0;0.5789;0.4182;1.0;6.0;9.2727;2.0;1.2727272727272727;1
org.apache.poi.poifs.dev.POIFSViewable;4.0;1.0;0.0;6.0;4.0;6.0;6.0;0.0;4.0;2.0;4.0;0.0;0.0;0.0;1.0;0.0;0.0;0.0;1.0;1.0;0
org.apache.poi.hssf.record.BeginRecord;9.0;2.0;0.0;4.0;17.0;36.0;1.0;3.0;7.0;1.125;70.0;0.0;0.0;0.6471;0.5556;1.0;6.0;6.6667;2.0;1.1111111111111112;0
org.apache.poi.hpsf.Property;6.0;1.0;0.0;4.0;15.0;9.0;2.0;2.0;4.0;0.8;218.0;1.0;0.0;0.0;0.6667;0.0;0.0;34.8333;9.0;2.6666666666666665;4
org.apache.poi.poifs.property.Parent;4.0;1.0;0.0;3.0;4.0;6.0;1.0;2.0;4.0;2.0;4.0;0.0;0.0;0.0;0.5833;0.0;0.0;0.0;1.0;1.0;0
org.apache.poi.poifs.filesystem.POIFSWriterListener;1.0;1.0;0.0;7.0;1.0;0.0;6.0;1.0;1.0;2.0;1.0;0.0;0.0;0.0;1.0;0.0;0.0;0.0;1.0;1.0;0
org.apache.poi.poifs.eventfilesystem.POIFSReaderEvent;4.0;1.0;0.0;5.0;5.0;0.0;3.0;2.0;3.0;0.6667;28.0;1.0;2.0;0.0;0.4375;0.0;0.0;5.25;1.0;1.0;0
org.apache.poi.hssf.record.LabelRecord;21.0;2.0;0.0;7.0;30.0;198.0;2.0;5.0;19.0;0.9214;230.0;0.8571;0.0;0.3793;0.3619;1.0;4.0;9.619;6.0;1.7142857142857142;3
org.apache.poi.hssf.record.CategorySeriesAxisRecord;23.0;2.0;0.0;5.0;39.0;91.0;0.0;5.0;21.0;0.7955;373.0;0.875;3.0;0.3548;0.3565;1.0;6.0;14.8696;2.0;1.0434782608695652;1
org.apache.poi.poifs.filesystem.DocumentDescriptor;4.0;1.0;0.0;2.0;18.0;0.0;1.0;1.0;4.0;0.2222;129.0;1.0;1.0;0.0;0.4375;1.0;1.0;30.5;6.0;3.5;0
org.apache.poi.hssf.record.FooterRecord;13.0;2.0;0.0;6.0;25.0;66.0;2.0;4.0;11.0;0.7778;172.0;0.6667;0.0;0.5238;0.3333;1.0;6.0;12.0;3.0;1.3846153846153846;2
org.apache.poi.hssf.dev.EFBiffViewer;4.0;1.0;0.0;6.0;16.0;4.0;1.0;6.0;4.0;0.3333;82.0;0.0;0.0;0.0;0.4167;0.0;0.0;19.25;3.0;1.5;0
org.apache.poi.hssf.record.FontIndexRecord;11.0;2.0;0.0;5.0;22.0;43.0;1.0;4.0;9.0;0.85;115.0;0.5;0.0;0.5789;0.5227;1.0;6.0;9.2727;2.0;1.0909090909090908;1
org.apache.poi.hssf.record.WriteAccessRecord;11.0;2.0;0.0;6.0;29.0;43.0;2.0;4.0;9.0;0.85;154.0;0.5;0.0;0.5789;0.4182;1.0;6.0;12.8182;2.0;1.1818181818181819;1
org.apache.poi.hssf.record.formula.AreaPtg;23.0;2.0;0.0;2.0;33.0;201.0;1.0;2.0;23.0;0.8333;379.0;0.8333;0.0;0.25;0.3696;1.0;2.0;15.2174;2.0;1.2173913043478262;8
org.apache.poi.hssf.record.PrecisionRecord;11.0;2.0;0.0;5.0;21.0;43.0;2.0;3.0;9.0;0.85;115.0;0.0;0.0;0.5789;0.4182;1.0;6.0;9.2727;2.0;1.2727272727272727;0
org.apache.poi.poifs.property.PropertyTable;11.0;1.0;0.0;11.0;34.0;0.0;2.0;9.0;10.0;0.5667;209.0;1.0;1.0;0.0;0.2727;0.0;0.0;17.7273;3.0;1.2727272727272727;0
org.apache.poi.hssf.record.CodepageRecord;11.0;2.0;0.0;5.0;21.0;49.0;2.0;3.0;9.0;0.9333;105.0;0.3333;0.0;0.5789;0.5227;1.0;6.0;8.2727;2.0;1.0909090909090908;0
org.apache.poi.hssf.usermodel.HSSFColorConstants;0.0;1.0;0.0;2.0;0.0;0.0;2.0;0.0;0.0;2.0;41.0;0.0;0.0;0.0;0.0;0.0;0.0;0.0;0.0;0.0;0
org.apache.poi.hssf.usermodel.HSSFErrorConstants;0.0;1.0;0.0;0.0;0.0;0.0;0.0;0.0;0.0;2.0;7.0;0.0;0.0;0.0;0.0;0.0;0.0;0.0;0.0;0.0;0
org.apache.poi.hssf.record.BookBoolRecord;11.0;2.0;0.0;5.0;21.0;43.0;2.0;3.0;9.0;0.85;104.0;0.5;0.0;0.5789;0.5227;1.0;6.0;8.2727;2.0;1.0909090909090908;0
org.apache.poi.poifs.filesystem.DirectoryEntry;7.0;1.0;0.0;6.0;7.0;21.0;4.0;3.0;7.0;2.0;7.0;0.0;0.0;0.0;0.4;0.0;0.0;0.0;1.0;1.0;1
org.apache.poi.hssf.record.NumberRecord;24.0;2.0;0.0;10.0;39.0;252.0;6.0;4.0;22.0;0.7826;363.0;0.8;0.0;0.3438;0.2619;1.0;6.0;13.9167;7.0;1.9166666666666667;1
org.apache.poi.hssf.record.ValueRangeRecord;39.0;2.0;0.0;6.0;58.0;115.0;1.0;5.0;37.0;0.8586;695.0;0.9375;9.0;0.234;0.2778;1.0;6.0;16.4103;2.0;1.0256410256410255;0
org.apache.poi.hssf.record.formula.FormulaParser;30.0;1.0;0.0;9.0;62.0;297.0;0.0;9.0;4.0;0.659;583.0;1.0;0.0;0.0;0.3534;0.0;0.0;18.1333;5.0;1.9666666666666666;6
org.apache.poi.hssf.usermodel.HSSFCellStyle;42.0;1.0;0.0;6.0;88.0;0.0;3.0;3.0;41.0;1.0;329.0;0.0667;1.0;0.0;0.3048;0.0;0.0;5.7619;1.0;1.0;2
org.apache.poi.poifs.storage.ListManagedBlock;1.0;1.0;0.0;13.0;1.0;0.0;13.0;0.0;1.0;2.0;1.0;0.0;0.0;0.0;1.0;0.0;0.0;0.0;1.0;1.0;0
org.apache.poi.hssf.record.UnknownRecord;9.0;2.0;0.0;7.0;17.0;2.0;4.0;3.0;6.0;0.6875;145.0;0.75;0.0;0.6111;0.5278;1.0;6.0;14.6667;3.0;1.3333333333333333;3
org.apache.poi.hssf.usermodel.HSSFRow;24.0;1.0;0.0;8.0;51.0;84.0;3.0;5.0;16.0;0.6739;451.0;0.8333;3.0;0.0;0.1833;0.0;0.0;17.5417;5.0;1.8333333333333333;0
org.apache.poi.hssf.dev.EFHSSFListener;2.0;1.0;0.0;3.0;4.0;0.0;1.0;3.0;2.0;0.0;14.0;0.0;1.0;0.0;0.6667;0.0;0.0;5.5;1.0;1.0;0
org.apache.poi.hssf.record.formula.MultiplyPtg;8.0;2.0;0.0;4.0;13.0;28.0;3.0;2.0;8.0;1.1429;56.0;0.0;0.0;0.5385;0.4063;1.0;2.0;5.75;1.0;1.0;4
org.apache.poi.hssf.record.formula.NamePtg;5.0;2.0;0.0;2.0;7.0;10.0;1.0;2.0;5.0;1.1;41.0;0.8;0.0;0.7;0.6;1.0;2.0;6.2;1.0;1.0;6
org.apache.poi.hssf.record.AxisUsedRecord;11.0;2.0;0.0;4.0;22.0;43.0;0.0;4.0;9.0;0.85;115.0;0.5;0.0;0.5789;0.5227;1.0;6.0;9.2727;2.0;1.0909090909090908;1
org.apache.poi.hpsf.SummaryInformation;19.0;3.0;0.0;4.0;30.0;171.0;1.0;3.0;19.0;2.0;126.0;0.0;0.0;0.5814;0.5263;0.0;0.0;5.6316;1.0;1.0;1
org.apache.poi.hssf.record.DSFRecord;11.0;2.0;0.0;5.0;21.0;49.0;2.0;3.0;9.0;0.85;104.0;0.5;0.0;0.5789;0.5227;1.0;6.0;8.2727;2.0;1.0909090909090908;0
org.apache.poi.hssf.record.MulRKRecord;15.0;2.0;0.0;7.0;33.0;87.0;2.0;5.0;12.0;0.8714;228.0;0.8;0.0;0.4783;0.5167;1.0;5.0;13.8667;2.0;1.2;0
org.apache.poi.hssf.record.PasswordRev4Record;11.0;2.0;0.0;5.0;21.0;49.0;2.0;3.0;9.0;0.85;104.0;0.5;0.0;0.5789;0.5227;1.0;6.0;8.2727;2.0;1.0909090909090908;0
org.apache.poi.poifs.eventfilesystem.POIFSReaderListener;1.0;1.0;0.0;4.0;1.0;0.0;3.0;1.0;1.0;2.0;1.0;0.0;0.0;0.0;1.0;0.0;0.0;0.0;1.0;1.0;0
org.apache.poi.hssf.record.ExtSSTRecord;14.0;2.0;0.0;6.0;34.0;65.0;2.0;4.0;12.0;0.7949;232.0;0.6667;0.0;0.5;0.4;1.0;6.0;15.3571;2.0;1.2857142857142858;2
org.apache.poi.hssf.record.ChartRecord;17.0;2.0;0.0;5.0;29.0;94.0;1.0;4.0;15.0;0.8125;238.0;0.8;0.0;0.44;0.4706;1.0;6.0;12.7059;2.0;1.0588235294117647;1
org.apache.poi.hssf.record.VCenterRecord;11.0;2.0;0.0;6.0;21.0;43.0;3.0;3.0;9.0;0.85;115.0;0.5;0.0;0.5789;0.4182;1.0;6.0;9.2727;2.0;1.2727272727272727;1
org.apache.poi.hssf.record.BoolErrRecord;28.0;2.0;0.0;6.0;42.0;312.0;2.0;4.0;26.0;0.7963;430.0;0.8333;0.0;0.3056;0.2188;1.0;6.0;14.1429;7.0;1.9642857142857142;2
org.apache.poi.poifs.storage.DocumentBlock;9.0;2.0;0.0;4.0;17.0;0.0;2.0;2.0;7.0;0.7083;224.0;1.0;0.0;0.3333;0.2222;1.0;2.0;23.5556;3.0;1.5555555555555556;1
org.apache.poi.hssf.record.FrameRecord;17.0;2.0;0.0;6.0;33.0;40.0;1.0;5.0;15.0;0.8304;248.0;0.5714;2.0;0.44;0.3765;1.0;6.0;13.1765;2.0;1.0588235294117647;1
org.apache.poi.poifs.eventfilesystem.POIFSReader;7.0;1.0;0.0;17.0;51.0;3.0;0.0;17.0;6.0;0.0833;282.0;1.0;1.0;0.0;0.3036;0.0;0.0;39.0;6.0;2.0;0
org.apache.poi.hssf.record.GridsetRecord;11.0;2.0;0.0;5.0;21.0;43.0;2.0;3.0;9.0;0.85;115.0;0.0;0.0;0.5789;0.4182;1.0;6.0;9.2727;2.0;1.2727272727272727;1
org.apache.poi.hssf.util.RKUtil;2.0;1.0;0.0;2.0;4.0;1.0;2.0;0.0;1.0;2.0;39.0;0.0;0.0;0.0;0.5;0.0;0.0;18.5;3.0;2.0;0
org.apache.poi.poifs.property.DirectoryProperty;8.0;2.0;1.0;11.0;37.0;0.0;7.0;5.0;6.0;0.3571;277.0;1.0;0.0;0.8235;0.375;1.0;1.0;33.375;6.0;1.875;0
org.apache.poi.hssf.record.FontRecord;38.0;2.0;0.0;9.0;56.0;511.0;4.0;5.0;35.0;0.9381;601.0;0.625;4.0;0.2444;0.2394;1.0;6.0;14.1842;3.0;1.0789473684210527;2
org.apache.poi.hssf.record.LabelSSTRecord;24.0;2.0;0.0;8.0;38.0;252.0;4.0;4.0;22.0;0.7826;364.0;0.8;0.0;0.3438;0.3056;1.0;6.0;13.9583;7.0;1.9166666666666667;1
org.apache.poi.util.BitField;18.0;1.0;0.0;25.0;19.0;107.0;25.0;0.0;18.0;0.3824;170.0;1.0;0.0;0.0;0.4333;0.0;0.0;8.3333;3.0;1.3888888888888888;0
org.apache.poi.hssf.record.formula.PowerPtg;8.0;2.0;0.0;3.0;13.0;28.0;2.0;2.0;8.0;1.1429;56.0;0.0;0.0;0.5385;0.4063;1.0;2.0;5.75;1.0;1.0;5
org.apache.poi.poifs.storage.HeaderBlockConstants;0.0;1.0;0.0;2.0;0.0;0.0;2.0;0.0;0.0;2.0;9.0;0.0;0.0;0.0;0.0;0.0;0.0;0.0;0.0;0.0;1
org.apache.poi.poifs.dev.POIFSViewEngine;4.0;1.0;0.0;2.0;24.0;4.0;1.0;1.0;2.0;0.3333;146.0;1.0;0.0;0.0;0.4667;0.0;0.0;35.25;5.0;2.5;0
org.apache.poi.hssf.record.DBCellRecord;15.0;2.0;0.0;6.0;28.0;79.0;3.0;3.0;13.0;0.7857;249.0;0.6667;0.0;0.4783;0.4833;1.0;6.0;15.4;3.0;1.4;2
org.apache.poi.hssf.record.AreaFormatRecord;25.0;2.0;0.0;6.0;44.0;164.0;1.0;5.0;23.0;0.8287;410.0;0.8889;2.0;0.3333;0.352;1.0;6.0;15.04;2.0;1.04;1
org.apache.poi.hssf.record.UseSelFSRecord;11.0;2.0;0.0;5.0;21.0;49.0;2.0;3.0;9.0;0.975;106.0;0.25;0.0;0.5789;0.5227;1.0;6.0;8.2727;2.0;1.0909090909090908;0
org.apache.poi.hssf.record.DatRecord;19.0;2.0;0.0;6.0;35.0;0.0;1.0;5.0;17.0;0.713;295.0;0.8333;4.0;0.4074;0.3684;1.0;6.0;14.2105;2.0;1.0526315789473684;1
org.apache.poi.hssf.dev.FormulaViewer;6.0;1.0;0.0;7.0;32.0;13.0;0.0;7.0;6.0;0.6;233.0;1.0;0.0;0.0;0.375;0.0;0.0;37.6667;4.0;1.8333333333333333;5
org.apache.poi.hssf.record.SSTRecord;38.0;2.0;0.0;8.0;84.0;349.0;3.0;5.0;18.0;0.8883;1625.0;0.9333;1.0;0.2391;0.2434;2.0;7.0;41.3684;13.0;2.4473684210526314;5
org.apache.poi.poifs.property.PropertyConstants;0.0;1.0;0.0;0.0;0.0;0.0;0.0;0.0;0.0;2.0;4.0;0.0;0.0;0.0;0.0;0.0;0.0;0.0;0.0;0.0;0
org.apache.poi.hssf.model.Workbook;60.0;1.0;0.0;39.0;191.0;1328.0;5.0;34.0;24.0;0.9019;2414.0;0.9286;2.0;0.0;0.1864;0.0;0.0;39.0;10.0;1.5;14
org.apache.poi.hssf.dev.EFHSSF;6.0;1.0;0.0;17.0;45.0;5.0;1.0;17.0;6.0;0.55;243.0;0.0;2.0;0.0;0.375;0.0;0.0;38.8333;11.0;3.0;0
org.apache.poi.poifs.property.DocumentProperty;7.0;2.0;0.0;6.0;14.0;9.0;5.0;2.0;5.0;0.5;48.0;1.0;1.0;0.8485;0.3429;0.0;0.0;5.7143;1.0;1.0;0
org.apache.poi.hpsf.SpecialPropertySet;10.0;2.0;2.0;7.0;20.0;0.0;2.0;5.0;10.0;0.0;53.0;1.0;1.0;0.64;0.55;1.0;2.0;4.2;1.0;1.0;1
org.apache.poi.hpsf.Util;6.0;1.0;0.0;2.0;8.0;15.0;2.0;0.0;6.0;1.2;137.0;0.0;0.0;0.0;0.3333;0.0;0.0;21.6667;4.0;2.1666666666666665;4
org.apache.poi.hpsf.littleendian.DWord;3.0;2.0;0.0;6.0;4.0;3.0;5.0;1.0;3.0;1.5;38.0;0.0;0.0;0.6;0.5556;1.0;1.0;11.3333;2.0;1.3333333333333333;0
org.apache.poi.hssf.record.DefaultColWidthRecord;11.0;2.0;0.0;5.0;21.0;49.0;2.0;3.0;9.0;0.85;104.0;0.5;0.0;0.5789;0.5227;1.0;6.0;8.2727;2.0;1.0909090909090908;1
org.apache.poi.poifs.filesystem.DocumentOutputStream;8.0;2.0;0.0;3.0;15.0;4.0;3.0;0.0;5.0;0.4286;90.0;1.0;0.0;0.4167;0.425;1.0;1.0;9.875;1.0;1.0;0
org.apache.poi.poifs.storage.BATBlock;11.0;2.0;0.0;6.0;16.0;43.0;4.0;2.0;7.0;0.9167;220.0;1.0;1.0;0.25;0.2955;1.0;2.0;18.4545;5.0;1.7272727272727273;0
org.apache.poi.hssf.usermodel.HSSFSheet;49.0;1.0;0.0;16.0;121.0;0.0;3.0;13.0;39.0;0.8542;636.0;0.7778;3.0;0.0;0.1496;0.0;0.0;11.7959;5.0;1.346938775510204;4
org.apache.poi.hssf.record.IndexRecord;17.0;2.0;0.0;6.0;35.0;104.0;2.0;4.0;15.0;0.8839;291.0;0.0;1.0;0.44;0.4853;1.0;6.0;15.7059;2.0;1.3529411764705883;2
org.apache.poi.hpsf.NoPropertySetStreamException;4.0;4.0;0.0;3.0;8.0;6.0;2.0;1.0;4.0;2.0;20.0;0.0;0.0;1.0;0.6667;0.0;0.0;4.0;1.0;1.0;1
org.apache.poi.util.LittleEndianConsts;0.0;1.0;0.0;1.0;0.0;0.0;1.0;0.0;0.0;2.0;5.0;0.0;0.0;0.0;0.0;0.0;0.0;0.0;0.0;0.0;0
org.apache.poi.hssf.record.MMSRecord;13.0;2.0;0.0;5.0;22.0;66.0;2.0;3.0;11.0;0.8056;138.0;0.6667;0.0;0.5238;0.4;1.0;6.0;9.3846;2.0;1.0769230769230769;0
org.apache.poi.hssf.record.WindowTwoRecord;47.0;2.0;0.0;7.0;63.0;193.0;3.0;4.0;45.0;0.8793;854.0;0.95;12.0;0.2;0.3277;1.0;6.0;16.7447;3.0;1.0638297872340425;1
org.apache.poi.hpsf.UnexpectedPropertySetTypeException;4.0;4.0;0.0;4.0;8.0;6.0;3.0;1.0;4.0;2.0;20.0;0.0;0.0;1.0;0.6667;0.0;0.0;4.0;1.0;1.0;1
org.apache.poi.poifs.storage.BlockAllocationTableReader;7.0;1.0;0.0;10.0;29.0;1.0;5.0;6.0;1.0;0.0;256.0;1.0;1.0;0.0;0.5143;0.0;0.0;35.4286;2.0;1.1428571428571428;0
org.apache.poi.hssf.record.HeaderRecord;13.0;2.0;0.0;6.0;25.0;66.0;2.0;4.0;11.0;0.7778;173.0;0.6667;0.0;0.5238;0.3333;1.0;6.0;12.0769;3.0;1.3846153846153846;2
org.apache.poi.hssf.usermodel.HSSFWorkbook;28.0;1.0;0.0;18.0;86.0;0.0;2.0;16.0;24.0;0.7778;572.0;0.6667;2.0;0.0;0.1811;0.0;0.0;19.2143;5.0;1.6428571428571428;12
org.apache.poi.hssf.record.HideObjRecord;11.0;2.0;0.0;5.0;21.0;49.0;2.0;3.0;9.0;1.0;107.0;0.2;0.0;0.5789;0.5227;1.0;6.0;8.2727;2.0;1.0909090909090908;0
org.apache.poi.hssf.record.WindowOneRecord;38.0;2.0;0.0;6.0;52.0;479.0;2.0;4.0;35.0;0.8986;534.0;0.9375;6.0;0.2444;0.3351;1.0;6.0;12.6316;2.0;1.0263157894736843;0
org.apache.poi.hssf.record.DefaultRowHeightRecord;13.0;2.0;0.0;5.0;23.0;66.0;2.0;3.0;11.0;0.8056;138.0;0.6667;0.0;0.5238;0.5;1.0;6.0;9.3846;2.0;1.0769230769230769;1
org.apache.poi.util.BinaryTree;57.0;2.0;0.0;15.0;87.0;1362.0;14.0;7.0;17.0;0.9271;1807.0;1.0;1.0;0.25;0.2653;1.0;7.0;30.4912;19.0;2.5964912280701755;0
org.apache.poi.hssf.record.ColumnInfoRecord;26.0;2.0;0.0;6.0;41.0;217.0;2.0;4.0;23.0;0.864;341.0;0.9;3.0;0.3333;0.352;1.0;6.0;11.7308;2.0;1.0384615384615385;1
org.apache.poi.poifs.filesystem.EntryNode;10.0;1.0;2.0;6.0;14.0;19.0;3.0;4.0;6.0;0.6111;71.0;1.0;2.0;0.0;0.325;0.0;0.0;5.9;3.0;1.4;0
org.apache.poi.poifs.eventfilesystem.POIFSReaderRegistry;6.0;1.0;0.0;4.0;22.0;0.0;1.0;3.0;0.0;0.3333;163.0;1.0;0.0;0.0;0.5;0.0;0.0;25.6667;5.0;2.5;0
org.apache.poi.hssf.record.formula.OperationPtg;3.0;1.0;0.0;11.0;3.0;3.0;10.0;1.0;3.0;1.5;6.0;0.0;0.0;0.0;0.6667;0.0;0.0;0.0;1.0;1.0;2
org.apache.poi.poifs.storage.HeaderBlockWriter;6.0;2.0;0.0;8.0;16.0;0.0;2.0;6.0;4.0;0.7714;309.0;1.0;5.0;0.375;0.5556;1.0;2.0;49.3333;4.0;1.6666666666666667;1
org.apache.poi.util.LongField;11.0;1.0;0.0;5.0;21.0;9.0;2.0;3.0;11.0;0.25;92.0;1.0;0.0;0.0;0.4545;0.0;0.0;7.1818;1.0;1.0;0
org.apache.poi.hssf.record.EndRecord;9.0;2.0;0.0;4.0;17.0;36.0;1.0;3.0;7.0;1.125;70.0;0.0;0.0;0.6471;0.5556;1.0;6.0;6.6667;2.0;1.1111111111111112;0
org.apache.poi.hssf.record.formula.IntPtg;12.0;2.0;0.0;4.0;26.0;48.0;3.0;2.0;10.0;0.8909;171.0;0.6;0.0;0.4375;0.35;1.0;2.0;12.8333;9.0;1.8333333333333333;4
org.apache.poi.hssf.record.FontBasisRecord;19.0;2.0;0.0;5.0;30.0;119.0;1.0;4.0;17.0;0.8241;279.0;0.8333;0.0;0.4074;0.4605;1.0;6.0;13.3684;2.0;1.0526315789473684;1
org.apache.poi.util.FixedField;4.0;1.0;0.0;5.0;4.0;6.0;4.0;1.0;4.0;2.0;4.0;0.0;0.0;0.0;0.5833;0.0;0.0;0.0;1.0;1.0;0
org.apache.poi.hssf.record.SheetPropertiesRecord;23.0;2.0;0.0;6.0;40.0;0.0;1.0;5.0;21.0;0.8388;384.0;0.6364;5.0;0.3548;0.2971;1.0;6.0;15.2174;2.0;1.0434782608695652;1
org.apache.poi.hssf.record.BOFRecord;21.0;2.0;0.0;7.0;34.0;174.0;4.0;3.0;19.0;0.9618;283.0;0.3529;0.0;0.3793;0.4524;1.0;6.0;11.6667;2.0;1.0476190476190477;1
org.apache.poi.hssf.record.PrintSetupRecord;48.0;2.0;0.0;6.0;65.0;694.0;2.0;4.0;45.0;0.9117;675.0;0.95;8.0;0.2;0.273;1.0;6.0;12.6458;2.0;1.0208333333333333;1
org.apache.poi.hssf.record.ProtectRecord;11.0;2.0;0.0;5.0;21.0;49.0;2.0;3.0;9.0;0.85;110.0;0.5;0.0;0.5789;0.4182;1.0;6.0;8.8182;2.0;1.1818181818181819;1
org.apache.poi.hssf.record.FormulaRecord;35.0;2.0;0.0;8.0;53.0;535.0;3.0;5.0;30.0;0.9412;396.0;0.8182;0.0;0.2558;0.225;1.0;5.0;10.0;7.0;1.6857142857142857;10
org.apache.poi.util.ByteField;11.0;1.0;0.0;4.0;15.0;21.0;1.0;3.0;11.0;0.5333;90.0;1.0;0.0;0.0;0.4545;0.0;0.0;6.9091;1.0;1.0;0
org.apache.poi.poifs.storage.BlockListImpl;6.0;1.0;2.0;5.0;13.0;0.0;2.0;3.0;4.0;0.5;107.0;1.0;2.0;0.0;0.4583;0.0;0.0;16.5;3.0;1.3333333333333333;0
org.apache.poi.hpsf.wellknown.PropertyIDMap;6.0;3.0;0.0;1.0;15.0;15.0;1.0;0.0;6.0;1.1771;275.0;0.0571;2.0;0.9153;0.3;1.0;2.0;39.0;2.0;1.3333333333333333;3
org.apache.poi.hssf.record.PasswordRecord;11.0;2.0;0.0;5.0;21.0;49.0;2.0;3.0;9.0;0.85;104.0;0.5;0.0;0.5789;0.5227;1.0;6.0;8.2727;2.0;1.0909090909090908;1
org.apache.poi.hssf.record.ProtectionRev4Record;11.0;2.0;0.0;5.0;21.0;49.0;2.0;3.0;9.0;0.85;110.0;0.5;0.0;0.5789;0.4182;1.0;6.0;8.8182;2.0;1.1818181818181819;0
org.apache.poi.hssf.record.NumberFormatIndexRecord;11.0;2.0;0.0;4.0;22.0;43.0;0.0;4.0;9.0;0.85;115.0;0.5;0.0;0.5789;0.5227;1.0;6.0;9.2727;2.0;1.0909090909090908;1
org.apache.poi.poifs.storage.BigBlock;4.0;1.0;4.0;5.0;6.0;6.0;4.0;1.0;1.0;2.0;15.0;0.0;0.0;0.0;0.6667;0.0;0.0;2.75;1.0;1.0;0
org.apache.poi.hssf.record.StyleRecord;24.0;2.0;0.0;6.0;37.0;210.0;2.0;4.0;21.0;0.875;366.0;0.625;0.0;0.3438;0.2986;1.0;6.0;13.9167;3.0;1.3333333333333333;2
org.apache.poi.hssf.record.TabIdRecord;11.0;2.0;0.0;5.0;21.0;43.0;2.0;3.0;9.0;0.8;180.0;0.0;0.0;0.5789;0.4182;1.0;6.0;15.1818;2.0;1.3636363636363635;0
org.apache.poi.poifs.storage.BlockList;4.0;1.0;0.0;6.0;4.0;6.0;5.0;2.0;4.0;2.0;4.0;0.0;0.0;0.0;0.6667;0.0;0.0;0.0;1.0;1.0;0
org.apache.poi.hpsf.littleendian.Word;2.0;2.0;0.0;4.0;3.0;1.0;3.0;1.0;2.0;2.0;10.0;0.0;0.0;0.75;0.6667;1.0;1.0;3.5;1.0;1.0;0
org.apache.poi.hssf.record.Record;14.0;1.0;100.0;115.0;16.0;85.0;115.0;0.0;11.0;0.8462;125.0;0.75;0.0;0.0;0.5;0.0;0.0;7.6429;1.0;1.0;1
org.apache.poi.poifs.storage.BlockWritable;1.0;1.0;0.0;9.0;1.0;0.0;9.0;0.0;1.0;2.0;1.0;0.0;0.0;0.0;1.0;0.0;0.0;0.0;1.0;1.0;0
org.apache.poi.hssf.record.EOFRecord;9.0;2.0;0.0;6.0;17.0;36.0;3.0;3.0;7.0;1.125;70.0;0.0;0.0;0.6471;0.5556;1.0;6.0;6.6667;2.0;1.1111111111111112;1
org.apache.poi.hssf.record.WSBoolRecord;30.0;2.0;0.0;7.0;43.0;183.0;3.0;4.0;27.0;0.8649;389.0;0.9167;9.0;0.2973;0.2874;1.0;6.0;11.5667;2.0;1.0333333333333334;1
org.apache.poi.hssf.record.SeriesRecord;21.0;2.0;0.0;5.0;32.0;148.0;1.0;4.0;19.0;0.9711;332.0;0.3158;0.0;0.3793;0.4524;1.0;6.0;13.9048;2.0;1.0476190476190477;1
org.apache.poi.poifs.property.PropertyFactory;2.0;1.0;0.0;5.0;10.0;1.0;1.0;4.0;0.0;2.0;85.0;0.0;0.0;0.0;0.5;0.0;0.0;41.5;1.0;1.0;0
org.apache.poi.hssf.usermodel.HSSFDateUtil;8.0;1.0;0.0;1.0;20.0;26.0;1.0;0.0;3.0;1.0476;170.0;1.0;0.0;0.0;0.2;0.0;0.0;19.875;2.0;1.5;1
org.apache.poi.hssf.record.formula.ValueVariableFunctionPtg;9.0;2.0;0.0;4.0;13.0;30.0;1.0;4.0;9.0;0.9063;106.0;0.375;4.0;0.5;0.3889;1.0;2.0;9.8889;1.0;1.0;1
org.apache.poi.hssf.record.PrintHeadersRecord;11.0;2.0;0.0;5.0;21.0;43.0;2.0;3.0;9.0;0.85;115.0;0.5;0.0;0.5789;0.4182;1.0;6.0;9.2727;2.0;1.2727272727272727;1
org.apache.poi.hssf.record.LegendRecord;35.0;2.0;0.0;5.0;55.0;217.0;0.0;5.0;33.0;0.9233;640.0;0.5652;6.0;0.2558;0.281;1.0;6.0;16.6286;2.0;1.0285714285714285;2
org.apache.poi.hssf.eventmodel.HSSFRequest;4.0;1.0;0.0;6.0;16.0;0.0;3.0;3.0;3.0;0.0;97.0;1.0;0.0;0.0;0.5;0.0;0.0;23.0;3.0;2.0;0
org.apache.poi.util.IntegerField;11.0;1.0;0.0;7.0;17.0;9.0;4.0;3.0;11.0;0.25;85.0;1.0;0.0;0.0;0.5227;0.0;0.0;6.5455;1.0;1.0;0
org.apache.poi.hssf.record.DefaultDataLabelTextPropertiesRecord;11.0;2.0;0.0;4.0;22.0;43.0;0.0;4.0;9.0;1.0;118.0;0.2;0.0;0.5789;0.5227;1.0;6.0;9.2727;2.0;1.0909090909090908;1
org.apache.poi.hssf.record.SeriesListRecord;11.0;2.0;0.0;4.0;22.0;35.0;1.0;3.0;9.0;0.8;117.0;0.5;0.0;0.5789;0.4182;1.0;6.0;9.4545;2.0;1.0909090909090908;1
org.apache.poi.hssf.record.CountryRecord;13.0;2.0;0.0;5.0;23.0;66.0;2.0;3.0;11.0;0.8056;138.0;0.6667;0.0;0.5238;0.5;1.0;6.0;9.3846;2.0;1.0769230769230769;0
org.apache.poi.hssf.record.formula.Ptg;8.0;1.0;15.0;21.0;29.0;28.0;21.0;13.0;8.0;2.0;166.0;0.0;0.0;0.0;0.4583;0.0;0.0;19.75;15.0;2.75;11
org.apache.poi.hssf.record.formula.AddPtg;12.0;2.0;0.0;4.0;21.0;66.0;3.0;2.0;11.0;1.0909;97.0;0.3333;0.0;0.4375;0.3333;1.0;2.0;6.8333;5.0;1.3333333333333333;4
org.apache.poi.poifs.filesystem.POIFSFileSystem;17.0;1.0;0.0;35.0;91.0;106.0;9.0;27.0;13.0;0.3542;453.0;1.0;2.0;0.0;0.1448;0.0;0.0;25.4706;2.0;1.2352941176470589;2
org.apache.poi.poifs.filesystem.DirectoryNode;18.0;2.0;0.0;13.0;61.0;57.0;3.0;13.0;13.0;0.6078;316.0;1.0;2.0;0.3462;0.1722;1.0;1.0;16.3889;4.0;1.3888888888888888;1
org.apache.poi.dev.RecordGenerator;3.0;1.0;0.0;1.0;30.0;3.0;0.0;1.0;2.0;2.0;315.0;0.0;0.0;0.0;0.3333;0.0;0.0;104.0;1.0;1.0;1
org.apache.poi.hssf.record.ChartFormatRecord;19.0;2.0;0.0;5.0;35.0;109.0;1.0;4.0;17.0;0.8175;263.0;0.8571;1.0;0.4074;0.3684;1.0;6.0;12.4737;2.0;1.0526315789473684;0
org.apache.poi.util.ShortList;25.0;1.0;0.0;0.0;29.0;0.0;0.0;0.0;24.0;0.3889;629.0;1.0;0.0;0.0;0.3133;1.0;1.0;24.04;9.0;2.72;0
org.apache.poi.poifs.filesystem.DocumentNode;9.0;2.0;0.0;9.0;17.0;30.0;3.0;7.0;6.0;0.75;55.0;1.0;1.0;0.5294;0.4074;1.0;1.0;5.0;1.0;1.0;0
org.apache.poi.hpsf.PropertySetFactory;2.0;1.0;0.0;6.0;8.0;1.0;0.0;6.0;2.0;2.0;28.0;0.0;0.0;0.0;0.5;0.0;0.0;13.0;1.0;1.0;2
org.apache.poi.hssf.record.formula.ParenthesisPtg;7.0;2.0;0.0;3.0;8.0;21.0;1.0;2.0;7.0;2.0;21.0;0.0;0.0;0.5385;0.3571;1.0;2.0;2.0;1.0;1.0;4
org.apache.poi.hssf.record.CellValueRecordInterface;9.0;1.0;0.0;12.0;9.0;36.0;12.0;0.0;9.0;2.0;9.0;0.0;0.0;0.0;0.5556;0.0;0.0;0.0;1.0;1.0;1
org.apache.poi.poifs.storage.SmallBlockTableReader;2.0;1.0;0.0;9.0;8.0;1.0;2.0;7.0;2.0;2.0;24.0;0.0;0.0;0.0;0.5;0.0;0.0;11.0;1.0;1.0;0
org.apache.poi.hssf.record.DateWindow1904Record;11.0;2.0;0.0;5.0;21.0;49.0;2.0;3.0;9.0;0.85;104.0;0.5;0.0;0.5789;0.5227;1.0;6.0;8.2727;2.0;1.0909090909090908;0
org.apache.poi.hssf.record.HCenterRecord;11.0;2.0;0.0;5.0;21.0;43.0;2.0;3.0;9.0;0.85;115.0;0.5;0.0;0.5789;0.4182;1.0;6.0;9.2727;2.0;1.2727272727272727;1
org.apache.poi.hssf.record.RefreshAllRecord;11.0;2.0;0.0;5.0;21.0;43.0;2.0;3.0;9.0;0.85;114.0;0.5;0.0;0.5789;0.4182;1.0;6.0;9.1818;2.0;1.2727272727272727;0
org.apache.poi.hssf.record.GutsRecord;17.0;2.0;0.0;5.0;27.0;112.0;2.0;3.0;15.0;0.8125;206.0;0.8;0.0;0.44;0.4706;1.0;6.0;10.8235;2.0;1.0588235294117647;1
org.apache.poi.util.IntList;25.0;1.0;0.0;4.0;29.0;0.0;4.0;0.0;24.0;0.3889;629.0;1.0;0.0;0.0;0.36;1.0;1.0;24.04;9.0;2.72;0
org.apache.poi.poifs.storage.SmallBlockTableWriter;5.0;1.0;0.0;7.0;21.0;2.0;1.0;6.0;5.0;0.75;103.0;1.0;2.0;0.0;0.36;0.0;0.0;18.8;4.0;1.6;1
org.apache.poi.hssf.util.Region;16.0;1.0;0.0;3.0;17.0;78.0;2.0;1.0;16.0;0.5333;172.0;1.0;0.0;0.0;0.2917;0.0;0.0;9.5;9.0;1.8125;0
