org.apache.synapse.core.axis2.ProxyServiceMessageReceiver;8.0;2.0;0.0;20.0;62.0;0.0;1.0;20.0;4.0;0.5357;523.0;1.0;1.0;0.3333;0.4048;1.0;2.0;63.875;4.0;1.875;2
org.apache.synapse.config.xml.endpoints.FailoverEndpointFactory;8.0;1.0;0.0;10.0;29.0;20.0;1.0;10.0;3.0;0.7143;125.0;1.0;1.0;0.0;0.2449;0.0;0.0;14.375;3.0;1.5;1
org.apache.synapse.config.xml.StartupSerializer;1.0;1.0;0.0;4.0;1.0;0.0;2.0;2.0;1.0;2.0;1.0;0.0;0.0;0.0;1.0;0.0;0.0;0.0;1.0;1.0;0
org.apache.synapse.config.xml.DBLookupMediatorFactory;4.0;3.0;0.0;5.0;9.0;4.0;0.0;5.0;3.0;0.6667;31.0;1.0;0.0;0.8182;0.6667;0.0;0.0;6.5;1.0;1.0;0
org.apache.synapse.registry.url.SimpleURLRegistry;11.0;2.0;0.0;11.0;65.0;41.0;0.0;11.0;8.0;0.9;561.0;1.0;0.0;0.3571;0.38;2.0;3.0;49.8182;9.0;2.909090909090909;0
org.apache.synapse.mediators.MediatorFaultHandler;6.0;2.0;0.0;10.0;20.0;0.0;4.0;7.0;4.0;0.5333;106.0;1.0;1.0;0.5556;0.4;1.0;2.0;16.1667;2.0;1.1666666666666667;0
org.apache.synapse.config.xml.SynapseMediatorSerializer;3.0;3.0;0.0;7.0;15.0;3.0;0.0;7.0;3.0;2.0;46.0;0.0;0.0;0.7778;0.5556;0.0;0.0;14.3333;3.0;1.6666666666666667;0
org.apache.synapse.mediators.db.DBLookupMediator;2.0;3.0;0.0;5.0;28.0;1.0;3.0;3.0;1.0;2.0;156.0;0.0;0.0;0.963;0.6667;2.0;5.0;77.0;5.0;3.0;0
org.apache.synapse.config.xml.endpoints.EndpointAbstractFactory;2.0;1.0;0.0;15.0;14.0;1.0;8.0;10.0;2.0;2.0;91.0;0.0;0.0;0.0;0.5;0.0;0.0;44.5;7.0;4.0;1
org.apache.synapse.FaultHandler;7.0;1.0;3.0;19.0;32.0;9.0;16.0;4.0;5.0;0.5;211.0;1.0;0.0;0.0;0.3333;0.0;0.0;28.8571;9.0;3.142857142857143;0
org.apache.synapse.config.xml.CacheMediatorSerializer;3.0;2.0;0.0;11.0;29.0;3.0;0.0;11.0;3.0;2.0;192.0;0.0;0.0;0.75;0.5556;0.0;0.0;63.0;11.0;4.333333333333333;0
org.apache.synapse.config.xml.AbstractDBMediatorFactory;8.0;2.0;2.0;13.0;60.0;12.0;4.0;10.0;1.0;0.75;727.0;0.0;0.0;0.3333;0.6786;0.0;0.0;88.375;23.0;5.375;0
org.apache.synapse.startup.quartz.SimpleQuartzFactory;7.0;1.0;0.0;9.0;44.0;5.0;1.0;9.0;4.0;0.7083;285.0;0.75;0.0;0.0;0.4167;0.0;0.0;39.1429;20.0;3.7142857142857144;0
org.apache.synapse.config.xml.LogMediatorFactory;4.0;2.0;0.0;6.0;16.0;2.0;0.0;6.0;3.0;1.0476;97.0;1.0;0.0;0.6;0.6667;0.0;0.0;21.5;7.0;2.5;0
org.apache.synapse.core.axis2.MediatorDeployer;9.0;1.0;0.0;11.0;45.0;22.0;0.0;11.0;6.0;0.75;343.0;1.0;0.0;0.0;0.4;0.0;0.0;36.8889;1.0;1.0;0
org.apache.synapse.config.xml.endpoints.WSDLEndpointFactory;8.0;1.0;0.0;14.0;65.0;20.0;1.0;13.0;3.0;0.5714;552.0;1.0;1.0;0.0;0.2449;0.0;0.0;67.75;26.0;6.125;2
org.apache.synapse.core.axis2.SynapseStartUpServlet;8.0;3.0;0.0;3.0;30.0;26.0;0.0;3.0;4.0;0.8571;208.0;1.0;0.0;0.8;0.4643;3.0;4.0;24.875;8.0;1.875;0
org.apache.synapse.config.xml.AnonymousListMediatorFactory;2.0;3.0;0.0;5.0;5.0;1.0;1.0;4.0;2.0;2.0;14.0;0.0;0.0;0.8;0.5;0.0;0.0;6.0;1.0;1.0;0
org.apache.synapse.mediators.filters.OutMediator;3.0;3.0;0.0;7.0;16.0;3.0;2.0;5.0;3.0;2.0;70.0;0.0;0.0;0.9167;0.8333;1.0;2.0;22.3333;8.0;3.3333333333333335;0
org.apache.synapse.config.xml.EntryFactory;5.0;1.0;0.0;11.0;28.0;8.0;1.0;10.0;3.0;0.25;122.0;1.0;0.0;0.0;0.3125;0.0;0.0;23.2;6.0;2.2;0
org.apache.synapse.statistics.impl.SequenceStatisticsStack;6.0;1.0;0.0;6.0;22.0;0.0;4.0;3.0;5.0;0.0;154.0;1.0;0.0;0.0;0.5;0.0;0.0;24.5;7.0;3.1666666666666665;0
org.apache.synapse.config.xml.ClassMediatorSerializer;3.0;2.0;0.0;8.0;24.0;3.0;0.0;8.0;3.0;2.0;114.0;0.0;0.0;0.75;0.5556;0.0;0.0;37.0;7.0;3.0;0
org.apache.synapse.config.xml.endpoints.AddressEndpointSerializer;5.0;1.0;0.0;15.0;37.0;2.0;1.0;14.0;3.0;0.625;372.0;1.0;0.0;0.0;0.375;0.0;0.0;73.0;22.0;5.8;3
org.apache.synapse.config.xml.SequenceMediatorFactory;5.0;3.0;0.0;12.0;19.0;6.0;4.0;8.0;4.0;0.75;159.0;1.0;0.0;0.5714;0.75;0.0;0.0;30.6;9.0;3.6;0
org.apache.synapse.config.xml.ValidateMediatorSerializer;3.0;3.0;0.0;12.0;29.0;3.0;0.0;12.0;3.0;2.0;151.0;0.0;0.0;0.7778;0.5556;0.0;0.0;49.3333;9.0;3.6666666666666665;0
org.apache.synapse.statistics.StatisticsStack;4.0;1.0;0.0;7.0;4.0;6.0;6.0;1.0;4.0;2.0;4.0;0.0;0.0;0.0;0.7;0.0;0.0;0.0;1.0;1.0;0
org.apache.synapse.config.xml.ConfigurationFactory;3.0;1.0;0.0;4.0;3.0;3.0;2.0;2.0;3.0;2.0;3.0;0.0;0.0;0.0;0.6667;0.0;0.0;0.0;1.0;1.0;0
org.apache.synapse.core.SynapseEnvironment;9.0;1.0;0.0;25.0;9.0;36.0;22.0;4.0;9.0;2.0;9.0;0.0;0.0;0.0;0.2963;0.0;0.0;0.0;1.0;1.0;1
org.apache.synapse.metrics.MetricsAggregatorModule;6.0;1.0;0.0;11.0;13.0;15.0;0.0;11.0;6.0;2.0;35.0;0.0;0.0;0.0;0.3611;0.0;0.0;4.8333;1.0;1.0;0
org.apache.synapse.mediators.AbstractMediator;15.0;1.0;17.0;22.0;33.0;7.0;17.0;5.0;5.0;0.4762;229.0;1.0;0.0;0.0;0.381;0.0;0.0;14.0667;4.0;2.466666666666667;0
org.apache.synapse.mediators.base.SequenceMediator;14.0;3.0;0.0;31.0;48.0;37.0;21.0;11.0;14.0;0.7949;389.0;1.0;0.0;0.6286;0.3;1.0;4.0;26.3571;29.0;3.0;0
org.apache.synapse.config.xml.DropMediatorFactory;4.0;2.0;0.0;4.0;8.0;4.0;0.0;4.0;3.0;0.6667;27.0;1.0;0.0;0.6;0.6667;0.0;0.0;5.5;1.0;1.0;0
org.apache.synapse.config.xml.CloneMediatorSerializer;3.0;2.0;0.0;10.0;16.0;3.0;0.0;10.0;3.0;2.0;56.0;0.0;0.0;0.75;0.5556;0.0;0.0;17.6667;4.0;2.0;0
org.apache.synapse.mediators.filters.FilterMediator;9.0;3.0;0.0;10.0;27.0;0.0;2.0;8.0;9.0;0.5;281.0;1.0;0.0;0.7333;0.3889;1.0;2.0;29.8889;10.0;2.7777777777777777;0
org.apache.synapse.config.xml.InMediatorSerializer;3.0;3.0;0.0;7.0;15.0;3.0;0.0;7.0;3.0;2.0;46.0;0.0;0.0;0.7778;0.5556;0.0;0.0;14.3333;3.0;1.6666666666666667;0
org.apache.synapse.statistics.StatisticsUtils;6.0;1.0;0.0;14.0;22.0;15.0;5.0;9.0;5.0;2.0;146.0;0.0;0.0;0.0;0.5;0.0;0.0;23.3333;4.0;2.5;0
org.apache.synapse.mediators.db.AbstractDBMediator;14.0;2.0;2.0;19.0;70.0;53.0;8.0;13.0;11.0;0.6667;421.0;0.6667;0.0;0.5;0.2551;0.0;0.0;28.8571;7.0;1.5;0
org.apache.synapse.Mediator;4.0;1.0;0.0;74.0;4.0;6.0;74.0;1.0;4.0;2.0;4.0;0.0;0.0;0.0;0.5;0.0;0.0;0.0;1.0;1.0;0
org.apache.synapse.config.xml.MediatorPropertyFactory;3.0;1.0;0.0;11.0;27.0;1.0;2.0;9.0;2.0;0.5;166.0;1.0;0.0;0.0;0.5;0.0;0.0;54.0;11.0;4.333333333333333;0
org.apache.synapse.config.xml.FilterMediatorFactory;4.0;3.0;0.0;11.0;26.0;4.0;0.0;11.0;3.0;0.6667;193.0;1.0;0.0;0.6667;0.6667;0.0;0.0;47.0;10.0;3.25;0
org.apache.synapse.config.xml.ValidateMediatorFactory;4.0;3.0;0.0;10.0;30.0;2.0;0.0;10.0;3.0;0.6667;226.0;1.0;0.0;0.6667;0.6667;0.0;0.0;54.75;16.0;4.75;0
org.apache.synapse.config.xml.XMLConfigurationSerializer;3.0;1.0;0.0;5.0;8.0;1.0;0.0;5.0;2.0;0.5;21.0;1.0;0.0;0.0;0.5;0.0;0.0;5.6667;1.0;1.0;1
org.apache.synapse.statistics.Statistics;7.0;1.0;0.0;1.0;8.0;0.0;1.0;0.0;7.0;0.7222;104.0;1.0;0.0;0.0;0.4286;0.0;0.0;13.0;5.0;1.5714285714285714;0
org.apache.synapse.config.xml.ClassMediatorFactory;4.0;2.0;0.0;9.0;29.0;4.0;0.0;9.0;3.0;0.6667;141.0;1.0;0.0;0.6;0.6667;0.0;0.0;34.0;6.0;2.25;0
org.apache.synapse.endpoints.WSDLEndpoint;25.0;2.0;0.0;15.0;61.0;234.0;4.0;11.0;21.0;0.9132;396.0;1.0;2.0;0.1786;0.224;1.0;1.0;14.36;17.0;2.16;1
org.apache.synapse.mediators.eip.splitter.CloneMediator;8.0;2.0;0.0;12.0;32.0;0.0;2.0;10.0;7.0;0.5;157.0;1.0;0.0;0.65;0.2917;0.0;0.0;18.375;10.0;2.125;0
org.apache.synapse.config.xml.CacheMediatorFactory;5.0;2.0;0.0;9.0;38.0;4.0;0.0;9.0;3.0;0.8125;318.0;1.0;0.0;0.5;0.5;0.0;0.0;60.2;22.0;5.8;0
org.apache.synapse.mediators.builtin.DropMediator;2.0;2.0;0.0;11.0;16.0;1.0;5.0;6.0;2.0;2.0;50.0;0.0;0.0;0.9286;0.75;0.0;0.0;24.0;5.0;3.0;0
org.apache.synapse.config.xml.SwitchCase;7.0;1.0;0.0;5.0;11.0;3.0;3.0;2.0;7.0;0.5833;53.0;1.0;1.0;0.0;0.3143;0.0;0.0;6.2857;2.0;1.2857142857142858;0
org.apache.synapse.config.xml.AbstractMediatorSerializer;8.0;1.0;17.0;31.0;36.0;22.0;17.0;14.0;0.0;0.7714;190.0;1.0;0.0;0.0;0.3469;0.0;0.0;22.125;5.0;2.0;1
org.apache.synapse.config.xml.FaultMediatorFactory;4.0;2.0;0.0;10.0;36.0;2.0;0.0;10.0;3.0;0.8148;386.0;1.0;0.0;0.6;0.6667;0.0;0.0;93.25;17.0;5.0;1
org.apache.synapse.config.xml.StartupFinder;11.0;1.0;0.0;11.0;38.0;0.0;2.0;9.0;7.0;0.56;336.0;1.0;1.0;0.0;0.28;0.0;0.0;29.0909;3.0;1.6363636363636365;0
org.apache.synapse.config.xml.RegistryFactory;6.0;1.0;0.0;7.0;26.0;5.0;1.0;6.0;2.0;0.55;156.0;0.25;0.0;0.0;0.28;0.0;0.0;24.3333;4.0;1.6666666666666667;0
org.apache.synapse.core.axis2.SynapseDispatcher;4.0;3.0;0.0;9.0;13.0;6.0;0.0;9.0;4.0;2.0;39.0;0.0;0.0;0.8;0.5833;2.0;2.0;8.75;1.0;1.0;0
org.apache.synapse.mediators.base.SynapseMediator;2.0;3.0;0.0;10.0;23.0;1.0;2.0;8.0;2.0;2.0;114.0;0.0;0.0;0.9565;0.75;1.0;2.0;56.0;11.0;6.0;0
org.apache.synapse.statistics.impl.EndPointStatisticsStack;5.0;1.0;0.0;6.0;26.0;0.0;4.0;3.0;5.0;0.25;288.0;1.0;0.0;0.0;0.6;0.0;0.0;56.2;9.0;4.4;0
org.apache.synapse.registry.RegistryEntry;8.0;1.0;0.0;4.0;8.0;28.0;4.0;0.0;8.0;2.0;8.0;0.0;0.0;0.0;1.0;0.0;0.0;0.0;1.0;1.0;0
org.apache.synapse.mediators.eip.Target;14.0;1.0;0.0;15.0;26.0;29.0;8.0;7.0;14.0;0.7692;159.0;1.0;2.0;0.0;0.3;0.0;0.0;9.9286;10.0;1.6428571428571428;0
org.apache.synapse.util.SimpleMapImpl;27.0;3.0;0.0;11.0;92.0;349.0;1.0;11.0;26.0;1.0308;865.0;1.0;0.0;0.6923;0.1648;1.0;2.0;30.4815;13.0;2.185185185185185;0
org.apache.synapse.config.xml.DBLookupMediatorSerializer;3.0;3.0;0.0;8.0;14.0;3.0;0.0;8.0;3.0;2.0;45.0;0.0;0.0;0.7778;0.5556;0.0;0.0;14.0;3.0;1.6666666666666667;0
org.apache.synapse.config.xml.OMElementUtils;4.0;1.0;0.0;22.0;21.0;4.0;13.0;9.0;3.0;0.6667;112.0;1.0;0.0;0.0;0.4;0.0;0.0;26.75;5.0;2.75;0
org.apache.synapse.util.FixedByteArrayOutputStream;3.0;3.0;0.0;2.0;7.0;1.0;1.0;1.0;3.0;2.0;43.0;0.0;0.0;0.8824;0.7778;2.0;2.0;13.3333;2.0;1.6666666666666667;0
org.apache.synapse.endpoints.FailoverEndpoint;10.0;1.0;0.0;7.0;22.0;11.0;3.0;4.0;10.0;0.6222;169.0;1.0;2.0;0.0;0.3167;0.0;0.0;15.4;7.0;2.0;1
org.apache.synapse.endpoints.LoadbalanceEndpoint;14.0;1.0;0.0;8.0;27.0;35.0;3.0;5.0;14.0;0.7436;165.0;1.0;2.0;0.0;0.2551;0.0;0.0;10.3571;5.0;1.6428571428571428;1
org.apache.synapse.config.xml.endpoints.utils.WSDL20EndpointBuilder;1.0;1.0;0.0;0.0;2.0;0.0;0.0;0.0;1.0;2.0;4.0;0.0;0.0;0.0;1.0;0.0;0.0;3.0;1.0;1.0;0
org.apache.synapse.config.xml.SequenceMediatorSerializer;4.0;3.0;0.0;11.0;24.0;4.0;3.0;8.0;4.0;2.0;188.0;0.0;0.0;0.7;0.5;0.0;0.0;46.0;10.0;4.5;0
org.apache.synapse.mediators.eip.aggregator.Aggregate;16.0;1.0;0.0;4.0;29.0;58.0;1.0;3.0;15.0;0.8583;199.0;1.0;0.0;0.0;0.2778;0.0;0.0;10.9375;9.0;1.875;2
org.apache.synapse.statistics.StatisticsCollector;10.0;1.0;0.0;8.0;19.0;9.0;7.0;1.0;10.0;0.6667;157.0;1.0;0.0;0.0;0.475;0.0;0.0;14.4;2.0;1.3;0
org.apache.synapse.config.xml.RMSequenceMediatorSerializer;3.0;2.0;0.0;9.0;22.0;3.0;0.0;9.0;3.0;2.0;125.0;0.0;0.0;0.75;0.5556;0.0;0.0;40.6667;11.0;4.333333333333333;0
org.apache.synapse.mediators.transform.FaultMediator;24.0;2.0;0.0;28.0;87.0;150.0;2.0;26.0;18.0;0.8735;595.0;0.7273;0.0;0.3611;0.2;0.0;0.0;23.3333;16.0;2.9583333333333335;2
org.apache.synapse.endpoints.algorithms.RoundRobin;3.0;1.0;0.0;6.0;7.0;0.0;3.0;3.0;3.0;0.25;76.0;1.0;0.0;0.0;0.5556;0.0;0.0;23.6667;4.0;2.0;0
org.apache.synapse.config.xml.endpoints.WSDLEndpointSerializer;5.0;1.0;0.0;15.0;38.0;2.0;1.0;14.0;3.0;0.625;374.0;1.0;0.0;0.0;0.35;0.0;0.0;73.4;19.0;6.0;2
org.apache.synapse.mediators.FilterMediator;1.0;1.0;0.0;5.0;1.0;0.0;3.0;2.0;1.0;2.0;1.0;0.0;0.0;0.0;1.0;0.0;0.0;0.0;1.0;1.0;0
org.apache.synapse.config.xml.OutMediatorSerializer;3.0;3.0;0.0;7.0;15.0;3.0;0.0;7.0;3.0;2.0;46.0;0.0;0.0;0.7778;0.5556;0.0;0.0;14.3333;3.0;1.6666666666666667;0
org.apache.synapse.config.xml.HeaderMediatorSerializer;3.0;2.0;0.0;9.0;26.0;3.0;0.0;9.0;3.0;2.0;148.0;0.0;0.0;0.75;0.5556;0.0;0.0;48.3333;10.0;4.0;0
org.apache.synapse.ManagedLifecycle;2.0;1.0;0.0;9.0;2.0;1.0;8.0;1.0;2.0;2.0;2.0;0.0;0.0;0.0;0.75;0.0;0.0;0.0;1.0;1.0;0
org.apache.synapse.config.xml.AbstractListMediatorSerializer;2.0;2.0;7.0;12.0;14.0;1.0;7.0;5.0;1.0;2.0;40.0;0.0;0.0;0.8571;0.6667;0.0;0.0;19.0;3.0;2.0;0
org.apache.synapse.config.xml.DBReportMediatorFactory;4.0;3.0;0.0;5.0;9.0;4.0;0.0;5.0;3.0;0.6667;31.0;1.0;0.0;0.8182;0.6667;0.0;0.0;6.5;1.0;1.0;0
org.apache.synapse.endpoints.algorithms.LoadbalanceAlgorithm;2.0;1.0;0.0;10.0;2.0;1.0;8.0;2.0;2.0;2.0;2.0;0.0;0.0;0.0;0.75;0.0;0.0;0.0;1.0;1.0;0
org.apache.synapse.core.axis2.SynapseMessageReceiver;5.0;1.0;1.0;21.0;47.0;0.0;2.0;19.0;2.0;0.25;242.0;1.0;0.0;0.0;0.5;0.0;0.0;47.0;4.0;2.0;0
org.apache.synapse.mediators.MediatorWorker;5.0;1.0;0.0;10.0;21.0;0.0;1.0;9.0;3.0;0.5;159.0;1.0;2.0;0.0;0.5;0.0;0.0;30.0;4.0;2.2;0
org.apache.synapse.config.xml.ProxyServiceSerializer;4.0;1.0;0.0;17.0;57.0;2.0;1.0;16.0;2.0;0.5833;503.0;1.0;0.0;0.0;0.3333;0.0;0.0;123.75;30.0;8.25;2
org.apache.synapse.config.xml.endpoints.EndpointAbstractSerializer;2.0;1.0;0.0;19.0;15.0;1.0;7.0;15.0;2.0;2.0;63.0;0.0;0.0;0.0;0.5;0.0;0.0;30.5;7.0;4.0;1
org.apache.synapse.core.axis2.Axis2MessageContext;61.0;1.0;0.0;55.0;154.0;540.0;26.0;30.0;58.0;0.8939;940.0;1.0;2.0;0.0;0.0979;0.0;0.0;14.2295;10.0;1.5901639344262295;0
org.apache.synapse.SynapseServer;6.0;1.0;0.0;4.0;18.0;13.0;1.0;4.0;3.0;0.8;57.0;1.0;0.0;0.0;0.2;0.0;0.0;8.3333;1.0;1.0;0
org.apache.synapse.config.xml.endpoints.IndirectEndpointFactory;7.0;1.0;0.0;9.0;17.0;13.0;1.0;8.0;3.0;0.6667;69.0;1.0;1.0;0.0;0.25;0.0;0.0;8.5714;2.0;1.1428571428571428;1
org.apache.synapse.endpoints.AddressEndpoint;17.0;2.0;0.0;14.0;53.0;78.0;4.0;10.0;13.0;0.8125;359.0;1.0;2.0;0.25;0.2768;1.0;1.0;19.6471;17.0;2.7058823529411766;1
org.apache.synapse.mediators.ext.POJOCommandMediator;9.0;2.0;0.0;9.0;49.0;4.0;2.0;7.0;8.0;0.625;564.0;1.0;0.0;0.619;0.3778;0.0;0.0;61.3333;11.0;3.111111111111111;1
org.apache.synapse.util.concurrent.SynapseThreadPool;3.0;3.0;0.0;2.0;8.0;3.0;1.0;1.0;3.0;1.5;60.0;0.0;0.0;1.0;0.5556;0.0;0.0;15.0;1.0;1.0;0
org.apache.synapse.endpoints.dispatch.Dispatcher;4.0;1.0;0.0;8.0;4.0;6.0;6.0;2.0;4.0;2.0;4.0;0.0;0.0;0.0;0.6667;0.0;0.0;0.0;1.0;1.0;0
org.apache.synapse.mediators.ListMediator;6.0;1.0;0.0;11.0;6.0;15.0;10.0;1.0;6.0;2.0;6.0;0.0;0.0;0.0;0.4583;0.0;0.0;0.0;1.0;1.0;0
org.apache.synapse.SynapseException;3.0;4.0;0.0;82.0;6.0;3.0;82.0;0.0;3.0;1.5;17.0;1.0;0.0;1.0;0.7778;0.0;0.0;4.3333;1.0;1.0;0
org.apache.synapse.config.SynapseConfigurationBuilder;6.0;1.0;0.0;10.0;35.0;3.0;1.0;9.0;3.0;0.4;145.0;1.0;0.0;0.0;0.25;0.0;0.0;23.0;3.0;1.3333333333333333;0
org.apache.synapse.core.axis2.Axis2Sender;5.0;1.0;0.0;20.0;33.0;8.0;2.0;18.0;3.0;0.25;105.0;1.0;0.0;0.0;0.3;0.0;0.0;19.8;8.0;2.4;1
org.apache.synapse.core.axis2.SOAPUtils;5.0;1.0;0.0;22.0;66.0;4.0;2.0;20.0;4.0;0.25;493.0;1.0;0.0;0.0;0.4167;0.0;0.0;96.8;1.0;1.0;0
org.apache.synapse.config.xml.PropertyMediatorSerializer;3.0;2.0;0.0;9.0;22.0;3.0;0.0;9.0;3.0;2.0;119.0;0.0;0.0;0.75;0.5556;0.0;0.0;38.6667;9.0;3.6666666666666665;0
org.apache.synapse.config.xml.StartupFactory;3.0;1.0;0.0;4.0;3.0;3.0;2.0;2.0;3.0;2.0;3.0;0.0;0.0;0.0;0.6667;0.0;0.0;0.0;1.0;1.0;0
org.apache.synapse.config.xml.endpoints.SALoadbalanceEndpointFactory;8.0;1.0;0.0;17.0;38.0;20.0;1.0;17.0;3.0;0.6429;191.0;1.0;1.0;0.0;0.2449;0.0;0.0;22.625;6.0;1.875;1
org.apache.synapse.mediators.builtin.CacheMediator;21.0;2.0;0.0;21.0;73.0;110.0;2.0;19.0;18.0;0.84;594.0;1.0;1.0;0.3939;0.1857;0.0;0.0;26.8095;15.0;2.4761904761904763;0
org.apache.synapse.core.axis2.AsyncCallback;10.0;1.0;0.0;6.0;11.0;35.0;3.0;3.0;10.0;0.8519;46.0;0.6667;1.0;0.0;0.2667;0.0;0.0;3.3;1.0;1.0;0
org.apache.synapse.config.xml.TargetSerializer;3.0;1.0;0.0;14.0;19.0;1.0;2.0;12.0;2.0;0.5;93.0;1.0;0.0;0.0;0.5;0.0;0.0;29.0;7.0;3.0;1
org.apache.synapse.core.axis2.AnonymousServiceFactory;6.0;1.0;0.0;17.0;32.0;11.0;1.0;16.0;2.0;1.0444;244.0;0.7778;1.0;0.0;0.3333;0.0;0.0;38.1667;13.0;3.1666666666666665;1
org.apache.synapse.endpoints.dispatch.SoapSessionDispatcher;5.0;1.0;0.0;8.0;18.0;0.0;2.0;6.0;5.0;0.25;143.0;1.0;0.0;0.0;0.6;0.0;0.0;27.4;5.0;3.2;0
org.apache.synapse.endpoints.IndirectEndpoint;14.0;1.0;0.0;12.0;38.0;27.0;3.0;9.0;11.0;0.7912;280.0;1.0;2.0;0.0;0.4;0.0;0.0;18.5;7.0;2.142857142857143;1
org.apache.synapse.config.xml.SynapseMediatorFactory;4.0;3.0;0.0;5.0;9.0;4.0;0.0;5.0;3.0;0.6667;30.0;1.0;0.0;0.6667;0.6667;0.0;0.0;6.25;1.0;1.0;0
org.apache.synapse.mediators.transform.XSLTMediator;16.0;2.0;0.0;30.0;103.0;48.0;2.0;28.0;12.0;0.8667;932.0;0.8333;0.0;0.4643;0.2422;0.0;0.0;56.5;33.0;4.125;7
org.apache.synapse.mediators.transform.HeaderMediator;12.0;2.0;0.0;16.0;49.0;6.0;2.0;14.0;10.0;0.803;406.0;0.6667;0.0;0.5417;0.2262;0.0;0.0;32.3333;25.0;3.5;0
org.apache.synapse.config.xml.FilterMediatorSerializer;3.0;3.0;0.0;9.0;23.0;3.0;0.0;9.0;3.0;2.0;100.0;0.0;0.0;0.7778;0.5556;0.0;0.0;32.3333;6.0;2.6666666666666665;0
org.apache.synapse.config.xml.EntrySerializer;4.0;1.0;0.0;13.0;22.0;2.0;1.0;12.0;2.0;0.5833;126.0;1.0;0.0;0.0;0.3333;0.0;0.0;29.5;6.0;2.25;0
org.apache.synapse.config.xml.FaultMediatorSerializer;3.0;2.0;0.0;10.0;32.0;3.0;0.0;10.0;3.0;1.5;212.0;1.0;0.0;0.75;0.5556;0.0;0.0;69.0;12.0;4.666666666666667;1
org.apache.synapse.config.xml.AnonymousListMediatorSerializer;3.0;3.0;0.0;5.0;12.0;3.0;1.0;4.0;3.0;2.0;33.0;0.0;0.0;0.7778;0.5556;0.0;0.0;10.0;2.0;1.3333333333333333;0
org.apache.synapse.config.xml.PropertyHelper;7.0;1.0;0.0;7.0;42.0;9.0;3.0;4.0;4.0;0.3333;558.0;1.0;0.0;0.0;0.3;0.0;0.0;78.5714;12.0;3.5714285714285716;0
org.apache.synapse.config.xml.MediatorFactoryFinder;10.0;1.0;0.0;14.0;41.0;0.0;4.0;10.0;5.0;0.5278;407.0;1.0;1.0;0.0;0.2889;0.0;0.0;39.3;7.0;2.0;0
org.apache.synapse.core.axis2.MessageContextCreatorForAxis2;5.0;1.0;0.0;12.0;10.0;0.0;3.0;9.0;4.0;0.5833;46.0;1.0;2.0;0.0;0.25;0.0;0.0;7.6;1.0;1.0;0
org.apache.synapse.mediators.db.DBReportMediator;2.0;3.0;0.0;5.0;15.0;1.0;2.0;3.0;1.0;2.0;77.0;0.0;0.0;0.963;0.6667;2.0;5.0;37.5;2.0;1.5;0
org.apache.synapse.config.xml.SwitchMediatorSerializer;3.0;2.0;0.0;12.0;28.0;3.0;0.0;12.0;3.0;2.0;137.0;0.0;0.0;0.75;0.5556;0.0;0.0;44.6667;8.0;3.3333333333333335;0
org.apache.synapse.config.SynapseConfiguration;47.0;1.0;0.0;42.0;105.0;589.0;23.0;20.0;45.0;0.8609;933.0;0.9;1.0;0.0;0.1449;0.0;0.0;18.6383;8.0;2.0851063829787235;1
org.apache.synapse.config.xml.AggregateMediatorSerializer;4.0;2.0;0.0;11.0;24.0;6.0;0.0;11.0;3.0;1.0;140.0;1.0;0.0;0.75;0.5556;0.0;0.0;33.75;6.0;2.25;0
org.apache.synapse.util.UUIDGenerator;4.0;1.0;0.0;4.0;31.0;0.0;4.0;0.0;2.0;0.5;179.0;1.0;0.0;0.0;0.3333;0.0;0.0;42.75;4.0;2.5;0
org.apache.synapse.startup.quartz.SimpleQuartzSerializer;3.0;1.0;0.0;11.0;28.0;1.0;0.0;11.0;2.0;0.625;148.0;1.0;0.0;0.0;0.6667;0.0;0.0;47.0;8.0;3.3333333333333335;0
org.apache.synapse.config.xml.RMSequenceMediatorFactory;4.0;2.0;0.0;10.0;29.0;2.0;0.0;10.0;3.0;0.6667;274.0;1.0;0.0;0.6;0.6667;0.0;0.0;66.25;19.0;5.5;0
org.apache.synapse.mediators.builtin.RMSequenceMediator;17.0;2.0;0.0;15.0;58.0;100.0;2.0;13.0;11.0;0.9063;446.0;1.0;0.0;0.4643;0.3;0.0;0.0;24.7647;12.0;2.176470588235294;1
org.apache.synapse.statistics.impl.ProxyServiceStatisticsStack;7.0;1.0;0.0;8.0;17.0;9.0;3.0;5.0;5.0;0.5;139.0;1.0;0.0;0.0;0.5667;0.0;0.0;17.8571;5.0;2.142857142857143;0
org.apache.synapse.config.xml.ProxyServiceFactory;5.0;1.0;0.0;12.0;60.0;0.0;1.0;11.0;2.0;0.25;566.0;1.0;0.0;0.0;0.3125;0.0;0.0;112.0;39.0;8.6;4
org.apache.synapse.startup.AbstractStartup;3.0;1.0;1.0;2.0;4.0;0.0;1.0;1.0;3.0;0.0;17.0;1.0;0.0;0.0;0.6667;0.0;0.0;4.3333;1.0;1.0;0
org.apache.synapse.config.xml.AnonymousListMediator;2.0;3.0;0.0;7.0;4.0;1.0;5.0;2.0;2.0;2.0;9.0;0.0;0.0;0.9565;0.75;0.0;0.0;3.5;1.0;1.0;0
org.apache.synapse.core.axis2.TimeoutHandler;5.0;2.0;0.0;6.0;33.0;2.0;1.0;5.0;2.0;0.55;206.0;1.0;0.0;0.5;0.625;0.0;0.0;39.2;5.0;2.0;0
org.apache.synapse.startup.Task;1.0;1.0;0.0;2.0;1.0;0.0;2.0;0.0;1.0;2.0;1.0;0.0;0.0;0.0;1.0;0.0;0.0;0.0;1.0;1.0;0
org.apache.synapse.config.xml.endpoints.LoadbalanceEndpointSerializer;2.0;1.0;0.0;14.0;16.0;0.0;1.0;14.0;2.0;0.0;102.0;1.0;0.0;0.0;0.75;0.0;0.0;49.5;6.0;3.5;1
org.apache.synapse.util.PayloadHelper;23.0;1.0;0.0;18.0;70.0;143.0;2.0;17.0;22.0;0.8788;537.0;0.0;0.0;0.0;0.1818;0.0;0.0;21.9565;5.0;2.3043478260869565;0
org.apache.synapse.config.xml.MediatorSerializer;2.0;1.0;0.0;8.0;2.0;1.0;6.0;2.0;2.0;2.0;2.0;0.0;0.0;0.0;0.6667;0.0;0.0;0.0;1.0;1.0;0
org.apache.synapse.config.XMLToObjectMapper;1.0;1.0;0.0;10.0;1.0;0.0;9.0;1.0;1.0;2.0;1.0;0.0;0.0;0.0;1.0;0.0;0.0;0.0;1.0;1.0;0
org.apache.synapse.mediators.eip.aggregator.AggregateMediator;30.0;2.0;0.0;14.0;74.0;299.0;2.0;12.0;28.0;0.8987;594.0;1.0;2.0;0.3171;0.1724;0.0;0.0;18.2667;22.0;2.1333333333333333;3
org.apache.synapse.config.xml.endpoints.SALoadbalanceEndpointSerializer;4.0;1.0;0.0;20.0;25.0;2.0;1.0;20.0;2.0;0.5;174.0;1.0;0.0;0.0;0.5556;0.0;0.0;42.0;8.0;2.75;1
org.apache.synapse.util.MessageHelper;8.0;1.0;0.0;31.0;96.0;28.0;4.0;27.0;7.0;2.0;430.0;0.0;0.0;0.0;0.2;0.0;0.0;52.75;6.0;3.0;1
org.apache.synapse.endpoints.Endpoint;7.0;1.0;0.0;46.0;7.0;21.0;46.0;1.0;7.0;2.0;7.0;0.0;0.0;0.0;0.4286;0.0;0.0;0.0;1.0;1.0;0
org.apache.synapse.config.SynapseConfigUtils;10.0;1.0;0.0;15.0;53.0;25.0;8.0;7.0;7.0;0.2222;537.0;1.0;0.0;0.0;0.2222;0.0;0.0;52.6;10.0;3.1;1
org.apache.synapse.endpoints.SALoadbalanceEndpoint;18.0;1.0;0.0;16.0;46.0;87.0;4.0;12.0;15.0;0.8456;260.0;1.0;3.0;0.0;0.2279;0.0;0.0;13.0;7.0;1.6111111111111112;1
org.apache.synapse.config.xml.ConfigurationFactoryAndSerializerFinder;13.0;1.0;0.0;14.0;45.0;10.0;2.0;12.0;8.0;0.5833;382.0;1.0;1.0;0.0;0.1905;0.0;0.0;28.0;4.0;1.6923076923076923;0
org.apache.synapse.config.xml.SendMediatorFactory;4.0;2.0;0.0;8.0;13.0;2.0;0.0;8.0;3.0;0.6667;61.0;1.0;0.0;0.6;0.6667;0.0;0.0;13.75;3.0;1.5;1
org.apache.synapse.mediators.db.Statement;6.0;1.0;0.0;7.0;12.0;1.0;6.0;2.0;6.0;0.6667;56.0;0.0;0.0;0.0;0.5556;0.0;0.0;7.8333;1.0;1.0;0
org.apache.synapse.config.xml.TargetFactory;4.0;1.0;0.0;13.0;26.0;2.0;2.0;11.0;2.0;0.5;147.0;1.0;0.0;0.0;0.3333;0.0;0.0;35.25;12.0;4.0;1
org.apache.synapse.config.xml.DropMediatorSerializer;3.0;2.0;0.0;7.0;13.0;3.0;0.0;7.0;3.0;2.0;41.0;0.0;0.0;0.75;0.5556;0.0;0.0;12.6667;3.0;1.6666666666666667;0
org.apache.synapse.config.xml.endpoints.XMLToEndpointMapper;4.0;1.0;0.0;8.0;8.0;4.0;1.0;7.0;2.0;0.6667;32.0;1.0;1.0;0.0;0.5;0.0;0.0;6.75;2.0;1.25;1
org.apache.synapse.config.xml.ConfigurationSerializer;2.0;1.0;0.0;4.0;2.0;1.0;2.0;2.0;2.0;2.0;2.0;0.0;0.0;0.0;0.75;0.0;0.0;0.0;1.0;1.0;0
org.apache.synapse.config.xml.POJOCommandMediatorFactory;4.0;2.0;0.0;10.0;30.0;4.0;0.0;10.0;3.0;0.6667;141.0;1.0;0.0;0.6;0.6667;0.0;0.0;34.0;6.0;2.25;1
org.apache.synapse.core.axis2.SynapseAxisServlet;3.0;4.0;0.0;4.0;13.0;1.0;0.0;4.0;3.0;2.0;35.0;0.0;0.0;0.9636;0.5556;1.0;6.0;10.6667;1.0;1.0;2
org.apache.synapse.Command;1.0;1.0;0.0;1.0;1.0;0.0;1.0;0.0;1.0;2.0;1.0;0.0;0.0;0.0;1.0;0.0;0.0;0.0;1.0;1.0;0
org.apache.synapse.mediators.AbstractListMediator;10.0;2.0;7.0;14.0;35.0;0.0;7.0;7.0;10.0;0.0;173.0;1.0;0.0;0.5909;0.2833;0.0;0.0;16.2;3.0;1.6;0
org.apache.synapse.config.xml.AggregateMediatorFactory;4.0;2.0;0.0;13.0;34.0;2.0;0.0;13.0;3.0;0.6905;314.0;1.0;0.0;0.6;0.6667;0.0;0.0;74.0;17.0;5.0;0
org.apache.synapse.mediators.eip.EIPUtils;5.0;1.0;0.0;11.0;18.0;10.0;2.0;9.0;4.0;1.0;126.0;1.0;0.0;0.0;0.5833;0.0;0.0;24.0;1.0;1.0;0
org.apache.synapse.metrics.MetricsConstants;2.0;1.0;0.0;2.0;3.0;1.0;2.0;0.0;1.0;1.0;12.0;0.0;0.0;0.0;1.0;0.0;0.0;4.0;1.0;1.0;0
org.apache.synapse.config.xml.XSLTMediatorFactory;4.0;2.0;0.0;10.0;27.0;4.0;0.0;10.0;3.0;0.6667;148.0;1.0;0.0;0.6;0.6667;0.0;0.0;35.75;10.0;3.25;0
org.apache.synapse.config.xml.MediatorFactory;2.0;1.0;0.0;5.0;2.0;1.0;3.0;2.0;2.0;2.0;2.0;0.0;0.0;0.0;0.75;0.0;0.0;0.0;1.0;1.0;0
org.apache.synapse.config.Entry;26.0;1.0;0.0;16.0;31.0;245.0;12.0;4.0;24.0;0.9433;193.0;0.6667;1.0;0.0;0.1943;0.0;0.0;5.9615;4.0;1.4615384615384615;0
org.apache.synapse.config.xml.POJOCommandMediatorSerializer;3.0;2.0;0.0;9.0;27.0;3.0;0.0;9.0;3.0;2.0;152.0;0.0;0.0;0.75;0.5556;0.0;0.0;49.6667;7.0;3.0;1
org.apache.synapse.mediators.MediatorProperty;9.0;1.0;0.0;10.0;12.0;26.0;7.0;3.0;8.0;0.9286;70.0;0.4286;0.0;0.0;0.375;0.0;0.0;6.0;1.0;1.0;0
org.apache.synapse.core.axis2.Axis2SynapseEnvironment;12.0;1.0;0.0;29.0;64.0;38.0;1.0;28.0;11.0;0.8182;394.0;1.0;2.0;0.0;0.2386;0.0;0.0;31.3333;11.0;2.3333333333333335;3
org.apache.synapse.config.xml.XMLConfigurationBuilder;3.0;1.0;0.0;8.0;11.0;1.0;2.0;6.0;2.0;0.5;26.0;1.0;0.0;0.0;0.5;0.0;0.0;7.3333;1.0;1.0;0
org.apache.synapse.config.xml.endpoints.EndpointSerializer;1.0;1.0;0.0;13.0;1.0;0.0;11.0;2.0;1.0;2.0;1.0;0.0;0.0;0.0;1.0;0.0;0.0;0.0;1.0;1.0;1
org.apache.synapse.config.xml.AbstractMediatorFactory;5.0;1.0;17.0;24.0;18.0;10.0;17.0;7.0;0.0;1.0;142.0;1.0;0.0;0.0;0.45;0.0;0.0;24.8;5.0;1.8;0
org.apache.synapse.config.xml.CloneMediatorFactory;4.0;2.0;0.0;7.0;19.0;2.0;0.0;7.0;3.0;0.6667;66.0;1.0;0.0;0.6;0.6667;0.0;0.0;14.75;3.0;1.5;0
org.apache.synapse.mediators.eip.EIPConstants;1.0;1.0;0.0;0.0;2.0;0.0;0.0;0.0;1.0;2.0;7.0;0.0;0.0;0.0;1.0;0.0;0.0;3.0;1.0;1.0;0
org.apache.synapse.config.xml.endpoints.LoadbalanceEndpointFactory;8.0;1.0;0.0;13.0;35.0;20.0;1.0;13.0;3.0;0.7143;152.0;1.0;1.0;0.0;0.2449;0.0;0.0;17.75;5.0;1.75;1
org.apache.synapse.config.xml.endpoints.IndirectEndpointSerializer;2.0;1.0;0.0;11.0;8.0;0.0;1.0;10.0;2.0;0.0;42.0;1.0;0.0;0.0;0.75;0.0;0.0;19.5;3.0;2.0;1
org.apache.synapse.core.axis2.Axis2FlexibleMEPClient;9.0;1.0;0.0;39.0;96.0;30.0;1.0;38.0;3.0;0.625;556.0;1.0;0.0;0.0;0.1964;0.0;0.0;60.6667;6.0;2.5555555555555554;3
org.apache.synapse.endpoints.dispatch.SimpleClientSessionDispatcher;5.0;1.0;0.0;8.0;17.0;0.0;2.0;6.0;5.0;0.25;124.0;1.0;0.0;0.0;0.6;0.0;0.0;23.6;5.0;3.2;0
org.apache.synapse.core.axis2.SynapseInitializationModule;8.0;1.0;0.0;26.0;63.0;20.0;0.0;26.0;6.0;0.7857;281.0;1.0;1.0;0.0;0.3333;0.0;0.0;33.875;3.0;1.25;1
org.apache.synapse.metrics.GlobalRequestCountHandler;2.0;2.0;0.0;7.0;9.0;1.0;0.0;7.0;2.0;2.0;20.0;0.0;0.0;0.875;0.75;0.0;0.0;9.0;1.0;1.0;0
org.apache.synapse.config.xml.LogMediatorSerializer;3.0;2.0;0.0;8.0;19.0;3.0;0.0;8.0;3.0;2.0;88.0;0.0;0.0;0.75;0.5556;0.0;0.0;28.3333;8.0;3.3333333333333335;0
org.apache.synapse.mediators.eip.splitter.IterateMediator;12.0;2.0;0.0;18.0;46.0;14.0;2.0;16.0;12.0;0.7273;304.0;1.0;1.0;0.5417;0.3;0.0;0.0;23.9167;17.0;2.3333333333333335;0
org.apache.synapse.MessageContext;48.0;1.0;0.0;71.0;48.0;1128.0;65.0;10.0;48.0;2.0;48.0;0.0;0.0;0.0;0.1383;0.0;0.0;0.0;1.0;1.0;0
org.apache.synapse.config.xml.SynapseXMLConfigurationSerializer;9.0;1.0;0.0;25.0;44.0;32.0;0.0;25.0;3.0;0.875;247.0;1.0;0.0;0.0;0.2708;0.0;0.0;26.0;7.0;2.111111111111111;1
org.apache.synapse.core.axis2.DynamicAxisOperation;3.0;5.0;0.0;6.0;6.0;3.0;2.0;5.0;3.0;2.0;18.0;0.0;0.0;0.9905;0.5;0.0;0.0;5.0;1.0;1.0;2
org.apache.synapse.core.axis2.SynapseMustUnderstandHandler;2.0;2.0;0.0;8.0;14.0;1.0;0.0;8.0;2.0;2.0;46.0;0.0;0.0;0.875;0.75;0.0;0.0;22.0;1.0;1.0;0
org.apache.synapse.config.xml.XMLConfigConstants;2.0;1.0;0.0;6.0;4.0;1.0;6.0;0.0;1.0;1.6923;80.0;0.0;0.0;0.0;1.0;0.0;0.0;26.0;1.0;1.0;0
org.apache.synapse.startup.quartz.SimpleQuartzJob;5.0;1.0;0.0;12.0;31.0;0.0;0.0;12.0;2.0;1.0;132.0;0.25;0.0;0.0;0.5;0.0;0.0;24.6;1.0;1.0;0
org.apache.synapse.config.xml.endpoints.utils.LoadbalanceAlgorithmFactory;2.0;1.0;0.0;6.0;8.0;1.0;2.0;4.0;2.0;2.0;33.0;0.0;0.0;0.0;0.5;0.0;0.0;15.5;3.0;2.0;0
org.apache.synapse.config.xml.MediatorSerializerFinder;7.0;1.0;0.0;9.0;29.0;0.0;3.0;6.0;3.0;0.5417;265.0;1.0;1.0;0.0;0.3333;0.0;0.0;36.2857;3.0;1.5714285714285714;0
org.apache.synapse.config.xml.XSLTMediatorSerializer;3.0;2.0;0.0;11.0;31.0;3.0;0.0;11.0;3.0;2.0;142.0;0.0;0.0;0.75;0.5556;0.0;0.0;46.3333;10.0;4.0;0
org.apache.synapse.statistics.StatisticsHolder;9.0;1.0;0.0;2.0;12.0;22.0;1.0;1.0;9.0;0.8125;75.0;1.0;2.0;0.0;0.2889;0.0;0.0;6.8889;4.0;1.3333333333333333;0
org.apache.synapse.ServerManager;8.0;1.0;0.0;16.0;55.0;14.0;4.0;12.0;6.0;0.8286;379.0;1.0;1.0;0.0;0.3333;0.0;0.0;45.75;12.0;3.25;0
org.apache.synapse.config.xml.endpoints.utils.WSDL11EndpointBuilder;6.0;1.0;0.0;6.0;31.0;13.0;1.0;5.0;3.0;0.2;177.0;1.0;0.0;0.0;0.5;0.0;0.0;28.3333;10.0;2.5;0
org.apache.synapse.startup.quartz.SimpleQuartz;15.0;2.0;0.0;16.0;50.0;59.0;2.0;15.0;14.0;0.875;231.0;0.875;0.0;0.1333;0.2381;0.0;0.0;13.8667;3.0;1.2;0
org.apache.synapse.registry.AbstractRegistry;7.0;1.0;1.0;10.0;38.0;13.0;1.0;9.0;5.0;0.75;230.0;1.0;0.0;0.0;0.375;0.0;0.0;31.5714;20.0;3.7142857142857144;0
org.apache.synapse.registry.url.URLRegistryEntry;18.0;1.0;0.0;2.0;28.0;87.0;1.0;1.0;18.0;0.8529;200.0;1.0;0.0;0.0;0.3611;0.0;0.0;9.6667;1.0;1.0;0
org.apache.synapse.mediators.builtin.ValidateMediator;11.0;3.0;0.0;17.0;79.0;1.0;3.0;15.0;9.0;0.8143;563.0;0.8571;0.0;0.6875;0.303;1.0;3.0;49.5455;16.0;2.8181818181818183;0
org.apache.synapse.config.xml.SwitchMediatorFactory;4.0;2.0;0.0;13.0;28.0;2.0;0.0;13.0;3.0;0.6667;175.0;1.0;0.0;0.6;0.6667;0.0;0.0;42.0;5.0;2.0;0
org.apache.synapse.startup.tasks.MessageInjector;7.0;1.0;0.0;9.0;22.0;5.0;0.0;9.0;7.0;0.7;114.0;1.0;1.0;0.0;0.3929;0.0;0.0;14.5714;5.0;1.5714285714285714;0
org.apache.synapse.config.xml.RegistrySerializer;4.0;1.0;0.0;11.0;23.0;2.0;1.0;10.0;2.0;0.5833;101.0;1.0;0.0;0.0;0.3333;0.0;0.0;23.25;4.0;1.75;0
org.apache.synapse.config.xml.IterateMediatorSerializer;3.0;2.0;0.0;11.0;24.0;3.0;0.0;11.0;3.0;2.0;108.0;0.0;0.0;0.75;0.5556;0.0;0.0;35.0;8.0;3.3333333333333335;0
org.apache.synapse.config.xml.DBReportMediatorSerializer;3.0;3.0;0.0;8.0;14.0;3.0;0.0;8.0;3.0;2.0;45.0;0.0;0.0;0.7778;0.5556;0.0;0.0;14.0;3.0;1.6666666666666667;0
org.apache.synapse.mediators.filters.SwitchMediator;8.0;2.0;0.0;9.0;32.0;0.0;2.0;7.0;8.0;0.5714;219.0;1.0;1.0;0.65;0.375;0.0;0.0;26.0;15.0;2.75;0
org.apache.synapse.util.TextFileDataSource;15.0;1.0;0.0;11.0;38.0;81.0;2.0;10.0;6.0;0.8571;177.0;1.0;0.0;0.0;0.1607;0.0;0.0;10.4;1.0;1.0;5
org.apache.synapse.config.xml.endpoints.AddressEndpointFactory;8.0;1.0;0.0;11.0;56.0;20.0;1.0;10.0;4.0;0.7143;468.0;1.0;1.0;0.0;0.2619;0.0;0.0;57.0;31.0;5.375;3
org.apache.synapse.mediators.builtin.SendMediator;4.0;2.0;0.0;14.0;30.0;0.0;2.0;12.0;4.0;0.0;187.0;1.0;1.0;0.8125;0.5;0.0;0.0;45.5;17.0;5.0;0
org.apache.synapse.config.xml.AbstractDBMediatorSerializer;2.0;2.0;2.0;14.0;30.0;1.0;2.0;12.0;1.0;2.0;377.0;0.0;0.0;0.8571;0.6667;0.0;0.0;187.5;25.0;13.0;0
org.apache.synapse.util.concurrent.SynapseThreadFactory;2.0;1.0;0.0;1.0;13.0;0.0;1.0;0.0;2.0;0.0;57.0;0.0;0.0;0.0;0.625;0.0;0.0;26.0;1.0;1.0;0
org.apache.synapse.metrics.Counter;3.0;1.0;0.0;2.0;4.0;0.0;2.0;0.0;3.0;0.0;20.0;1.0;0.0;0.0;1.0;0.0;0.0;5.3333;1.0;1.0;0
org.apache.synapse.config.xml.endpoints.EndpointFactory;1.0;1.0;0.0;15.0;1.0;0.0;12.0;3.0;1.0;2.0;1.0;0.0;0.0;0.0;1.0;0.0;0.0;0.0;1.0;1.0;1
org.apache.synapse.SynapseConstants;2.0;1.0;0.0;11.0;6.0;1.0;8.0;3.0;1.0;1.9692;81.0;0.0;0.0;0.0;1.0;0.0;0.0;7.0;1.0;1.0;3
org.apache.synapse.util.SimpleMap;22.0;1.0;0.0;2.0;22.0;231.0;2.0;0.0;22.0;2.0;22.0;0.0;0.0;0.0;0.2045;0.0;0.0;0.0;1.0;1.0;0
org.apache.synapse.endpoints.dispatch.HttpSessionDispatcher;5.0;1.0;0.0;7.0;14.0;0.0;2.0;5.0;5.0;0.25;128.0;0.0;0.0;0.0;0.6;0.0;0.0;24.4;5.0;3.2;0
org.apache.synapse.config.xml.SendMediatorSerializer;3.0;2.0;0.0;10.0;16.0;3.0;0.0;10.0;3.0;2.0;56.0;0.0;0.0;0.75;0.5556;0.0;0.0;17.6667;4.0;2.0;1
org.apache.synapse.config.xml.PropertyMediatorFactory;4.0;2.0;0.0;10.0;23.0;4.0;0.0;10.0;3.0;0.6667;182.0;1.0;0.0;0.6;0.6667;0.0;0.0;44.0;15.0;4.5;0
org.apache.synapse.config.xml.AbstractListMediatorFactory;2.0;2.0;7.0;14.0;15.0;1.0;7.0;7.0;1.0;2.0;46.0;0.0;0.0;0.75;0.5;0.0;0.0;22.0;3.0;2.0;0
org.apache.synapse.registry.Registry;8.0;1.0;0.0;10.0;8.0;28.0;7.0;3.0;8.0;2.0;8.0;0.0;0.0;0.0;0.4375;0.0;0.0;0.0;1.0;1.0;0
org.apache.synapse.mediators.builtin.LogMediator;16.0;2.0;0.0;13.0;60.0;34.0;4.0;9.0;9.0;0.8667;483.0;0.375;0.0;0.4643;0.2589;0.0;0.0;28.6875;8.0;2.5;0
org.apache.synapse.config.xml.IterateMediatorFactory;4.0;2.0;0.0;12.0;29.0;2.0;0.0;12.0;3.0;0.6667;169.0;1.0;0.0;0.6;0.6667;0.0;0.0;40.0;8.0;2.75;0
org.apache.synapse.mediators.builtin.PropertyMediator;12.0;2.0;0.0;10.0;37.0;14.0;2.0;8.0;12.0;0.8312;390.0;0.7143;0.0;0.5417;0.3;0.0;0.0;30.9167;30.0;3.4166666666666665;0
org.apache.synapse.core.axis2.SynapseCallbackReceiver;6.0;1.0;0.0;35.0;101.0;3.0;2.0;33.0;3.0;0.6;550.0;1.0;0.0;0.0;0.3714;0.0;0.0;90.3333;7.0;2.0;3
org.apache.synapse.config.xml.InMediatorFactory;4.0;3.0;0.0;5.0;9.0;4.0;0.0;5.0;3.0;0.6667;30.0;1.0;0.0;0.6667;0.6667;0.0;0.0;6.25;1.0;1.0;0
org.apache.synapse.mediators.GetPropertyFunction;7.0;1.0;0.0;11.0;38.0;0.0;1.0;11.0;5.0;0.625;359.0;0.75;1.0;0.0;0.2708;0.0;0.0;49.7143;31.0;5.571428571428571;0
org.apache.synapse.core.axis2.ProxyService;53.0;1.0;0.0;37.0;144.0;1172.0;9.0;30.0;47.0;0.9416;1164.0;0.9615;4.0;0.0;0.1346;0.0;0.0;20.4717;39.0;1.8679245283018868;4
org.apache.synapse.config.xml.HeaderMediatorFactory;4.0;2.0;0.0;11.0;34.0;2.0;0.0;11.0;3.0;0.6667;191.0;1.0;0.0;0.6;0.6667;0.0;0.0;46.25;13.0;4.0;0
org.apache.synapse.config.xml.SynapseXMLConfigurationFactory;15.0;1.0;0.0;26.0;77.0;99.0;0.0;26.0;6.0;0.3571;445.0;1.0;0.0;0.0;0.3143;0.0;0.0;28.6;19.0;2.7333333333333334;2
org.apache.synapse.mediators.ext.ClassMediator;8.0;2.0;0.0;10.0;29.0;0.0;2.0;8.0;8.0;0.5;169.0;1.0;1.0;0.65;0.2708;0.0;0.0;19.875;6.0;2.25;0
org.apache.synapse.endpoints.utils.EndpointDefinition;35.0;1.0;0.0;13.0;36.0;493.0;13.0;0.0;35.0;0.9412;225.0;1.0;0.0;0.0;0.2971;0.0;0.0;4.9429;1.0;1.0;1
org.apache.synapse.mediators.filters.InMediator;3.0;3.0;0.0;7.0;16.0;3.0;2.0;5.0;3.0;2.0;74.0;0.0;0.0;0.9167;0.8333;1.0;2.0;23.6667;8.0;3.6666666666666665;0
org.apache.synapse.config.xml.endpoints.FailoverEndpointSerializer;2.0;1.0;0.0;12.0;14.0;0.0;1.0;12.0;2.0;0.0;77.0;1.0;0.0;0.0;0.75;0.0;0.0;37.0;4.0;2.5;1
org.apache.synapse.config.xml.OutMediatorFactory;4.0;3.0;0.0;5.0;9.0;4.0;0.0;5.0;3.0;0.6667;30.0;1.0;0.0;0.6667;0.6667;0.0;0.0;6.25;1.0;1.0;0
org.apache.synapse.Startup;3.0;1.0;0.0;10.0;3.0;3.0;9.0;1.0;3.0;2.0;3.0;0.0;0.0;0.0;0.6667;0.0;0.0;0.0;1.0;1.0;0
