org.apache.xerces.readers.StreamingCharReader;34.0;2.0;0.0;14.0;74.0;41.0;1.0;14.0;21.0;0.6727;2897.0;1.0;2.0;0.4576;0.1608;1.0;3.0;83.7647;2.0;1.1176470588235294;0
org.apache.xml.serialize.BaseMarkupSerializer;60.0;1.0;3.0;10.0;128.0;1094.0;3.0;7.0;41.0;0.7932;1915.0;0.9333;4.0;0.0;0.1211;0.0;0.0;30.6667;13.0;2.85;1
org.apache.xml.serialize.OutputFormat;46.0;1.0;0.0;13.0;61.0;833.0;11.0;2.0;46.0;0.9037;579.0;1.0;1.0;0.0;0.2205;0.0;0.0;11.1957;12.0;1.7391304347826086;3
org.apache.xml.serialize.HTMLdtd;19.0;1.0;0.0;1.0;50.0;149.0;1.0;0.0;11.0;0.9673;705.0;0.9412;0.0;0.0;0.2333;0.0;0.0;35.2105;14.0;2.9473684210526314;1
org.apache.html.dom.HTMLTableSectionElementImpl;14.0;6.0;0.0;8.0;29.0;91.0;2.0;7.0;12.0;1.0;172.0;1.0;1.0;0.9212;0.3571;0.0;0.0;11.2143;4.0;1.8571428571428572;0
org.w3c.dom.html.HTMLFrameSetElement;4.0;1.0;0.0;0.0;4.0;6.0;0.0;0.0;4.0;2.0;4.0;0.0;0.0;0.0;0.75;0.0;0.0;0.0;1.0;1.0;0
org.w3c.dom.html.HTMLLIElement;4.0;1.0;0.0;0.0;4.0;6.0;0.0;0.0;4.0;2.0;4.0;0.0;0.0;0.0;0.5;0.0;0.0;0.0;1.0;1.0;0
org.apache.wml.dom.WMLEmElementImpl;7.0;6.0;0.0;4.0;10.0;21.0;0.0;4.0;7.0;2.0;35.0;0.0;0.0;0.9589;0.5714;1.0;5.0;4.0;1.0;1.0;1
org.apache.xerces.validators.dtd.DTDGrammar;41.0;2.0;0.0;11.0;74.0;280.0;2.0;9.0;35.0;0.9039;1225.0;1.0;10.0;0.4872;0.3066;1.0;7.0;28.4146;3.0;1.2195121951219512;0
org.apache.wml.WMLUElement;2.0;1.0;0.0;2.0;2.0;1.0;1.0;1.0;2.0;2.0;2.0;0.0;0.0;0.0;0.75;0.0;0.0;0.0;1.0;1.0;0
org.apache.wml.WMLOneventElement;2.0;1.0;0.0;2.0;2.0;1.0;1.0;1.0;2.0;2.0;2.0;0.0;0.0;0.0;0.75;0.0;0.0;0.0;1.0;1.0;0
javax.xml.parsers.SAXParser;17.0;1.0;1.0;0.0;35.0;136.0;0.0;0.0;16.0;2.0;185.0;0.0;0.0;0.0;0.3088;0.0;0.0;9.8824;1.0;1.0;15
org.apache.xerces.dom.ProcessingInstructionImpl;6.0;4.0;1.0;5.0;10.0;9.0;3.0;3.0;6.0;0.9;46.0;0.5;0.0;0.9444;0.5;1.0;1.0;6.3333;2.0;1.5;0
org.apache.xerces.validators.schema.identity.Field;6.0;1.0;0.0;13.0;9.0;0.0;9.0;7.0;6.0;0.6667;42.0;1.0;3.0;0.0;0.3333;0.0;0.0;5.5;1.0;1.0;1
org.w3c.dom.html.HTMLHtmlElement;2.0;1.0;0.0;0.0;2.0;1.0;0.0;0.0;2.0;2.0;2.0;0.0;0.0;0.0;0.75;0.0;0.0;0.0;1.0;1.0;0
org.apache.wml.WMLFieldsetElement;4.0;1.0;0.0;2.0;4.0;6.0;1.0;1.0;4.0;2.0;4.0;0.0;0.0;0.0;0.75;0.0;0.0;0.0;1.0;1.0;0
org.apache.xerces.parsers.DOMParser;63.0;2.0;1.0;27.0;220.0;953.0;5.0;22.0;42.0;0.8742;5744.0;0.9;6.0;0.512;0.1521;2.0;8.0;89.6984;6.0;1.7142857142857142;7
org.xml.sax.SAXException;6.0;3.0;3.0;0.0;8.0;15.0;0.0;0.0;6.0;1.0;29.0;1.0;0.0;0.85;0.5556;1.0;2.0;3.6667;1.0;1.0;9
org.apache.xerces.framework.Version;3.0;1.0;0.0;0.0;5.0;1.0;0.0;0.0;2.0;0.5;14.0;0.0;0.0;0.0;0.5;0.0;0.0;3.3333;1.0;1.0;5
org.apache.xerces.dom.RangeExceptionImpl;1.0;5.0;0.0;1.0;2.0;0.0;1.0;0.0;1.0;2.0;6.0;0.0;0.0;1.0;1.0;0.0;0.0;5.0;1.0;1.0;0
org.apache.xerces.dom.DocumentFragmentImpl;4.0;4.0;0.0;2.0;6.0;6.0;1.0;2.0;4.0;1.3333;16.0;0.0;0.0;0.981;0.625;1.0;2.0;2.75;1.0;1.0;0
org.apache.html.dom.HTMLIFrameElementImpl;21.0;6.0;0.0;3.0;25.0;210.0;0.0;3.0;21.0;2.0;120.0;0.0;0.0;0.8837;0.5238;0.0;0.0;4.7143;1.0;1.0;0
org.apache.xerces.validators.common.CMNode;9.0;1.0;4.0;8.0;11.0;20.0;6.0;2.0;0.0;0.825;77.0;1.0;3.0;0.0;0.5185;0.0;0.0;7.0;1.0;1.0;0
org.apache.html.dom.HTMLScriptElementImpl;15.0;6.0;0.0;4.0;30.0;105.0;0.0;4.0;15.0;2.0;126.0;0.0;0.0;0.9157;0.4;0.0;0.0;7.4;3.0;1.2;0
org.apache.xerces.validators.datatype.DatatypeValidator;3.0;1.0;0.0;28.0;3.0;3.0;27.0;1.0;3.0;1.5;17.0;0.0;0.0;0.0;0.6667;0.0;0.0;0.0;1.0;1.0;13
org.w3c.dom.html.HTMLDListElement;2.0;1.0;0.0;0.0;2.0;1.0;0.0;0.0;2.0;2.0;2.0;0.0;0.0;0.0;0.75;0.0;0.0;0.0;1.0;1.0;0
org.w3c.dom.events.DocumentEvent;1.0;1.0;0.0;0.0;1.0;0.0;0.0;0.0;1.0;2.0;1.0;0.0;0.0;0.0;1.0;0.0;0.0;0.0;1.0;1.0;0
org.apache.xerces.validators.common.XMLContentModel;5.0;1.0;0.0;10.0;5.0;10.0;6.0;4.0;5.0;2.0;5.0;0.0;0.0;0.0;0.4;0.0;0.0;0.0;1.0;1.0;0
org.apache.html.dom.HTMLTitleElementImpl;3.0;6.0;0.0;3.0;14.0;3.0;1.0;3.0;3.0;2.0;60.0;0.0;0.0;0.987;0.6667;0.0;0.0;19.0;3.0;2.0;0
org.apache.xml.serialize.XMLSerializer;12.0;2.0;0.0;6.0;75.0;66.0;2.0;4.0;9.0;2.0;995.0;0.0;0.0;0.8806;0.25;2.0;9.0;81.9167;30.0;8.666666666666666;2
org.apache.wml.dom.WMLSmallElementImpl;7.0;6.0;0.0;4.0;10.0;21.0;0.0;4.0;7.0;2.0;35.0;0.0;0.0;0.9589;0.5714;1.0;5.0;4.0;1.0;1.0;1
org.apache.html.dom.HTMLFontElementImpl;7.0;6.0;0.0;3.0;11.0;21.0;0.0;3.0;7.0;2.0;43.0;0.0;0.0;0.962;0.5714;0.0;0.0;5.1429;1.0;1.0;0
org.apache.html.dom.HTMLButtonElementImpl;12.0;6.0;0.0;4.0;22.0;66.0;0.0;4.0;12.0;2.0;97.0;0.0;0.0;0.9325;0.3167;0.0;0.0;7.0833;3.0;1.3333333333333333;0
org.w3c.dom.CDATASection;0.0;1.0;0.0;0.0;0.0;0.0;0.0;0.0;0.0;2.0;0.0;0.0;0.0;0.0;0.0;0.0;0.0;0.0;0;0;0
org.apache.xerces.utils.regex.REUtil;17.0;1.0;0.0;8.0;53.0;134.0;7.0;3.0;5.0;0.9375;869.0;0.0;1.0;0.0;0.2125;0.0;0.0;50.0;19.0;4.9411764705882355;1
org.apache.xerces.validators.datatype.IDDatatypeValidator;10.0;2.0;0.0;8.0;31.0;33.0;1.0;7.0;7.0;0.8571;195.0;0.7143;2.0;0.3333;0.2444;0.0;0.0;17.8;4.0;1.3;3
org.apache.xerces.dom.ParentNode;32.0;3.0;7.0;34.0;75.0;236.0;27.0;11.0;14.0;0.6505;1240.0;0.8333;3.0;0.7087;0.1806;2.0;16.0;37.5625;11.0;2.46875;1
org.apache.html.dom.HTMLTableCaptionElementImpl;3.0;6.0;0.0;4.0;6.0;3.0;1.0;3.0;3.0;2.0;17.0;0.0;0.0;0.987;0.6667;0.0;0.0;4.6667;1.0;1.0;0
javax.xml.parsers.DocumentBuilderFactory;20.0;1.0;1.0;0.0;47.0;152.0;0.0;0.0;16.0;0.9158;325.0;0.9;0.0;0.0;0.3553;0.0;0.0;14.75;10.0;1.55;2
org.apache.xerces.validators.common.DFAContentModel;14.0;1.0;0.0;13.0;58.0;41.0;1.0;12.0;7.0;0.7793;1672.0;1.0;7.0;0.0;0.3077;0.0;0.0;116.7857;3.0;1.2142857142857142;1
org.apache.xerces.utils.regex.RangeToken;18.0;2.0;0.0;6.0;35.0;0.0;6.0;1.0;1.0;0.6807;2129.0;0.1429;1.0;0.7344;0.3611;1.0;7.0;116.8889;17.0;8.222222222222221;1
org.apache.html.dom.HTMLLIElementImpl;5.0;6.0;0.0;3.0;10.0;10.0;0.0;3.0;5.0;2.0;31.0;0.0;0.0;0.9744;0.45;0.0;0.0;5.2;1.0;1.0;0
org.apache.xerces.validators.common.CMException;2.0;3.0;0.0;11.0;3.0;1.0;11.0;0.0;2.0;2.0;9.0;0.5;0.0;0.9444;0.75;0.0;0.0;2.5;1.0;1.0;2
org.apache.wml.WMLOptionElement;8.0;1.0;0.0;2.0;8.0;28.0;1.0;1.0;8.0;2.0;8.0;0.0;0.0;0.0;0.75;0.0;0.0;0.0;1.0;1.0;0
org.apache.xerces.readers.XMLEntityHandler;10.0;1.0;0.0;22.0;10.0;45.0;20.0;2.0;10.0;1.1111;51.0;0.0;0.0;0.0;0.3;0.0;0.0;0.0;1.0;1.0;0
org.apache.xerces.utils.ChunkyCharArray;8.0;1.0;0.0;6.0;17.0;4.0;3.0;3.0;8.0;0.6531;186.0;1.0;2.0;0.0;0.3036;0.0;0.0;21.375;2.0;1.625;0
org.apache.html.dom.HTMLHRElementImpl;9.0;6.0;0.0;3.0;15.0;36.0;0.0;3.0;9.0;2.0;52.0;0.0;0.0;0.95;0.4167;0.0;0.0;4.7778;1.0;1.0;0
org.apache.xerces.dom.NamedNodeMapImpl;22.0;1.0;1.0;8.0;49.0;41.0;6.0;2.0;9.0;0.8435;595.0;0.8571;1.0;0.0;0.2273;0.0;0.0;25.7273;11.0;2.5;3
org.apache.wml.dom.WMLStrongElementImpl;7.0;6.0;0.0;4.0;10.0;21.0;0.0;4.0;7.0;2.0;35.0;0.0;0.0;0.9589;0.5714;1.0;5.0;4.0;1.0;1.0;1
org.apache.wml.dom.WMLAnchorElementImpl;9.0;6.0;0.0;4.0;12.0;36.0;0.0;4.0;9.0;2.0;46.0;0.0;0.0;0.9459;0.5556;1.0;5.0;4.1111;1.0;1.0;1
org.apache.xerces.utils.Base64;7.0;1.0;0.0;1.0;9.0;13.0;1.0;0.0;6.0;1.0833;718.0;1.0;0.0;0.0;0.25;0.0;0.0;99.8571;11.0;4.857142857142857;6
org.apache.wml.WMLImgElement;18.0;1.0;0.0;2.0;18.0;153.0;1.0;1.0;18.0;2.0;18.0;0.0;0.0;0.0;0.75;0.0;0.0;0.0;1.0;1.0;0
org.apache.xml.serialize.SieveEncodingInfo;3.0;2.0;0.0;3.0;12.0;1.0;1.0;2.0;3.0;0.0;159.0;0.0;1.0;0.75;0.8889;0.0;0.0;51.0;12.0;4.666666666666667;0
org.xml.sax.Attributes;12.0;1.0;0.0;0.0;12.0;66.0;0.0;0.0;12.0;2.0;12.0;0.0;0.0;0.0;0.6389;0.0;0.0;0.0;1.0;1.0;0
org.w3c.dom.html.HTMLHRElement;8.0;1.0;0.0;0.0;8.0;28.0;0.0;0.0;8.0;2.0;8.0;0.0;0.0;0.0;0.5;0.0;0.0;0.0;1.0;1.0;0
org.apache.xerces.validators.datatype.UnionDatatypeValidator;11.0;2.0;0.0;11.0;37.0;11.0;2.0;9.0;8.0;0.5;480.0;1.0;2.0;0.3333;0.2841;0.0;0.0;41.8182;4.0;1.3636363636363635;0
org.apache.xerces.readers.CharReader;4.0;3.0;0.0;6.0;9.0;0.0;1.0;5.0;0.0;0.381;577.0;1.0;0.0;0.9508;0.4063;1.0;3.0;141.5;1.0;1.0;1
org.apache.html.dom.HTMLTableRowElementImpl;20.0;6.0;0.0;10.0;42.0;190.0;2.0;10.0;19.0;1.0;284.0;0.0;1.0;0.8889;0.275;0.0;0.0;13.15;4.0;2.05;0
org.apache.xerces.framework.XMLDocumentHandler;18.0;1.0;0.0;6.0;18.0;153.0;4.0;2.0;18.0;2.0;18.0;0.0;0.0;0.0;0.4;0.0;0.0;0.0;1.0;1.0;0
org.apache.html.dom.HTMLObjectElementImpl;35.0;6.0;0.0;4.0;43.0;595.0;0.0;4.0;35.0;2.0;200.0;0.0;0.0;0.8172;0.3086;0.0;0.0;4.7143;1.0;1.0;0
org.w3c.dom.html.HTMLButtonElement;12.0;1.0;0.0;0.0;12.0;66.0;0.0;0.0;12.0;2.0;12.0;0.0;0.0;0.0;0.3542;0.0;0.0;0.0;1.0;1.0;0
org.apache.xerces.readers.XMLEntityReaderFactory;8.0;1.0;0.0;11.0;8.0;28.0;7.0;5.0;8.0;2.0;8.0;0.0;0.0;0.0;0.3636;0.0;0.0;0.0;1.0;1.0;0
org.apache.wml.WMLCardElement;14.0;1.0;0.0;2.0;14.0;91.0;1.0;1.0;14.0;2.0;14.0;0.0;0.0;0.0;0.5;0.0;0.0;0.0;1.0;1.0;0
org.apache.html.dom.HTMLTextAreaElementImpl;23.0;6.0;0.0;4.0;32.0;253.0;0.0;4.0;23.0;2.0;149.0;0.0;0.0;0.8736;0.2957;1.0;2.0;5.4783;3.0;1.173913043478261;0
org.apache.xerces.readers.EBCDICRecognizer;2.0;2.0;0.0;8.0;14.0;1.0;0.0;8.0;1.0;2.0;140.0;0.0;0.0;0.75;0.5714;2.0;2.0;69.0;1.0;1.0;5
org.apache.xerces.readers.DefaultReaderFactory;9.0;1.0;0.0;11.0;26.0;16.0;1.0;10.0;9.0;0.875;180.0;1.0;0.0;0.0;0.3333;0.0;0.0;18.4444;1.0;1.0;2
org.w3c.dom.NamedNodeMap;8.0;1.0;0.0;0.0;8.0;28.0;0.0;0.0;8.0;2.0;8.0;0.0;0.0;0.0;0.4688;0.0;0.0;0.0;1.0;1.0;0
org.apache.wml.WMLDoElement;10.0;1.0;0.0;2.0;10.0;45.0;1.0;1.0;10.0;2.0;10.0;0.0;0.0;0.0;0.75;0.0;0.0;0.0;1.0;1.0;0
org.apache.xerces.validators.common.XMLElementDecl;6.0;1.0;0.0;9.0;14.0;3.0;7.0;2.0;6.0;0.7286;132.0;0.0;2.0;0.0;0.5;1.0;1.0;18.6667;1.0;1.0;0
org.apache.html.dom.HTMLOListElementImpl;7.0;6.0;0.0;3.0;14.0;21.0;0.0;3.0;7.0;2.0;42.0;0.0;0.0;0.962;0.3429;0.0;0.0;5.0;1.0;1.0;0
org.apache.xerces.dom.DeferredDocumentTypeImpl;4.0;5.0;0.0;8.0;28.0;0.0;1.0;8.0;1.0;0.6667;176.0;0.5;0.0;0.9748;0.5;3.0;13.0;42.5;8.0;2.75;3
org.w3c.dom.html.HTMLTableElement;34.0;1.0;0.0;0.0;34.0;561.0;0.0;0.0;34.0;2.0;34.0;0.0;0.0;0.0;0.2824;0.0;0.0;0.0;1.0;1.0;0
org.apache.xerces.validators.schema.XUtil;15.0;1.0;0.0;4.0;42.0;105.0;3.0;1.0;14.0;2.0;505.0;0.0;0.0;0.0;0.4;0.0;0.0;32.6667;5.0;3.8666666666666667;12
org.w3c.dom.html.HTMLTableCellElement;29.0;1.0;0.0;0.0;29.0;406.0;0.0;0.0;29.0;2.0;29.0;0.0;0.0;0.0;0.3707;0.0;0.0;0.0;1.0;1.0;0
org.apache.xerces.readers.UTF8Recognizer;2.0;2.0;0.0;9.0;18.0;0.0;1.0;9.0;1.0;0.0;239.0;1.0;0.0;0.75;0.5714;2.0;2.0;118.0;1.0;1.0;3
org.apache.wml.WMLRefreshElement;0.0;1.0;0.0;2.0;0.0;0.0;1.0;1.0;0.0;2.0;0.0;0.0;0.0;0.0;0.0;0.0;0.0;0.0;0;0;0
org.apache.html.dom.HTMLIsIndexElementImpl;3.0;6.0;0.0;3.0;6.0;3.0;0.0;3.0;3.0;2.0;17.0;0.0;0.0;0.987;0.6667;0.0;0.0;4.6667;1.0;1.0;0
org.apache.xerces.validators.common.XMLValidator;95.0;1.0;0.0;59.0;295.0;2425.0;13.0;56.0;55.0;0.9441;6955.0;0.9672;41.0;0.0;0.0855;0.0;0.0;70.9263;17.0;1.6421052631578947;19
org.apache.xerces.framework.XMLParser;67.0;1.0;2.0;27.0;140.0;1573.0;7.0;21.0;36.0;0.9277;1269.0;1.0;11.0;0.0;0.1027;0.0;0.0;17.6119;3.0;1.0597014925373134;3
org.apache.html.dom.HTMLPreElementImpl;3.0;6.0;0.0;3.0;8.0;3.0;0.0;3.0;3.0;2.0;20.0;0.0;0.0;0.987;0.5;0.0;0.0;5.6667;1.0;1.0;0
org.w3c.dom.html.HTMLBodyElement;12.0;1.0;0.0;0.0;12.0;66.0;0.0;0.0;12.0;2.0;12.0;0.0;0.0;0.0;0.75;0.0;0.0;0.0;1.0;1.0;0
org.apache.xerces.validators.common.MixedContentModel;8.0;1.0;0.0;7.0;12.0;20.0;1.0;6.0;8.0;0.3333;462.0;1.0;2.0;0.0;0.4643;0.0;0.0;56.0;1.0;1.0;1
org.apache.wml.WMLBElement;2.0;1.0;0.0;2.0;2.0;1.0;1.0;1.0;2.0;2.0;2.0;0.0;0.0;0.0;0.75;0.0;0.0;0.0;1.0;1.0;0
org.apache.html.dom.HTMLFormControl;0.0;1.0;0.0;8.0;0.0;0.0;8.0;0.0;0.0;2.0;0.0;0.0;0.0;0.0;0.0;0.0;0.0;0.0;0;0;0
org.apache.xerces.validators.datatype.BooleanDatatypeValidator;10.0;2.0;0.0;7.0;29.0;37.0;1.0;6.0;6.0;0.6984;228.0;1.0;3.0;0.3636;0.2639;0.0;0.0;21.1;1.0;1.0;1
org.apache.wml.WMLPrevElement;0.0;1.0;0.0;2.0;0.0;0.0;1.0;1.0;0.0;2.0;0.0;0.0;0.0;0.0;0.0;0.0;0.0;0.0;0;0;0
org.w3c.dom.html.HTMLTextAreaElement;23.0;1.0;0.0;0.0;23.0;253.0;0.0;0.0;23.0;2.0;23.0;0.0;0.0;0.0;0.3478;0.0;0.0;0.0;1.0;1.0;0
org.apache.xerces.validators.common.CMBinOp;6.0;2.0;0.0;5.0;14.0;0.0;2.0;3.0;1.0;0.4;139.0;1.0;2.0;0.6154;0.4167;1.0;2.0;21.8333;1.0;1.0;2
org.w3c.dom.html.HTMLUListElement;4.0;1.0;0.0;0.0;4.0;6.0;0.0;0.0;4.0;2.0;4.0;0.0;0.0;0.0;0.5;0.0;0.0;0.0;1.0;1.0;0
org.apache.wml.WMLPostfieldElement;4.0;1.0;0.0;2.0;4.0;6.0;1.0;1.0;4.0;2.0;4.0;0.0;0.0;0.0;0.75;0.0;0.0;0.0;1.0;1.0;0
org.apache.html.dom.HTMLDListElementImpl;3.0;6.0;0.0;2.0;6.0;3.0;0.0;2.0;3.0;2.0;17.0;0.0;0.0;0.987;0.5;0.0;0.0;4.6667;1.0;1.0;0
org.w3c.dom.ranges.RangeException;1.0;4.0;1.0;0.0;2.0;0.0;0.0;0.0;1.0;2.0;8.0;0.0;0.0;1.0;1.0;0.0;0.0;4.0;1.0;1.0;1
org.apache.xerces.validators.schema.SubstitutionGroupComparator;3.0;1.0;0.0;10.0;13.0;0.0;5.0;5.0;2.0;0.1667;167.0;1.0;2.0;0.0;0.5;0.0;0.0;53.6667;1.0;1.0;1
org.w3c.dom.Node;25.0;1.0;0.0;0.0;25.0;300.0;0.0;0.0;25.0;1.0417;37.0;0.0;0.0;0.0;0.33;0.0;0.0;0.0;1.0;1.0;0
org.apache.xerces.dom.DocumentTypeImpl;15.0;4.0;1.0;9.0;27.0;57.0;6.0;4.0;14.0;0.8214;200.0;0.875;3.0;0.8879;0.3833;2.0;5.0;11.8;2.0;1.6666666666666667;0
org.apache.xerces.dom.DeferredCommentImpl;3.0;5.0;0.0;6.0;7.0;0.0;1.0;6.0;1.0;0.75;33.0;0.5;0.0;0.9775;0.5556;2.0;14.0;9.3333;1.0;1.0;2
org.apache.xerces.validators.schema.identity.Unique;2.0;2.0;0.0;4.0;3.0;1.0;3.0;1.0;2.0;2.0;8.0;0.0;0.0;0.8889;0.75;0.0;0.0;3.0;1.0;1.0;0
org.w3c.dom.html.HTMLCollection;3.0;1.0;0.0;0.0;3.0;3.0;0.0;0.0;3.0;2.0;3.0;0.0;0.0;0.0;0.5556;0.0;0.0;0.0;1.0;1.0;0
org.apache.html.dom.HTMLMetaElementImpl;9.0;6.0;0.0;3.0;12.0;36.0;0.0;3.0;9.0;2.0;50.0;0.0;0.0;0.95;0.5556;0.0;0.0;4.5556;1.0;1.0;0
org.apache.xerces.validators.schema.identity.XPathMatcher;13.0;1.0;2.0;17.0;43.0;30.0;7.0;10.0;10.0;0.8611;506.0;1.0;4.0;0.0;0.2;0.0;0.0;36.5385;6.0;1.6153846153846154;1
org.apache.xerces.dom.TreeWalkerImpl;20.0;1.0;0.0;1.0;29.0;58.0;1.0;0.0;14.0;0.5474;547.0;0.2;3.0;0.0;0.31;0.0;0.0;26.1;10.0;4.0;1
org.apache.wml.dom.WMLOptgroupElementImpl;9.0;6.0;0.0;4.0;12.0;36.0;0.0;4.0;9.0;2.0;46.0;0.0;0.0;0.9459;0.5556;1.0;5.0;4.1111;1.0;1.0;1
org.w3c.dom.Entity;3.0;1.0;0.0;0.0;3.0;3.0;0.0;0.0;3.0;2.0;3.0;0.0;0.0;0.0;1.0;0.0;0.0;0.0;1.0;1.0;2
org.apache.html.dom.HTMLInputElementImpl;38.0;6.0;0.0;4.0;49.0;703.0;0.0;4.0;38.0;2.0;229.0;0.0;0.0;0.8042;0.2947;1.0;2.0;5.0263;3.0;1.105263157894737;0
org.apache.xml.serialize.Method;1.0;1.0;0.0;0.0;2.0;0.0;0.0;0.0;1.0;2.0;9.0;0.0;0.0;0.0;1.0;0.0;0.0;3.0;1.0;1.0;0
org.apache.wml.dom.WMLInputElementImpl;25.0;6.0;0.0;4.0;32.0;300.0;0.0;4.0;25.0;2.0;138.0;0.0;0.0;0.8537;0.312;1.0;6.0;4.52;1.0;1.0;2
org.apache.wml.WMLSetvarElement;4.0;1.0;0.0;2.0;4.0;6.0;1.0;1.0;4.0;2.0;4.0;0.0;0.0;0.0;0.75;0.0;0.0;0.0;1.0;1.0;0
org.apache.wml.dom.WMLHeadElementImpl;5.0;6.0;0.0;4.0;8.0;10.0;0.0;4.0;5.0;2.0;24.0;0.0;0.0;0.9722;0.6;1.0;3.0;3.8;1.0;1.0;1
org.apache.html.dom.HTMLFieldSetElementImpl;1.0;6.0;0.0;3.0;2.0;0.0;0.0;3.0;1.0;2.0;6.0;0.0;0.0;1.0;1.0;0.0;0.0;5.0;1.0;1.0;0
org.apache.html.dom.HTMLSelectElementImpl;23.0;6.0;0.0;7.0;41.0;253.0;0.0;7.0;23.0;0.9545;183.0;1.0;1.0;0.8736;0.2464;0.0;0.0;6.913;3.0;1.2608695652173914;0
org.apache.wml.WMLInputElement;20.0;1.0;0.0;2.0;20.0;190.0;1.0;1.0;20.0;2.0;20.0;0.0;0.0;0.0;0.375;0.0;0.0;0.0;1.0;1.0;0
org.apache.xerces.dom.EntityReferenceImpl;10.0;4.0;1.0;7.0;28.0;43.0;3.0;5.0;9.0;0.9444;115.0;0.5;0.0;0.9196;0.325;1.0;2.0;10.3;6.0;1.6;1
org.apache.xerces.jaxp.DocumentBuilderImpl;8.0;2.0;0.0;4.0;22.0;0.0;1.0;3.0;6.0;0.619;109.0;1.0;1.0;0.7;0.3;1.0;1.0;12.25;1.0;1.0;2
org.apache.xerces.dom.ElementImpl;29.0;4.0;4.0;100.0;75.0;94.0;95.0;9.0;24.0;0.7381;663.0;0.6667;1.0;0.7923;0.3379;3.0;11.0;21.7586;11.0;2.8620689655172415;1
org.w3c.dom.html.HTMLAnchorElement;26.0;1.0;0.0;0.0;26.0;325.0;0.0;0.0;26.0;2.0;26.0;0.0;0.0;0.0;0.4872;0.0;0.0;0.0;1.0;1.0;0
org.apache.xerces.dom.ElementDefinitionImpl;5.0;4.0;1.0;7.0;13.0;2.0;4.0;4.0;5.0;0.8333;52.0;0.6667;1.0;0.9626;0.4;2.0;3.0;8.8;2.0;1.4;0
org.apache.xerces.dom.TextImpl;6.0;4.0;2.0;10.0;21.0;15.0;7.0;4.0;6.0;1.2;88.0;0.0;0.0;0.9444;0.3333;0.0;0.0;13.5;2.0;1.3333333333333333;0
org.apache.xerces.utils.ImplementationMessages;5.0;1.0;0.0;6.0;12.0;6.0;5.0;1.0;4.0;1.1818;185.0;0.1364;0.0;0.0;0.5;0.0;0.0;31.6;6.0;2.0;9
org.apache.xerces.validators.schema.SchemaGrammar;45.0;2.0;0.0;13.0;63.0;862.0;3.0;10.0;16.0;0.8968;962.0;0.875;6.0;0.4634;0.1193;1.0;5.0;19.8444;5.0;1.5777777777777777;2
org.w3c.dom.html.HTMLTableCaptionElement;2.0;1.0;0.0;0.0;2.0;1.0;0.0;0.0;2.0;2.0;2.0;0.0;0.0;0.0;0.75;0.0;0.0;0.0;1.0;1.0;0
org.xml.sax.helpers.XMLFilterImpl;36.0;1.0;0.0;0.0;61.0;338.0;0.0;0.0;35.0;0.8429;333.0;1.0;6.0;0.0;0.1259;0.0;0.0;8.0833;2.0;1.1388888888888888;15
org.apache.xerces.msg.ExceptionMessages;3.0;3.0;0.0;0.0;4.0;3.0;0.0;0.0;2.0;1.0;12.0;0.0;0.0;0.973;1.0;0.0;0.0;2.6667;1.0;1.0;2
org.apache.xerces.validators.datatype.IDREFDatatypeValidator;11.0;2.0;0.0;8.0;38.0;35.0;1.0;7.0;7.0;0.8333;253.0;0.6667;2.0;0.3077;0.2323;0.0;0.0;21.1818;6.0;1.4545454545454546;2
org.apache.xerces.validators.schema.identity.XPath;5.0;1.0;2.0;18.0;37.0;2.0;8.0;11.0;4.0;0.7917;454.0;1.0;2.0;0.0;0.36;0.0;0.0;88.6;1.0;1.0;1
org.apache.xerces.dom.ElementNSImpl;6.0;5.0;1.0;5.0;21.0;5.0;2.0;4.0;4.0;0.9;192.0;0.5;0.0;0.9701;0.6111;2.0;2.0;30.3333;3.0;1.6666666666666667;1
org.w3c.dom.Element;16.0;1.0;0.0;0.0;16.0;120.0;0.0;0.0;16.0;2.0;16.0;0.0;0.0;0.0;0.6458;0.0;0.0;0.0;1.0;1.0;0
org.w3c.dom.html.HTMLScriptElement;14.0;1.0;0.0;0.0;14.0;91.0;0.0;0.0;14.0;2.0;14.0;0.0;0.0;0.0;0.5;0.0;0.0;0.0;1.0;1.0;0
org.apache.xerces.dom.NotationImpl;7.0;2.0;1.0;4.0;12.0;15.0;3.0;2.0;7.0;0.9167;80.0;0.75;0.0;0.9178;0.5238;1.0;2.0;9.8571;3.0;2.0;0
org.apache.xerces.readers.XMLEntityReader;29.0;1.0;6.0;13.0;32.0;362.0;6.0;7.0;25.0;0.9036;186.0;1.0;3.0;0.0;0.2207;0.0;0.0;5.069;2.0;1.0344827586206897;9
org.apache.wml.dom.WMLTemplateElementImpl;11.0;6.0;0.0;4.0;14.0;55.0;0.0;4.0;11.0;2.0;57.0;0.0;0.0;0.9333;0.5455;1.0;4.0;4.1818;1.0;1.0;1
org.apache.xml.serialize.TextSerializer;16.0;2.0;0.0;5.0;34.0;120.0;1.0;4.0;10.0;2.0;242.0;0.0;0.0;0.7973;0.2188;1.0;11.0;14.125;6.0;1.8125;4
org.apache.xerces.validators.common.ContentLeafNameTypeVector;4.0;1.0;0.0;6.0;6.0;0.0;5.0;1.0;4.0;0.0;69.0;0.0;1.0;0.0;0.55;0.0;0.0;15.5;2.0;1.25;3
org.apache.wml.dom.WMLBrElementImpl;7.0;6.0;0.0;4.0;10.0;21.0;0.0;4.0;7.0;2.0;35.0;0.0;0.0;0.9589;0.5714;1.0;5.0;4.0;1.0;1.0;1
org.w3c.dom.Document;17.0;1.0;0.0;0.0;17.0;136.0;0.0;0.0;17.0;2.0;17.0;0.0;0.0;0.0;0.4559;0.0;0.0;0.0;1.0;1.0;2
org.apache.html.dom.HTMLElementImpl;23.0;5.0;52.0;56.0;42.0;253.0;53.0;4.0;17.0;2.0;249.0;0.0;0.0;0.8553;0.4565;1.0;4.0;9.8261;4.0;1.6521739130434783;0
org.w3c.dom.html.HTMLPreElement;2.0;1.0;0.0;0.0;2.0;1.0;0.0;0.0;2.0;2.0;2.0;0.0;0.0;0.0;0.75;0.0;0.0;0.0;1.0;1.0;0
org.w3c.dom.html.HTMLStyleElement;6.0;1.0;0.0;0.0;6.0;15.0;0.0;0.0;6.0;2.0;6.0;0.0;0.0;0.0;0.5;0.0;0.0;0.0;1.0;1.0;0
org.w3c.dom.html.HTMLBRElement;2.0;1.0;0.0;0.0;2.0;1.0;0.0;0.0;2.0;2.0;2.0;0.0;0.0;0.0;0.75;0.0;0.0;0.0;1.0;1.0;0
org.apache.html.dom.HTMLBodyElementImpl;13.0;6.0;0.0;3.0;16.0;78.0;1.0;3.0;13.0;2.0;72.0;0.0;0.0;0.9268;0.5385;0.0;0.0;4.5385;1.0;1.0;0
org.apache.html.dom.HTMLLabelElementImpl;5.0;6.0;0.0;4.0;10.0;10.0;0.0;4.0;5.0;2.0;52.0;0.0;0.0;0.9744;0.6;0.0;0.0;9.4;3.0;1.8;0
org.apache.xerces.utils.CharDataChunk;20.0;1.0;0.0;10.0;38.0;62.0;5.0;5.0;13.0;0.7081;604.0;0.6364;4.0;0.0;0.2331;0.0;0.0;28.65;11.0;2.75;2
org.apache.html.dom.HTMLUListElementImpl;5.0;6.0;0.0;3.0;10.0;10.0;0.0;3.0;5.0;2.0;28.0;0.0;0.0;0.9744;0.45;0.0;0.0;4.6;1.0;1.0;0
org.apache.xerces.utils.SymbolCache;6.0;1.0;0.0;2.0;11.0;0.0;2.0;0.0;6.0;0.8444;610.0;0.0;0.0;0.0;0.4583;0.0;0.0;99.1667;8.0;2.6666666666666665;5
org.apache.xerces.validators.datatype.TimeDurationDatatypeValidator;18.0;2.0;0.0;7.0;58.0;141.0;1.0;6.0;10.0;0.8456;1920.0;1.0;2.0;0.2;0.1898;0.0;0.0;104.7778;4.0;1.2777777777777777;2
org.apache.xerces.readers.UCSRecognizer;2.0;2.0;0.0;8.0;5.0;1.0;0.0;8.0;1.0;2.0;146.0;0.0;0.0;0.75;0.5714;0.0;0.0;72.0;1.0;1.0;5
org.apache.xerces.utils.URI;42.0;1.0;0.0;3.0;66.0;375.0;2.0;1.0;29.0;0.7805;2004.0;1.0;0.0;0.0;0.2265;0.0;0.0;46.4286;33.0;3.357142857142857;4
org.xml.sax.AttributeList;6.0;1.0;0.0;0.0;6.0;15.0;0.0;0.0;6.0;2.0;6.0;0.0;0.0;0.0;0.6111;0.0;0.0;0.0;1.0;1.0;0
org.apache.html.dom.HTMLOptGroupElementImpl;5.0;6.0;0.0;3.0;11.0;10.0;0.0;3.0;5.0;2.0;30.0;0.0;0.0;0.9744;0.45;0.0;0.0;5.0;1.0;1.0;0
org.apache.wml.WMLPElement;6.0;1.0;0.0;2.0;6.0;15.0;1.0;1.0;6.0;2.0;6.0;0.0;0.0;0.0;0.75;0.0;0.0;0.0;1.0;1.0;0
org.w3c.dom.html.HTMLTitleElement;2.0;1.0;0.0;0.0;2.0;1.0;0.0;0.0;2.0;2.0;2.0;0.0;0.0;0.0;0.75;0.0;0.0;0.0;1.0;1.0;0
org.w3c.dom.html.HTMLLegendElement;5.0;1.0;0.0;0.0;5.0;10.0;0.0;0.0;5.0;2.0;5.0;0.0;0.0;0.0;0.7;0.0;0.0;0.0;1.0;1.0;0
org.apache.xerces.validators.datatype.DatatypeValidatorFactoryImpl;10.0;1.0;0.0;24.0;45.0;19.0;4.0;20.0;7.0;0.7333;873.0;0.6;0.0;0.0;0.25;0.0;0.0;85.8;4.0;2.1;5
org.apache.xerces.validators.datatype.DoubleDatatypeValidator;11.0;2.0;0.0;9.0;37.0;45.0;3.0;6.0;6.0;0.6667;891.0;1.0;3.0;0.3077;0.2149;0.0;0.0;78.6364;1.0;1.0;3
org.w3c.dom.events.EventListener;1.0;1.0;0.0;0.0;1.0;0.0;0.0;0.0;1.0;2.0;1.0;0.0;0.0;0.0;1.0;0.0;0.0;0.0;1.0;1.0;0
org.apache.html.dom.HTMLModElementImpl;5.0;6.0;0.0;3.0;8.0;10.0;0.0;3.0;5.0;2.0;28.0;0.0;0.0;0.9744;0.6;0.0;0.0;4.6;1.0;1.0;0
org.apache.wml.WMLBigElement;2.0;1.0;0.0;2.0;2.0;1.0;1.0;1.0;2.0;2.0;2.0;0.0;0.0;0.0;0.75;0.0;0.0;0.0;1.0;1.0;0
org.apache.wml.dom.WMLTrElementImpl;5.0;6.0;0.0;4.0;8.0;10.0;0.0;4.0;5.0;2.0;24.0;0.0;0.0;0.9722;0.6;1.0;3.0;3.8;1.0;1.0;1
org.w3c.dom.ranges.Range;24.0;1.0;0.0;0.0;24.0;276.0;0.0;0.0;24.0;1.0435;28.0;0.0;0.0;0.0;0.2708;0.0;0.0;0.0;1.0;1.0;0
org.apache.xerces.utils.StringHasher;5.0;1.0;0.0;6.0;7.0;10.0;6.0;0.0;5.0;2.0;107.0;0.0;0.0;0.0;0.35;0.0;0.0;20.4;3.0;2.0;4
org.apache.xerces.utils.XMLCharacterProperties;10.0;1.0;0.0;10.0;13.0;5.0;10.0;0.0;8.0;0.9085;7824.0;0.1765;0.0;0.0;0.25;0.0;0.0;779.7;9.0;4.9;5
org.apache.html.dom.HTMLHtmlElementImpl;3.0;6.0;0.0;3.0;7.0;3.0;1.0;3.0;3.0;2.0;19.0;0.0;0.0;0.987;0.6667;0.0;0.0;5.3333;1.0;1.0;0
org.apache.wml.dom.WMLOneventElementImpl;7.0;6.0;0.0;4.0;10.0;21.0;0.0;4.0;7.0;2.0;35.0;0.0;0.0;0.9589;0.5714;1.0;3.0;4.0;1.0;1.0;1
org.xml.sax.ext.LexicalHandler;7.0;1.0;0.0;0.0;7.0;21.0;0.0;0.0;7.0;2.0;7.0;0.0;0.0;0.0;0.4286;0.0;0.0;0.0;1.0;1.0;0
org.w3c.dom.traversal.NodeIterator;7.0;1.0;0.0;0.0;7.0;21.0;0.0;0.0;7.0;2.0;7.0;0.0;0.0;0.0;1.0;0.0;0.0;0.0;1.0;1.0;0
org.apache.xml.serialize.LineSeparator;1.0;1.0;0.0;0.0;2.0;0.0;0.0;0.0;1.0;2.0;8.0;0.0;0.0;0.0;1.0;0.0;0.0;3.0;1.0;1.0;0
org.apache.xerces.dom.EntityImpl;10.0;4.0;1.0;6.0;15.0;37.0;4.0;3.0;10.0;0.9333;93.0;0.8;0.0;0.9196;0.4;2.0;3.0;7.8;2.0;1.7;1
org.xml.sax.helpers.AttributesImpl;26.0;1.0;0.0;0.0;40.0;0.0;0.0;0.0;24.0;0.08;722.0;0.0;0.0;0.0;0.5288;0.0;0.0;26.6923;5.0;2.730769230769231;1
org.apache.xerces.validators.schema.identity.ValueStore;1.0;1.0;0.0;4.0;1.0;0.0;4.0;1.0;1.0;2.0;1.0;0.0;0.0;0.0;1.0;0.0;0.0;0.0;1.0;1.0;1
org.w3c.dom.events.EventException;1.0;4.0;0.0;0.0;2.0;0.0;0.0;0.0;1.0;2.0;7.0;0.0;0.0;1.0;1.0;0.0;0.0;4.0;1.0;1.0;1
org.xml.sax.helpers.ParserAdapter;30.0;1.0;0.0;0.0;88.0;177.0;0.0;0.0;24.0;0.882;888.0;0.7368;9.0;0.0;0.1267;0.0;0.0;27.9667;4.0;1.3;0
org.apache.xerces.dom.DeferredEntityReferenceImpl;5.0;5.0;0.0;6.0;22.0;0.0;1.0;6.0;1.0;0.75;118.0;0.5;0.0;0.9655;0.4667;4.0;22.0;22.2;7.0;2.2;2
org.w3c.dom.html.HTMLParagraphElement;2.0;1.0;0.0;0.0;2.0;1.0;0.0;0.0;2.0;2.0;2.0;0.0;0.0;0.0;0.75;0.0;0.0;0.0;1.0;1.0;0
org.apache.wml.WMLSelectElement;16.0;1.0;0.0;2.0;16.0;120.0;1.0;1.0;16.0;2.0;16.0;0.0;0.0;0.0;0.375;0.0;0.0;0.0;1.0;1.0;0
org.apache.wml.WMLMetaElement;10.0;1.0;0.0;2.0;10.0;45.0;1.0;1.0;10.0;2.0;10.0;0.0;0.0;0.0;0.5;0.0;0.0;0.0;1.0;1.0;0
org.w3c.dom.html.HTMLTableColElement;12.0;1.0;0.0;0.0;12.0;66.0;0.0;0.0;12.0;2.0;12.0;0.0;0.0;0.0;0.5;0.0;0.0;0.0;1.0;1.0;0
org.apache.xerces.dom.AttrImpl;38.0;2.0;2.0;18.0;97.0;423.0;10.0;11.0;24.0;0.8176;1439.0;0.75;1.0;0.6569;0.1742;1.0;8.0;36.7632;16.0;2.8684210526315788;0
org.apache.xerces.msg.XMLMessages;3.0;3.0;0.0;0.0;4.0;1.0;0.0;0.0;2.0;0.5;2145.0;0.0;0.0;0.973;1.0;0.0;0.0;713.6667;1.0;1.0;1
org.w3c.dom.CharacterData;8.0;1.0;0.0;0.0;8.0;28.0;0.0;0.0;8.0;2.0;8.0;0.0;0.0;0.0;0.6667;0.0;0.0;0.0;1.0;1.0;0
org.apache.xerces.validators.common.InsertableElementsInfo;1.0;1.0;0.0;6.0;2.0;0.0;5.0;1.0;1.0;2.0;12.0;0.0;2.0;0.0;1.0;0.0;0.0;3.0;1.0;1.0;0
org.apache.wml.WMLStrongElement;2.0;1.0;0.0;2.0;2.0;1.0;1.0;1.0;2.0;2.0;2.0;0.0;0.0;0.0;0.75;0.0;0.0;0.0;1.0;1.0;0
org.apache.wml.dom.WMLNoopElementImpl;5.0;6.0;0.0;4.0;8.0;10.0;0.0;4.0;5.0;2.0;24.0;0.0;0.0;0.9722;0.6;1.0;3.0;3.8;1.0;1.0;1
org.apache.xerces.validators.schema.identity.Key;3.0;2.0;0.0;5.0;4.0;1.0;4.0;1.0;3.0;0.5;16.0;1.0;0.0;0.8;0.6667;0.0;0.0;4.0;1.0;1.0;0
org.apache.xerces.validators.common.Grammar;39.0;1.0;2.0;28.0;83.0;607.0;9.0;19.0;13.0;0.902;2501.0;1.0;9.0;0.0;0.1442;0.0;0.0;62.2051;13.0;2.358974358974359;1
org.xml.sax.XMLFilter;2.0;1.0;0.0;0.0;2.0;1.0;0.0;0.0;2.0;2.0;2.0;0.0;0.0;0.0;0.75;0.0;0.0;0.0;1.0;1.0;0
org.apache.xerces.validators.datatype.ListDatatypeValidator;10.0;2.0;0.0;10.0;39.0;15.0;2.0;8.0;7.0;0.5778;742.0;0.9;2.0;0.3333;0.275;0.0;0.0;72.2;4.0;1.3;0
org.w3c.dom.events.Event;10.0;1.0;0.0;0.0;10.0;45.0;0.0;0.0;10.0;1.1111;13.0;0.0;0.0;0.0;0.4;0.0;0.0;0.0;1.0;1.0;0
org.apache.wml.dom.WMLAElementImpl;11.0;6.0;0.0;4.0;14.0;55.0;0.0;4.0;11.0;2.0;57.0;0.0;0.0;0.9333;0.5455;1.0;6.0;4.1818;1.0;1.0;1
org.apache.xerces.validators.datatype.XMLException;5.0;3.0;2.0;2.0;7.0;10.0;2.0;0.0;5.0;2.0;20.0;0.0;0.0;0.9444;0.6;0.0;0.0;3.0;1.0;1.0;0
org.apache.xml.serialize.SerializerFactoryImpl;6.0;2.0;0.0;7.0;20.0;9.0;1.0;7.0;3.0;0.0;136.0;1.0;0.0;0.5455;0.4333;1.0;2.0;21.5;5.0;2.3333333333333335;0
org.xml.sax.ext.DeclHandler;4.0;1.0;0.0;0.0;4.0;6.0;0.0;0.0;4.0;2.0;4.0;0.0;0.0;0.0;1.0;0.0;0.0;0.0;1.0;1.0;0
org.apache.xerces.validators.schema.TraverseSchema;81.0;1.0;0.0;38.0;249.0;1504.0;3.0;37.0;9.0;0.7887;10690.0;0.9688;10.0;0.0;0.1355;0.0;0.0;130.5802;25.0;1.6049382716049383;30
org.apache.wml.dom.WMLOptionElementImpl;13.0;6.0;0.0;4.0;16.0;78.0;0.0;4.0;13.0;2.0;68.0;0.0;0.0;0.9211;0.5385;1.0;6.0;4.2308;1.0;1.0;1
org.xml.sax.ContentHandler;11.0;1.0;0.0;0.0;11.0;55.0;0.0;0.0;11.0;2.0;11.0;0.0;0.0;0.0;0.3485;0.0;0.0;0.0;1.0;1.0;0
org.apache.xerces.validators.datatype.InvalidDatatypeValueException;8.0;4.0;0.0;21.0;12.0;0.0;20.0;1.0;8.0;0.4286;62.0;1.0;0.0;0.8182;0.4375;0.0;0.0;6.5;1.0;1.0;3
org.w3c.dom.DocumentType;6.0;1.0;0.0;0.0;6.0;15.0;0.0;0.0;6.0;2.0;6.0;0.0;0.0;0.0;1.0;0.0;0.0;0.0;1.0;1.0;0
org.apache.xerces.utils.QName;11.0;1.0;0.0;43.0;16.0;35.0;43.0;0.0;11.0;0.6;158.0;0.0;0.0;0.0;0.4091;1.0;1.0;13.0;7.0;1.5454545454545454;11
org.apache.html.dom.HTMLTableElementImpl;36.0;6.0;0.0;9.0;57.0;630.0;1.0;9.0;35.0;1.0;471.0;1.0;2.0;0.8128;0.2143;0.0;0.0;12.0278;7.0;2.0277777777777777;0
org.apache.xerces.utils.regex.RegularExpression;53.0;1.0;0.0;31.0;143.0;1164.0;12.0;20.0;20.0;0.9079;6631.0;0.0909;6.0;0.0;0.1923;1.0;1.0;123.4906;152.0;14.037735849056604;1
org.apache.wml.WMLAccessElement;4.0;1.0;0.0;2.0;4.0;6.0;1.0;1.0;4.0;2.0;4.0;0.0;0.0;0.0;0.75;0.0;0.0;0.0;1.0;1.0;0
org.apache.xerces.validators.datatype.DatatypeValidatorFactory;1.0;1.0;0.0;7.0;1.0;0.0;5.0;2.0;1.0;2.0;1.0;0.0;0.0;0.0;1.0;0.0;0.0;0.0;1.0;1.0;0
org.apache.wml.WMLSmallElement;2.0;1.0;0.0;2.0;2.0;1.0;1.0;1.0;2.0;2.0;2.0;0.0;0.0;0.0;0.75;0.0;0.0;0.0;1.0;1.0;0
org.apache.xerces.utils.ISO8601Format;1.0;1.0;0.0;0.0;2.0;0.0;0.0;0.0;1.0;2.0;4.0;0.0;0.0;0.0;1.0;0.0;0.0;3.0;1.0;1.0;0
org.apache.xerces.dom.AttrNSImpl;6.0;3.0;1.0;4.0;21.0;5.0;2.0;3.0;4.0;0.96;240.0;0.4;0.0;0.9623;0.6111;2.0;2.0;38.1667;15.0;4.0;1
org.apache.xerces.validators.datatype.BinaryDatatypeValidator;7.0;2.0;0.0;7.0;27.0;15.0;1.0;6.0;6.0;0.75;377.0;1.0;1.0;0.4444;0.3333;1.0;1.0;51.7143;1.0;1.0;3
org.apache.html.dom.HTMLBuilder;11.0;1.0;0.0;8.0;36.0;0.0;0.0;8.0;11.0;0.75;325.0;1.0;3.0;0.0;0.3182;0.0;0.0;28.0;1.0;1.0;2
org.apache.html.dom.HTMLAreaElementImpl;17.0;6.0;0.0;3.0;27.0;136.0;0.0;3.0;17.0;2.0;123.0;0.0;0.0;0.9048;0.3176;0.0;0.0;6.2353;3.0;1.2352941176470589;0
org.apache.xerces.validators.common.CMAny;9.0;2.0;0.0;6.0;19.0;0.0;2.0;4.0;1.0;0.625;120.0;1.0;0.0;0.5;0.3889;1.0;2.0;12.0;2.0;1.1111111111111112;1
org.apache.wml.dom.WMLSelectElementImpl;21.0;6.0;0.0;4.0;27.0;210.0;0.0;4.0;21.0;2.0;114.0;0.0;0.0;0.875;0.3143;1.0;6.0;4.4286;1.0;1.0;2
org.apache.wml.dom.WMLRefreshElementImpl;5.0;6.0;0.0;4.0;8.0;10.0;0.0;4.0;5.0;2.0;24.0;0.0;0.0;0.9722;0.6;1.0;3.0;3.8;1.0;1.0;1
org.apache.html.dom.HTMLLegendElementImpl;5.0;6.0;0.0;3.0;10.0;10.0;0.0;3.0;5.0;2.0;52.0;0.0;0.0;0.9744;0.6;0.0;0.0;9.4;3.0;1.8;0
org.apache.xerces.framework.XMLAttrList;30.0;1.0;0.0;10.0;38.0;0.0;8.0;2.0;29.0;0.8167;1223.0;1.0;2.0;0.0;0.3333;0.0;0.0;39.1333;7.0;2.933333333333333;2
org.apache.xerces.validators.common.GrammarResolver;9.0;1.0;0.0;10.0;9.0;36.0;8.0;2.0;9.0;2.0;9.0;0.0;0.0;0.0;0.5556;0.0;0.0;0.0;1.0;1.0;0
org.apache.xerces.dom.DeferredElementNSImpl;4.0;6.0;0.0;8.0;20.0;0.0;1.0;8.0;1.0;0.6667;103.0;0.5;0.0;0.9781;0.5;4.0;17.0;24.25;4.0;1.75;3
org.apache.xerces.jaxp.SAXParserFactoryImpl;4.0;2.0;0.0;1.0;12.0;6.0;0.0;1.0;4.0;2.0;39.0;0.0;0.0;0.8125;0.5833;0.0;0.0;8.75;1.0;1.0;2
org.w3c.dom.html.HTMLMenuElement;2.0;1.0;0.0;0.0;2.0;1.0;0.0;0.0;2.0;2.0;2.0;0.0;0.0;0.0;0.75;0.0;0.0;0.0;1.0;1.0;0
org.apache.html.dom.HTMLTableColElementImpl;13.0;6.0;0.0;3.0;21.0;78.0;0.0;3.0;13.0;2.0;103.0;0.0;0.0;0.9268;0.4038;0.0;0.0;6.9231;3.0;1.3076923076923077;0
org.apache.html.dom.HTMLDivElementImpl;3.0;6.0;0.0;3.0;7.0;3.0;0.0;3.0;3.0;2.0;19.0;0.0;0.0;0.987;0.6667;0.0;0.0;5.3333;1.0;1.0;0
org.apache.xerces.validators.datatype.NOTATIONDatatypeValidator;8.0;2.0;0.0;5.0;15.0;26.0;1.0;4.0;7.0;0.7143;46.0;1.0;1.0;0.4;0.2857;0.0;0.0;4.625;1.0;1.0;2
org.apache.xerces.dom.AttributeMap;11.0;2.0;0.0;7.0;49.0;55.0;1.0;7.0;5.0;2.0;754.0;0.0;0.0;0.6774;0.3247;1.0;15.0;67.5455;13.0;3.4545454545454546;2
javax.xml.parsers.DocumentBuilder;11.0;1.0;1.0;0.0;21.0;55.0;0.0;0.0;10.0;2.0;99.0;0.0;0.0;0.0;0.2468;0.0;0.0;8.0;1.0;1.0;2
org.w3c.dom.Comment;0.0;1.0;0.0;0.0;0.0;0.0;0.0;0.0;0.0;2.0;0.0;0.0;0.0;0.0;0.0;0.0;0.0;0.0;0;0;0
org.apache.html.dom.HTMLMenuElementImpl;3.0;6.0;0.0;2.0;6.0;3.0;0.0;2.0;3.0;2.0;17.0;0.0;0.0;0.987;0.5;0.0;0.0;4.6667;1.0;1.0;0
org.w3c.dom.html.HTMLFrameElement;16.0;1.0;0.0;0.0;16.0;120.0;0.0;0.0;16.0;2.0;16.0;0.0;0.0;0.0;0.5;0.0;0.0;0.0;1.0;1.0;0
org.apache.xerces.validators.datatype.StateMessageDatatype;3.0;1.0;0.0;9.0;3.0;3.0;9.0;0.0;3.0;2.0;3.0;0.0;0.0;0.0;0.6667;0.0;0.0;0.0;1.0;1.0;0
org.apache.xerces.utils.regex.Match;12.0;1.0;0.0;3.0;22.0;0.0;3.0;1.0;6.0;0.5303;321.0;0.0;0.0;0.0;0.35;0.0;0.0;25.25;8.0;2.6666666666666665;7
org.apache.html.dom.HTMLFormElementImpl;18.0;6.0;0.0;5.0;24.0;153.0;0.0;5.0;18.0;0.9412;92.0;1.0;1.0;0.8994;0.4815;0.0;0.0;4.0556;1.0;1.0;1
org.apache.xerces.utils.XMLMessages;5.0;1.0;0.0;2.0;14.0;0.0;1.0;1.0;4.0;1.2438;1114.0;0.0093;0.0;0.0;0.5;0.0;0.0;157.2;9.0;2.6;1
org.apache.wml.WMLTdElement;2.0;1.0;0.0;2.0;2.0;1.0;1.0;1.0;2.0;2.0;2.0;0.0;0.0;0.0;0.75;0.0;0.0;0.0;1.0;1.0;0
org.apache.wml.dom.WMLTimerElementImpl;9.0;6.0;0.0;4.0;12.0;36.0;0.0;4.0;9.0;2.0;46.0;0.0;0.0;0.9459;0.5556;1.0;4.0;4.1111;1.0;1.0;1
org.apache.html.dom.HTMLFrameSetElementImpl;5.0;6.0;0.0;3.0;8.0;10.0;0.0;3.0;5.0;2.0;28.0;0.0;0.0;0.9744;0.6;0.0;0.0;4.6;1.0;1.0;0
org.xml.sax.helpers.DefaultHandler;18.0;1.0;0.0;0.0;19.0;153.0;0.0;0.0;18.0;2.0;40.0;0.0;0.0;0.0;0.2857;0.0;0.0;1.2222;1.0;1.0;0
org.apache.wml.dom.WMLCardElementImpl;19.0;6.0;0.0;4.0;24.0;171.0;0.0;4.0;19.0;2.0;103.0;0.0;0.0;0.8861;0.3947;1.0;6.0;4.4211;1.0;1.0;1
org.w3c.dom.html.HTMLTableSectionElement;11.0;1.0;0.0;0.0;11.0;55.0;0.0;0.0;11.0;2.0;11.0;0.0;0.0;0.0;0.5152;0.0;0.0;0.0;1.0;1.0;0
org.w3c.dom.Text;1.0;1.0;0.0;0.0;1.0;0.0;0.0;0.0;1.0;2.0;1.0;0.0;0.0;0.0;1.0;0.0;0.0;0.0;1.0;1.0;0
org.apache.xerces.dom.ChildNode;8.0;2.0;2.0;14.0;14.0;20.0;14.0;2.0;5.0;0.9048;69.0;0.6667;2.0;0.9178;0.4167;1.0;1.0;7.25;2.0;1.5;0
org.apache.html.dom.HTMLAnchorElementImpl;27.0;6.0;0.0;3.0;35.0;351.0;0.0;3.0;27.0;2.0;171.0;0.0;0.0;0.8539;0.3796;0.0;0.0;5.3333;3.0;1.1481481481481481;0
org.xml.sax.SAXParseException;9.0;4.0;0.0;0.0;11.0;28.0;0.0;0.0;8.0;0.75;62.0;1.0;0.0;0.8077;0.4667;0.0;0.0;5.4444;1.0;1.0;7
org.apache.wml.dom.WMLUElementImpl;7.0;6.0;0.0;4.0;10.0;21.0;0.0;4.0;7.0;2.0;35.0;0.0;0.0;0.9589;0.5714;1.0;5.0;4.0;1.0;1.0;1
org.apache.wml.dom.WMLDocumentImpl;4.0;5.0;0.0;39.0;22.0;4.0;37.0;3.0;2.0;0.982;555.0;0.0541;0.0;0.9879;0.5556;1.0;1.0;128.5;36.0;9.75;1
org.w3c.dom.html.HTMLBaseElement;4.0;1.0;0.0;0.0;4.0;6.0;0.0;0.0;4.0;2.0;4.0;0.0;0.0;0.0;0.75;0.0;0.0;0.0;1.0;1.0;0
org.apache.xerces.utils.UTF8DataChunk;22.0;1.0;0.0;6.0;39.0;89.0;1.0;5.0;12.0;0.7033;1538.0;0.6923;4.0;0.0;0.2321;0.0;0.0;68.3182;26.0;4.863636363636363;0
org.w3c.dom.html.HTMLOptionElement;13.0;1.0;0.0;0.0;13.0;78.0;0.0;0.0;13.0;2.0;13.0;0.0;0.0;0.0;0.4615;0.0;0.0;0.0;1.0;1.0;0
org.apache.wml.WMLDocument;0.0;1.0;0.0;1.0;0.0;0.0;1.0;0.0;0.0;2.0;0.0;0.0;0.0;0.0;0.0;0.0;0.0;0.0;0;0;0
org.apache.html.dom.HTMLBaseFontElementImpl;7.0;6.0;0.0;3.0;11.0;21.0;0.0;3.0;7.0;2.0;43.0;0.0;0.0;0.962;0.5714;0.0;0.0;5.1429;1.0;1.0;0
org.apache.html.dom.HTMLDirectoryElementImpl;3.0;6.0;0.0;2.0;6.0;3.0;0.0;2.0;3.0;2.0;17.0;0.0;0.0;0.987;0.5;0.0;0.0;4.6667;1.0;1.0;0
org.apache.xml.serialize.HTMLSerializer;17.0;2.0;1.0;7.0;79.0;102.0;2.0;5.0;10.0;0.5625;1190.0;0.5;0.0;0.8429;0.2102;2.0;12.0;68.8824;37.0;8.0;0
org.apache.xerces.validators.common.CMLeaf;9.0;2.0;0.0;7.0;23.0;0.0;2.0;5.0;2.0;0.375;147.0;1.0;1.0;0.5333;0.3556;1.0;2.0;15.1111;2.0;1.1111111111111112;0
org.w3c.dom.html.HTMLHeadElement;2.0;1.0;0.0;0.0;2.0;1.0;0.0;0.0;2.0;2.0;2.0;0.0;0.0;0.0;0.75;0.0;0.0;0.0;1.0;1.0;0
org.apache.html.dom.HTMLLinkElementImpl;19.0;6.0;0.0;3.0;24.0;171.0;0.0;3.0;19.0;2.0;105.0;0.0;0.0;0.8941;0.3947;0.0;0.0;4.5263;1.0;1.0;0
org.w3c.dom.DOMException;1.0;4.0;0.0;0.0;2.0;0.0;0.0;0.0;1.0;2.0;21.0;0.0;0.0;1.0;1.0;0.0;0.0;4.0;1.0;1.0;1
org.apache.xerces.domx.XGrammarWriter;46.0;1.0;0.0;5.0;107.0;683.0;0.0;5.0;27.0;0.8389;2103.0;1.0;2.0;0.0;0.1378;0.0;0.0;44.5435;19.0;4.173913043478261;0
org.apache.html.dom.HTMLDocumentImpl;33.0;5.0;0.0;60.0;79.0;508.0;55.0;10.0;29.0;0.9688;984.0;1.0;5.0;0.8402;0.2875;2.0;3.0;28.5758;7.0;2.303030303030303;2
org.apache.xerces.framework.XMLErrorReporter;2.0;1.0;0.0;22.0;2.0;1.0;22.0;0.0;2.0;2.0;5.0;0.0;0.0;0.0;0.6;0.0;0.0;0.0;1.0;1.0;0
org.w3c.dom.traversal.NodeFilter;1.0;1.0;0.0;0.0;1.0;0.0;0.0;0.0;1.0;2.0;17.0;0.0;0.0;0.0;1.0;0.0;0.0;0.0;1.0;1.0;0
org.apache.html.dom.HTMLOptionElementImpl;15.0;6.0;0.0;6.0;38.0;105.0;1.0;5.0;15.0;2.0;195.0;0.0;0.0;0.9157;0.32;0.0;0.0;12.0;6.0;1.8;0
org.apache.xerces.validators.schema.SchemaSymbols;1.0;1.0;0.0;0.0;2.0;0.0;0.0;0.0;1.0;2.0;132.0;0.0;0.0;0.0;1.0;0.0;0.0;3.0;1.0;1.0;1
org.apache.wml.WMLOptgroupElement;4.0;1.0;0.0;2.0;4.0;6.0;1.0;1.0;4.0;2.0;4.0;0.0;0.0;0.0;0.75;0.0;0.0;0.0;1.0;1.0;0
org.w3c.dom.html.HTMLFontElement;6.0;1.0;0.0;0.0;6.0;15.0;0.0;0.0;6.0;2.0;6.0;0.0;0.0;0.0;0.75;0.0;0.0;0.0;1.0;1.0;0
org.apache.wml.WMLTemplateElement;6.0;1.0;0.0;2.0;6.0;15.0;1.0;1.0;6.0;2.0;6.0;0.0;0.0;0.0;0.75;0.0;0.0;0.0;1.0;1.0;0
org.apache.wml.WMLGoElement;8.0;1.0;0.0;2.0;8.0;28.0;1.0;1.0;8.0;2.0;8.0;0.0;0.0;0.0;0.75;0.0;0.0;0.0;1.0;1.0;0
org.w3c.dom.Notation;2.0;1.0;0.0;0.0;2.0;1.0;0.0;0.0;2.0;2.0;2.0;0.0;0.0;0.0;1.0;0.0;0.0;0.0;1.0;1.0;0
org.w3c.dom.events.EventTarget;3.0;1.0;0.0;0.0;3.0;3.0;0.0;0.0;3.0;2.0;3.0;0.0;0.0;0.0;0.6667;0.0;0.0;0.0;1.0;1.0;0
org.apache.xerces.utils.ChunkyByteArray;8.0;2.0;0.0;7.0;13.0;0.0;7.0;0.0;7.0;0.7679;283.0;1.0;0.0;0.5625;0.4063;1.0;2.0;33.375;2.0;1.125;4
org.w3c.dom.html.HTMLTableRowElement;15.0;1.0;0.0;0.0;15.0;105.0;0.0;0.0;15.0;2.0;15.0;0.0;0.0;0.0;0.4889;0.0;0.0;0.0;1.0;1.0;0
org.apache.xerces.validators.schema.identity.Selector;5.0;1.0;0.0;8.0;8.0;0.0;4.0;6.0;5.0;0.5;34.0;1.0;2.0;0.0;0.4;0.0;0.0;5.4;1.0;1.0;1
org.apache.wml.dom.WMLPrevElementImpl;5.0;6.0;0.0;4.0;8.0;10.0;0.0;4.0;5.0;2.0;24.0;0.0;0.0;0.9722;0.6;1.0;3.0;3.8;1.0;1.0;1
org.apache.xerces.validators.schema.SchemaMessageProvider;5.0;1.0;0.0;3.0;14.0;0.0;2.0;1.0;4.0;1.2035;296.0;0.0465;0.0;0.0;0.5;0.0;0.0;49.6;9.0;2.6;3
org.apache.xerces.msg.ExceptionMessagesLocalizer;2.0;1.0;0.0;0.0;14.0;1.0;0.0;0.0;2.0;2.0;89.0;0.0;0.0;0.0;0.5;0.0;0.0;43.0;8.0;4.5;8
org.w3c.dom.NodeList;2.0;1.0;0.0;0.0;2.0;1.0;0.0;0.0;2.0;2.0;2.0;0.0;0.0;0.0;0.75;0.0;0.0;0.0;1.0;1.0;0
org.apache.html.dom.HTMLParamElementImpl;9.0;6.0;0.0;3.0;13.0;36.0;0.0;3.0;9.0;2.0;52.0;0.0;0.0;0.95;0.5556;0.0;0.0;4.7778;1.0;1.0;0
org.apache.xml.serialize.Printer;18.0;1.0;1.0;6.0;28.0;47.0;5.0;1.0;18.0;0.7279;356.0;1.0;1.0;0.0;0.179;0.0;0.0;18.3333;4.0;2.0;3
org.w3c.dom.html.HTMLLabelElement;5.0;1.0;0.0;0.0;5.0;10.0;0.0;0.0;5.0;2.0;5.0;0.0;0.0;0.0;0.7;0.0;0.0;0.0;1.0;1.0;0
org.apache.xerces.msg.DatatypeMessages;3.0;3.0;0.0;0.0;4.0;3.0;0.0;0.0;2.0;1.0;12.0;0.0;0.0;0.973;1.0;0.0;0.0;2.6667;1.0;1.0;2
org.apache.xerces.dom.CharacterDataImpl;14.0;3.0;3.0;16.0;41.0;17.0;9.0;7.0;11.0;0.7179;335.0;0.6667;1.0;0.8588;0.4808;1.0;2.0;22.7143;6.0;1.7142857142857142;1
org.apache.xerces.readers.MIME2Java;4.0;1.0;0.0;3.0;12.0;2.0;3.0;0.0;2.0;0.6667;427.0;1.0;0.0;0.0;0.5;0.0;0.0;105.25;3.0;1.5;3
org.w3c.dom.html.HTMLInputElement;38.0;1.0;0.0;0.0;38.0;703.0;0.0;0.0;38.0;2.0;38.0;0.0;0.0;0.0;0.3553;0.0;0.0;0.0;1.0;1.0;0
org.xml.sax.helpers.LocatorImpl;10.0;1.0;0.0;0.0;11.0;45.0;0.0;0.0;10.0;1.1111;32.0;1.0;0.0;0.0;0.375;0.0;0.0;1.8;1.0;1.0;12
org.apache.xerces.utils.StringPool;30.0;1.0;0.0;61.0;50.0;67.0;58.0;4.0;26.0;0.829;2121.0;0.9167;2.0;0.0;0.3389;0.0;0.0;68.9;9.0;3.2333333333333334;3
org.apache.xerces.jaxp.DocumentBuilderFactoryImpl;4.0;2.0;0.0;1.0;9.0;6.0;0.0;1.0;4.0;2.0;25.0;0.0;0.0;0.8846;0.5833;0.0;0.0;5.25;1.0;1.0;3
org.w3c.dom.html.HTMLMetaElement;8.0;1.0;0.0;0.0;8.0;28.0;0.0;0.0;8.0;2.0;8.0;0.0;0.0;0.0;0.75;0.0;0.0;0.0;1.0;1.0;0
org.apache.wml.WMLIElement;2.0;1.0;0.0;2.0;2.0;1.0;1.0;1.0;2.0;2.0;2.0;0.0;0.0;0.0;0.75;0.0;0.0;0.0;1.0;1.0;0
org.apache.xerces.readers.XMLCatalogHandler;11.0;1.0;1.0;2.0;15.0;51.0;2.0;0.0;11.0;0.85;59.0;1.0;0.0;0.0;0.4318;0.0;0.0;4.1818;1.0;1.0;12
org.apache.html.dom.HTMLParagraphElementImpl;3.0;6.0;0.0;3.0;6.0;3.0;0.0;3.0;3.0;2.0;17.0;0.0;0.0;0.987;0.6667;0.0;0.0;4.6667;1.0;1.0;0
org.apache.xerces.msg.SchemaMessages;3.0;3.0;0.0;0.0;4.0;1.0;0.0;0.0;2.0;0.5;481.0;0.0;0.0;0.973;1.0;0.0;0.0;159.0;1.0;1.0;4
org.apache.xerces.utils.regex.Token;49.0;1.0;9.0;16.0;87.0;866.0;15.0;11.0;2.0;0.9951;2172.0;0.3667;20.0;0.0;0.1875;0.0;0.0;42.102;24.0;2.326530612244898;1
javax.xml.parsers.ParserConfigurationException;2.0;3.0;0.0;0.0;4.0;1.0;0.0;0.0;2.0;2.0;9.0;0.0;0.0;1.0;0.75;0.0;0.0;3.5;1.0;1.0;0
org.apache.xerces.parsers.SAXParser;49.0;2.0;1.0;10.0;124.0;892.0;2.0;8.0;41.0;0.9;1409.0;1.0;6.0;0.5818;0.1319;2.0;3.0;27.551;3.0;1.1020408163265305;1
org.xml.sax.XMLReader;14.0;1.0;0.0;0.0;14.0;91.0;0.0;0.0;14.0;2.0;14.0;0.0;0.0;0.0;0.2063;0.0;0.0;0.0;1.0;1.0;0
org.apache.xerces.validators.common.CMUniOp;5.0;2.0;0.0;5.0;12.0;0.0;2.0;3.0;1.0;0.25;39.0;1.0;1.0;0.6667;0.45;1.0;2.0;6.6;1.0;1.0;3
org.xml.sax.helpers.XMLReaderFactory;3.0;1.0;0.0;0.0;14.0;3.0;0.0;0.0;2.0;2.0;101.0;0.0;0.0;0.0;0.3333;0.0;0.0;32.6667;1.0;1.0;0
org.apache.xerces.dom.NodeImpl;69.0;1.0;3.0;46.0;111.0;1936.0;43.0;8.0;36.0;0.9714;1162.0;0.8947;1.0;0.0;0.1182;0.0;0.0;15.5652;31.0;2.3333333333333335;0
org.apache.html.dom.HTMLCollectionImpl;9.0;1.0;0.0;8.0;20.0;34.0;6.0;2.0;3.0;1.0769;344.0;0.1538;1.0;0.0;0.3175;0.0;0.0;35.7778;17.0;4.666666666666667;10
org.apache.xerces.dom.DeferredElementImpl;4.0;5.0;0.0;7.0;17.0;0.0;1.0;7.0;1.0;0.6667;75.0;0.5;0.0;0.9774;0.5;3.0;16.0;17.25;3.0;1.5;2
org.apache.xerces.framework.XMLDocumentScanner;47.0;1.0;0.0;23.0;111.0;677.0;7.0;17.0;18.0;0.9443;2577.0;0.0702;15.0;0.0;0.1507;0.0;0.0;52.617;2.0;1.0851063829787233;1
org.apache.xerces.dom.CDATASectionImpl;3.0;5.0;1.0;3.0;4.0;3.0;2.0;2.0;3.0;1.5;13.0;0.0;0.0;0.9783;0.5556;1.0;1.0;3.0;1.0;1.0;0
org.apache.html.dom.HTMLHeadElementImpl;3.0;6.0;0.0;3.0;6.0;3.0;1.0;3.0;3.0;2.0;17.0;0.0;0.0;0.987;0.6667;0.0;0.0;4.6667;1.0;1.0;0
org.apache.xerces.dom.DeferredNode;1.0;1.0;0.0;16.0;1.0;0.0;16.0;0.0;1.0;2.0;1.0;0.0;0.0;0.0;1.0;0.0;0.0;0.0;1.0;1.0;2
org.apache.html.dom.HTMLBaseElementImpl;5.0;6.0;0.0;3.0;8.0;10.0;0.0;3.0;5.0;2.0;28.0;0.0;0.0;0.9744;0.6;0.0;0.0;4.6;1.0;1.0;0
org.apache.xerces.validators.schema.identity.XPathException;2.0;3.0;0.0;6.0;4.0;1.0;6.0;0.0;2.0;2.0;9.0;0.0;0.0;1.0;0.75;0.0;0.0;3.5;1.0;1.0;0
org.xml.sax.DocumentHandler;8.0;1.0;0.0;0.0;8.0;28.0;0.0;0.0;8.0;2.0;8.0;0.0;0.0;0.0;0.3542;0.0;0.0;0.0;1.0;1.0;0
org.w3c.dom.EntityReference;0.0;1.0;0.0;0.0;0.0;0.0;0.0;0.0;0.0;2.0;0.0;0.0;0.0;0.0;0.0;0.0;0.0;0.0;0;0;0
org.apache.wml.WMLTableElement;8.0;1.0;0.0;2.0;8.0;28.0;1.0;1.0;8.0;2.0;8.0;0.0;0.0;0.0;0.5;0.0;0.0;0.0;1.0;1.0;0
org.apache.xerces.dom.DeferredNotationImpl;3.0;3.0;0.0;6.0;12.0;0.0;1.0;6.0;1.0;0.75;59.0;0.5;0.0;0.9733;0.5556;2.0;4.0;18.0;1.0;1.0;2
org.xml.sax.DTDHandler;2.0;1.0;0.0;0.0;2.0;1.0;0.0;0.0;2.0;2.0;2.0;0.0;0.0;0.0;1.0;0.0;0.0;0.0;1.0;1.0;0
org.apache.wml.dom.WMLAccessElementImpl;9.0;6.0;0.0;4.0;12.0;36.0;0.0;4.0;9.0;2.0;46.0;0.0;0.0;0.9459;0.5556;1.0;3.0;4.1111;1.0;1.0;1
org.apache.wml.WMLEmElement;2.0;1.0;0.0;2.0;2.0;1.0;1.0;1.0;2.0;2.0;2.0;0.0;0.0;0.0;0.75;0.0;0.0;0.0;1.0;1.0;0
org.apache.xerces.dom.DeferredDocumentImpl;61.0;5.0;0.0;25.0;109.0;1296.0;16.0;23.0;48.0;0.8905;2565.0;0.9524;1.0;0.7376;0.2262;4.0;23.0;40.7049;13.0;2.5901639344262297;8
org.apache.xerces.validators.datatype.DecimalDatatypeValidator;14.0;2.0;0.0;9.0;52.0;75.0;3.0;6.0;8.0;0.7577;1409.0;1.0;3.0;0.25;0.1845;0.0;0.0;98.2143;4.0;1.2142857142857142;0
org.apache.html.dom.HTMLBRElementImpl;3.0;6.0;0.0;3.0;7.0;3.0;0.0;3.0;3.0;2.0;19.0;0.0;0.0;0.987;0.6667;0.0;0.0;5.3333;1.0;1.0;0
org.w3c.dom.html.HTMLOptGroupElement;4.0;1.0;0.0;0.0;4.0;6.0;0.0;0.0;4.0;2.0;4.0;0.0;0.0;0.0;0.5;0.0;0.0;0.0;1.0;1.0;0
org.w3c.dom.html.HTMLSelectElement;22.0;1.0;0.0;0.0;22.0;231.0;0.0;0.0;22.0;2.0;22.0;0.0;0.0;0.0;0.2818;0.0;0.0;0.0;1.0;1.0;0
org.apache.xerces.dom.CommentImpl;3.0;4.0;1.0;3.0;4.0;3.0;2.0;2.0;3.0;1.5;13.0;0.0;0.0;0.977;0.5556;0.0;0.0;3.0;1.0;1.0;0
org.apache.wml.dom.WMLIElementImpl;7.0;6.0;0.0;4.0;10.0;21.0;0.0;4.0;7.0;2.0;35.0;0.0;0.0;0.9589;0.5714;1.0;5.0;4.0;1.0;1.0;1
org.apache.xerces.dom.DeferredTextImpl;3.0;5.0;0.0;6.0;9.0;0.0;1.0;6.0;1.0;0.75;44.0;0.5;0.0;0.9783;0.5556;3.0;16.0;13.0;2.0;1.3333333333333333;2
org.apache.wml.dom.WMLPElementImpl;11.0;6.0;0.0;4.0;14.0;55.0;0.0;4.0;11.0;2.0;57.0;0.0;0.0;0.9333;0.5455;1.0;5.0;4.1818;1.0;1.0;1
org.apache.wml.dom.WMLImgElementImpl;23.0;6.0;0.0;4.0;26.0;253.0;0.0;4.0;23.0;2.0;123.0;0.0;0.0;0.8642;0.5217;1.0;6.0;4.3478;1.0;1.0;1
org.apache.xml.serialize.XHTMLSerializer;5.0;3.0;0.0;3.0;8.0;10.0;1.0;2.0;5.0;2.0;52.0;0.0;0.0;0.9859;0.55;1.0;1.0;9.4;2.0;1.4;7
org.apache.wml.dom.WMLTableElementImpl;13.0;6.0;0.0;4.0;17.0;78.0;0.0;4.0;13.0;2.0;69.0;0.0;0.0;0.9211;0.4038;1.0;6.0;4.3077;1.0;1.0;2
org.apache.xerces.utils.Hash2intTable;3.0;1.0;0.0;1.0;5.0;0.0;1.0;0.0;3.0;1.0;223.0;1.0;0.0;0.0;0.8333;0.0;0.0;72.3333;8.0;5.0;2
javax.xml.parsers.FactoryConfigurationError;6.0;3.0;0.0;0.0;8.0;13.0;0.0;0.0;6.0;0.8;33.0;1.0;0.0;0.8947;0.5556;1.0;1.0;4.3333;1.0;1.0;7
org.apache.xerces.framework.XMLDTDScanner;71.0;1.0;0.0;17.0;193.0;1133.0;1.0;16.0;23.0;0.9249;7201.0;1.0;15.0;0.0;0.148;0.0;0.0;99.338;3.0;1.0704225352112675;1
org.w3c.dom.html.HTMLParamElement;8.0;1.0;0.0;0.0;8.0;28.0;0.0;0.0;8.0;2.0;8.0;0.0;0.0;0.0;0.75;0.0;0.0;0.0;1.0;1.0;0
org.w3c.dom.html.HTMLIFrameElement;20.0;1.0;0.0;0.0;20.0;190.0;0.0;0.0;20.0;2.0;20.0;0.0;0.0;0.0;0.75;0.0;0.0;0.0;1.0;1.0;0
org.apache.html.dom.HTMLImageElementImpl;27.0;6.0;0.0;3.0;33.0;351.0;0.0;3.0;27.0;2.0;151.0;0.0;0.0;0.8539;0.3889;0.0;0.0;4.5926;1.0;1.0;0
org.apache.xml.serialize.EncodingInfo;5.0;1.0;1.0;4.0;6.0;10.0;4.0;0.0;5.0;1.0;32.0;0.0;0.0;0.0;0.55;0.0;0.0;4.8;2.0;1.2;8
org.apache.xerces.readers.XMLDeclRecognizer;5.0;1.0;3.0;12.0;11.0;8.0;7.0;6.0;3.0;0.75;173.0;1.0;0.0;0.0;0.3333;0.0;0.0;33.0;1.0;1.0;5
org.xml.sax.helpers.XMLReaderAdapter;22.0;1.0;0.0;0.0;35.0;175.0;0.0;0.0;20.0;0.8889;112.0;0.0;3.0;0.0;0.1503;0.0;0.0;3.9545;1.0;1.0;13
org.apache.wml.dom.WMLBigElementImpl;7.0;6.0;0.0;4.0;10.0;21.0;0.0;4.0;7.0;2.0;35.0;0.0;0.0;0.9589;0.5714;1.0;5.0;4.0;1.0;1.0;1
org.apache.xml.serialize.IndentPrinter;17.0;2.0;0.0;3.0;34.0;0.0;1.0;2.0;16.0;0.4625;403.0;1.0;0.0;0.5152;0.183;1.0;14.0;22.4118;8.0;2.2941176470588234;1
org.w3c.dom.html.HTMLQuoteElement;2.0;1.0;0.0;0.0;2.0;1.0;0.0;0.0;2.0;2.0;2.0;0.0;0.0;0.0;0.75;0.0;0.0;0.0;1.0;1.0;0
org.apache.xerces.dom.DeferredCDATASectionImpl;3.0;6.0;0.0;6.0;9.0;0.0;1.0;6.0;1.0;0.75;44.0;0.5;0.0;0.9787;0.5556;3.0;16.0;13.0;2.0;1.3333333333333333;2
org.w3c.dom.html.HTMLLinkElement;18.0;1.0;0.0;0.0;18.0;153.0;0.0;0.0;18.0;2.0;18.0;0.0;0.0;0.0;0.5;0.0;0.0;0.0;1.0;1.0;0
org.apache.xml.serialize.DOMSerializer;3.0;1.0;0.0;2.0;3.0;3.0;2.0;0.0;3.0;2.0;3.0;0.0;0.0;0.0;0.5;0.0;0.0;0.0;1.0;1.0;0
org.apache.xerces.dom.events.MutationEventImpl;7.0;2.0;0.0;7.0;9.0;1.0;6.0;1.0;7.0;0.9722;70.0;0.0;1.0;0.625;0.3143;0.0;0.0;7.2857;1.0;1.0;0
org.apache.wml.dom.WMLPostfieldElementImpl;9.0;6.0;0.0;4.0;12.0;36.0;0.0;4.0;9.0;2.0;46.0;0.0;0.0;0.9459;0.5556;1.0;4.0;4.1111;1.0;1.0;1
org.apache.wml.dom.WMLBElementImpl;7.0;6.0;0.0;4.0;10.0;21.0;0.0;4.0;7.0;2.0;35.0;0.0;0.0;0.9589;0.5714;1.0;5.0;4.0;1.0;1.0;1
org.apache.html.dom.HTMLQuoteElementImpl;3.0;6.0;0.0;3.0;6.0;3.0;0.0;3.0;3.0;2.0;17.0;0.0;0.0;0.987;0.6667;0.0;0.0;4.6667;1.0;1.0;0
org.apache.xerces.validators.common.CMStateSet;12.0;1.0;0.0;7.0;18.0;0.0;6.0;1.0;3.0;0.0545;517.0;0.0;0.0;0.0;0.4167;1.0;1.0;41.6667;7.0;2.8333333333333335;0
org.apache.xerces.validators.common.XMLAttributeDecl;6.0;1.0;0.0;8.0;12.0;3.0;6.0;2.0;6.0;1.0;114.0;0.0;2.0;0.0;0.5;1.0;1.0;13.3333;1.0;1.0;0
org.apache.xerces.validators.datatype.RecurringDurationDatatypeValidator;18.0;2.0;0.0;7.0;54.0;141.0;1.0;6.0;9.0;0.8916;1386.0;0.1579;2.0;0.2;0.1898;0.0;0.0;74.9444;4.0;1.2777777777777777;4
org.apache.xerces.validators.datatype.URIReferenceDatatypeValidator;7.0;2.0;0.0;8.0;28.0;17.0;1.0;7.0;6.0;0.75;313.0;1.0;2.0;0.4444;0.3333;0.0;0.0;42.5714;1.0;1.0;9
org.xml.sax.SAXNotSupportedException;1.0;4.0;0.0;0.0;2.0;0.0;0.0;0.0;1.0;2.0;5.0;0.0;0.0;1.0;1.0;0.0;0.0;4.0;1.0;1.0;0
org.w3c.dom.html.HTMLElement;10.0;1.0;0.0;0.0;10.0;45.0;0.0;0.0;10.0;2.0;10.0;0.0;0.0;0.0;0.75;0.0;0.0;0.0;1.0;1.0;0
org.w3c.dom.html.HTMLObjectElement;35.0;1.0;0.0;0.0;35.0;595.0;0.0;0.0;35.0;2.0;35.0;0.0;0.0;0.0;0.3714;0.0;0.0;0.0;1.0;1.0;0
org.apache.wml.dom.WMLDOMImplementationImpl;4.0;2.0;0.0;5.0;8.0;4.0;0.0;5.0;3.0;0.6667;29.0;0.0;1.0;0.6667;0.4444;0.0;0.0;6.0;1.0;1.0;1
org.xml.sax.Parser;7.0;1.0;0.0;0.0;7.0;21.0;0.0;0.0;7.0;2.0;7.0;0.0;0.0;0.0;0.25;0.0;0.0;0.0;1.0;1.0;0
org.w3c.dom.html.HTMLDocument;19.0;1.0;0.0;0.0;19.0;171.0;0.0;0.0;19.0;2.0;19.0;0.0;0.0;0.0;0.4386;0.0;0.0;0.0;1.0;1.0;0
org.apache.wml.dom.WMLDoElementImpl;15.0;6.0;0.0;4.0;18.0;105.0;0.0;4.0;15.0;2.0;79.0;0.0;0.0;0.9091;0.5333;1.0;6.0;4.2667;1.0;1.0;1
org.w3c.dom.traversal.TreeWalker;13.0;1.0;0.0;0.0;13.0;78.0;0.0;0.0;13.0;2.0;13.0;0.0;0.0;0.0;0.5385;0.0;0.0;0.0;1.0;1.0;0
org.apache.xerces.readers.UTF8Reader;41.0;2.0;0.0;13.0;75.0;0.0;1.0;12.0;22.0;0.6088;7479.0;0.8824;3.0;0.4091;0.1708;1.0;4.0;181.0;2.0;1.0975609756097562;0
org.apache.html.dom.HTMLAppletElementImpl;23.0;6.0;0.0;3.0;26.0;253.0;0.0;3.0;23.0;2.0;127.0;0.0;0.0;0.8736;0.5217;0.0;0.0;4.5217;1.0;1.0;0
org.w3c.dom.html.HTMLDirectoryElement;2.0;1.0;0.0;0.0;2.0;1.0;0.0;0.0;2.0;2.0;2.0;0.0;0.0;0.0;0.75;0.0;0.0;0.0;1.0;1.0;0
org.apache.xerces.utils.regex.RegexParser;50.0;1.0;1.0;15.0;105.0;711.0;2.0;13.0;3.0;0.8509;3171.0;0.0769;0.0;0.0;0.1943;0.0;0.0;61.64;55.0;2.52;2
org.apache.xerces.validators.datatype.QNameDatatypeValidator;9.0;2.0;0.0;6.0;34.0;30.0;1.0;5.0;7.0;0.6691;718.0;1.0;2.0;0.3636;0.2857;0.0;0.0;76.8889;1.0;1.0;1
org.apache.wml.WMLDOMImplementation;0.0;1.0;0.0;1.0;0.0;0.0;1.0;0.0;0.0;2.0;0.0;0.0;0.0;0.0;0.0;0.0;0.0;0.0;0;0;0
org.apache.xerces.dom.events.EventImpl;11.0;1.0;1.0;3.0;12.0;45.0;3.0;0.0;11.0;0.97;74.0;0.1;2.0;0.0;0.3939;0.0;0.0;4.8182;1.0;1.0;10
org.w3c.dom.html.HTMLModElement;4.0;1.0;0.0;0.0;4.0;6.0;0.0;0.0;4.0;2.0;4.0;0.0;0.0;0.0;0.75;0.0;0.0;0.0;1.0;1.0;0
org.xml.sax.EntityResolver;1.0;1.0;0.0;0.0;1.0;0.0;0.0;0.0;1.0;2.0;1.0;0.0;0.0;0.0;1.0;0.0;0.0;0.0;1.0;1.0;0
org.apache.html.dom.HTMLHeadingElementImpl;3.0;6.0;0.0;3.0;6.0;3.0;0.0;3.0;3.0;2.0;17.0;0.0;0.0;0.987;0.6667;0.0;0.0;4.6667;1.0;1.0;0
org.apache.xerces.dom.DOMImplementationImpl;6.0;1.0;2.0;5.0;18.0;13.0;3.0;3.0;5.0;0.8;150.0;0.0;1.0;0.0;0.5333;0.0;0.0;23.8333;20.0;4.666666666666667;3
org.apache.xerces.readers.StringReader;30.0;2.0;0.0;11.0;64.0;3.0;1.0;10.0;22.0;0.523;2612.0;0.8333;3.0;0.4909;0.2011;1.0;2.0;85.6667;4.0;1.4333333333333333;0
org.apache.xerces.validators.datatype.AbstractDatatypeValidator;5.0;1.0;16.0;19.0;6.0;10.0;17.0;2.0;5.0;1.25;13.0;1.0;0.0;0.0;0.5333;0.0;0.0;1.4;1.0;1.0;1
org.w3c.dom.html.HTMLDOMImplementation;1.0;1.0;0.0;0.0;1.0;0.0;0.0;0.0;1.0;2.0;1.0;0.0;0.0;0.0;1.0;0.0;0.0;0.0;1.0;1.0;0
org.apache.xerces.utils.regex.Op;24.0;1.0;6.0;10.0;38.0;204.0;7.0;9.0;0.0;1.0181;257.0;0.0;1.0;0.0;0.1957;0.0;0.0;8.7083;2.0;1.0416666666666667;8
org.apache.wml.WMLTimerElement;4.0;1.0;0.0;2.0;4.0;6.0;1.0;1.0;4.0;2.0;4.0;0.0;0.0;0.0;0.75;0.0;0.0;0.0;1.0;1.0;0
org.w3c.dom.traversal.DocumentTraversal;2.0;1.0;0.0;0.0;2.0;1.0;0.0;0.0;2.0;2.0;2.0;0.0;0.0;0.0;1.0;0.0;0.0;0.0;1.0;1.0;0
org.apache.wml.WMLHeadElement;0.0;1.0;0.0;2.0;0.0;0.0;1.0;1.0;0.0;2.0;0.0;0.0;0.0;0.0;0.0;0.0;0.0;0.0;0;0;0
org.apache.html.dom.HTMLFrameElementImpl;17.0;6.0;0.0;3.0;23.0;136.0;0.0;3.0;17.0;2.0;96.0;0.0;0.0;0.9048;0.3971;0.0;0.0;4.6471;1.0;1.0;0
org.apache.xerces.readers.DefaultEntityHandler;62.0;1.0;0.0;24.0;130.0;753.0;10.0;17.0;39.0;0.8502;2271.0;0.8621;12.0;0.0;0.1382;0.0;0.0;35.1613;6.0;1.3387096774193548;3
org.xml.sax.InputSource;14.0;1.0;0.0;0.0;15.0;91.0;0.0;0.0;14.0;1.0769;46.0;1.0;0.0;0.0;0.3929;0.0;0.0;1.9286;1.0;1.0;13
org.apache.xerces.dom.DocumentImpl;65.0;4.0;3.0;50.0;164.0;1798.0;46.0;24.0;49.0;0.9315;1475.0;0.9231;2.0;0.6319;0.1375;3.0;13.0;21.4923;23.0;2.0923076923076924;6
org.w3c.dom.DOMImplementation;3.0;1.0;0.0;0.0;3.0;3.0;0.0;0.0;3.0;2.0;3.0;0.0;0.0;0.0;0.7778;0.0;0.0;0.0;1.0;1.0;0
org.apache.xerces.dom.DeferredAttrImpl;4.0;3.0;0.0;6.0;14.0;0.0;1.0;6.0;1.0;0.6667;60.0;0.5;0.0;0.9714;0.5;2.0;11.0;13.5;2.0;1.25;2
org.apache.wml.dom.WMLFieldsetElementImpl;9.0;6.0;0.0;4.0;12.0;36.0;0.0;4.0;9.0;2.0;46.0;0.0;0.0;0.9459;0.5556;1.0;5.0;4.1111;1.0;1.0;1
org.apache.html.dom.HTMLStyleElementImpl;7.0;6.0;0.0;3.0;12.0;21.0;0.0;3.0;7.0;2.0;39.0;0.0;0.0;0.962;0.4286;0.0;0.0;4.5714;1.0;1.0;0
org.apache.xerces.validators.common.GrammarResolverImpl;11.0;1.0;0.0;6.0;24.0;0.0;2.0;4.0;11.0;0.5;110.0;1.0;1.0;0.0;0.5152;0.0;0.0;8.8182;2.0;1.3636363636363635;0
org.apache.xerces.readers.UCSReader;31.0;2.0;0.0;15.0;60.0;57.0;1.0;14.0;24.0;0.8137;2724.0;0.6471;3.0;0.4821;0.1889;1.0;4.0;86.3226;5.0;1.3225806451612903;4
org.xml.sax.HandlerBase;15.0;1.0;0.0;0.0;16.0;105.0;0.0;0.0;15.0;2.0;34.0;0.0;0.0;0.0;0.2857;0.0;0.0;1.2667;1.0;1.0;0
org.xml.sax.helpers.ParserFactory;3.0;1.0;0.0;0.0;6.0;3.0;0.0;0.0;2.0;2.0;15.0;0.0;0.0;0.0;0.3333;0.0;0.0;4.0;1.0;1.0;3
org.apache.xerces.validators.schema.identity.FieldActivator;3.0;1.0;0.0;6.0;3.0;3.0;3.0;3.0;3.0;2.0;3.0;0.0;0.0;0.0;0.6667;0.0;0.0;0.0;1.0;1.0;0
org.apache.xerces.dom.DeepNodeListImpl;5.0;1.0;1.0;4.0;21.0;0.0;3.0;2.0;4.0;0.25;262.0;1.0;1.0;0.0;0.44;0.0;0.0;50.2;28.0;8.0;2
org.w3c.dom.html.HTMLAppletElement;22.0;1.0;0.0;0.0;22.0;231.0;0.0;0.0;22.0;2.0;22.0;0.0;0.0;0.0;0.75;0.0;0.0;0.0;1.0;1.0;0
org.apache.html.dom.HTMLDOMImplementationImpl;4.0;2.0;0.0;2.0;8.0;4.0;0.0;2.0;2.0;0.6667;31.0;1.0;1.0;0.6667;0.5;0.0;0.0;6.5;1.0;1.0;0
org.apache.html.dom.HTMLMapElementImpl;4.0;6.0;0.0;3.0;7.0;6.0;0.0;3.0;4.0;1.0;22.0;1.0;1.0;0.9806;0.5833;0.0;0.0;4.25;1.0;1.0;1
org.w3c.dom.html.HTMLBaseFontElement;6.0;1.0;0.0;0.0;6.0;15.0;0.0;0.0;6.0;2.0;6.0;0.0;0.0;0.0;0.75;0.0;0.0;0.0;1.0;1.0;0
org.xml.sax.Locator;4.0;1.0;0.0;0.0;4.0;6.0;0.0;0.0;4.0;2.0;4.0;0.0;0.0;0.0;1.0;0.0;0.0;0.0;1.0;1.0;0
org.apache.xerces.utils.HexBin;7.0;1.0;0.0;1.0;9.0;13.0;1.0;0.0;4.0;0.875;192.0;1.0;0.0;0.0;0.25;0.0;0.0;25.8571;7.0;2.7142857142857144;6
org.apache.xerces.readers.XCatalog;8.0;2.0;0.0;2.0;30.0;10.0;1.0;2.0;7.0;1.0408;217.0;0.2143;0.0;0.5882;0.4688;1.0;1.0;24.375;6.0;1.625;5
org.w3c.dom.ProcessingInstruction;3.0;1.0;0.0;0.0;3.0;3.0;0.0;0.0;3.0;2.0;3.0;0.0;0.0;0.0;0.6667;0.0;0.0;0.0;1.0;1.0;0
org.apache.xerces.validators.datatype.InvalidDatatypeFacetException;8.0;4.0;0.0;19.0;12.0;0.0;18.0;1.0;8.0;0.4286;62.0;1.0;0.0;0.8182;0.4375;0.0;0.0;6.5;1.0;1.0;3
org.apache.wml.WMLTrElement;0.0;1.0;0.0;2.0;0.0;0.0;1.0;1.0;0.0;2.0;0.0;0.0;0.0;0.0;0.0;0.0;0.0;0.0;0;0;0
org.w3c.dom.html.HTMLAreaElement;16.0;1.0;0.0;0.0;16.0;120.0;0.0;0.0;16.0;2.0;16.0;0.0;0.0;0.0;0.375;0.0;0.0;0.0;1.0;1.0;0
org.w3c.dom.html.HTMLDivElement;2.0;1.0;0.0;0.0;2.0;1.0;0.0;0.0;2.0;2.0;2.0;0.0;0.0;0.0;0.75;0.0;0.0;0.0;1.0;1.0;0
org.apache.wml.WMLNoopElement;0.0;1.0;0.0;2.0;0.0;0.0;1.0;1.0;0.0;2.0;0.0;0.0;0.0;0.0;0.0;0.0;0.0;0.0;0;0;0
org.apache.wml.WMLAElement;8.0;1.0;0.0;2.0;8.0;28.0;1.0;1.0;8.0;2.0;8.0;0.0;0.0;0.0;0.75;0.0;0.0;0.0;1.0;1.0;0
org.apache.wml.dom.WMLElementImpl;11.0;5.0;35.0;39.0;20.0;55.0;36.0;4.0;7.0;2.0;89.0;0.0;0.0;0.9286;0.4364;2.0;3.0;7.0909;3.0;1.3636363636363635;1
org.apache.xerces.dom.RangeImpl;55.0;1.0;0.0;4.0;96.0;473.0;1.0;4.0;26.0;0.7989;2658.0;0.0;7.0;0.0;0.2465;0.0;0.0;47.0727;20.0;3.8363636363636364;1
org.apache.xerces.validators.datatype.FloatDatatypeValidator;12.0;2.0;0.0;9.0;38.0;52.0;3.0;6.0;7.0;0.6909;955.0;1.0;3.0;0.2857;0.1944;0.0;0.0;77.3333;1.0;1.0;3
org.xml.sax.SAXNotRecognizedException;1.0;4.0;0.0;0.0;2.0;0.0;0.0;0.0;1.0;2.0;5.0;0.0;0.0;1.0;1.0;0.0;0.0;4.0;1.0;1.0;0
org.apache.wml.WMLBrElement;2.0;1.0;0.0;2.0;2.0;1.0;1.0;1.0;2.0;2.0;2.0;0.0;0.0;0.0;0.75;0.0;0.0;0.0;1.0;1.0;0
org.apache.xerces.dom.DeferredAttrNSImpl;4.0;4.0;0.0;7.0;19.0;0.0;1.0;7.0;1.0;0.6667;117.0;0.5;0.0;0.9725;0.5;4.0;14.0;27.75;7.0;2.5;3
org.apache.html.dom.CollectionIndex;4.0;1.0;0.0;1.0;5.0;0.0;1.0;0.0;0.0;0.0;28.0;1.0;0.0;0.0;0.625;0.0;0.0;5.75;2.0;1.25;0
org.apache.xerces.framework.XMLContentSpec;12.0;1.0;0.0;9.0;19.0;24.0;8.0;2.0;11.0;0.9697;813.0;0.0;0.0;0.0;0.2917;1.0;1.0;65.25;26.0;5.25;5
org.apache.html.dom.NameNodeListImpl;2.0;2.0;0.0;4.0;8.0;1.0;1.0;3.0;1.0;2.0;69.0;0.0;0.0;0.75;0.625;2.0;2.0;33.5;11.0;6.0;1
org.apache.xerces.validators.schema.identity.KeyRef;3.0;2.0;0.0;5.0;4.0;1.0;4.0;1.0;3.0;0.5;16.0;1.0;0.0;0.8;0.6667;0.0;0.0;4.0;1.0;1.0;0
org.apache.xerces.msg.ImplementationMessages;3.0;3.0;0.0;0.0;4.0;3.0;0.0;0.0;2.0;1.0;12.0;0.0;0.0;0.973;1.0;0.0;0.0;2.6667;1.0;1.0;2
org.xml.sax.helpers.NamespaceSupport;13.0;1.0;0.0;0.0;30.0;4.0;0.0;0.0;11.0;0.7333;238.0;0.8;2.0;0.0;0.375;0.0;0.0;16.9231;4.0;1.6923076923076923;3
org.w3c.dom.html.HTMLHeadingElement;2.0;1.0;0.0;0.0;2.0;1.0;0.0;0.0;2.0;2.0;2.0;0.0;0.0;0.0;0.75;0.0;0.0;0.0;1.0;1.0;0
org.apache.xerces.jaxp.SAXParserImpl;8.0;2.0;0.0;2.0;17.0;8.0;1.0;1.0;6.0;0.6667;112.0;1.0;1.0;0.76;0.375;1.0;1.0;12.625;1.0;1.0;3
org.w3c.dom.events.MutationEvent;6.0;1.0;0.0;0.0;6.0;15.0;0.0;0.0;6.0;1.2;9.0;0.0;0.0;0.0;0.3333;0.0;0.0;0.0;1.0;1.0;0
org.apache.wml.WMLElement;4.0;1.0;0.0;36.0;4.0;6.0;36.0;0.0;4.0;2.0;4.0;0.0;0.0;0.0;0.75;0.0;0.0;0.0;1.0;1.0;0
org.apache.xml.serialize.SerializerFactory;8.0;1.0;1.0;3.0;19.0;22.0;1.0;3.0;6.0;0.9286;106.0;0.5;0.0;0.0;0.2857;0.0;0.0;12.0;3.0;1.25;1
javax.xml.parsers.SAXParserFactory;12.0;1.0;1.0;0.0;38.0;52.0;0.0;0.0;8.0;0.9242;266.0;0.8333;0.0;0.0;0.4545;0.0;0.0;20.6667;10.0;1.8333333333333333;3
org.apache.xerces.utils.regex.ParseException;2.0;4.0;0.0;4.0;3.0;1.0;4.0;0.0;2.0;2.0;9.0;0.0;0.0;0.9444;0.6667;0.0;0.0;3.0;1.0;1.0;2
org.apache.xerces.validators.datatype.ENTITYDatatypeValidator;7.0;2.0;0.0;8.0;21.0;17.0;1.0;7.0;6.0;0.7917;133.0;0.75;3.0;0.4444;0.3333;0.0;0.0;17.4286;1.0;1.0;1
org.w3c.dom.ranges.DocumentRange;1.0;1.0;0.0;0.0;1.0;0.0;0.0;0.0;1.0;2.0;1.0;0.0;0.0;0.0;1.0;0.0;0.0;0.0;1.0;1.0;0
org.apache.xml.serialize.ElementState;1.0;1.0;0.0;4.0;2.0;0.0;4.0;0.0;0.0;2.0;14.0;0.0;0.0;0.0;1.0;0.0;0.0;3.0;1.0;1.0;0
org.apache.xerces.validators.datatype.DatatypeMessageProvider;5.0;1.0;0.0;10.0;12.0;6.0;9.0;1.0;4.0;1.19;186.0;0.08;0.0;0.0;0.5;0.0;0.0;31.2;6.0;2.0;9
org.apache.xerces.validators.schema.identity.IdentityConstraint;9.0;1.0;3.0;14.0;14.0;28.0;14.0;2.0;8.0;0.9821;116.0;0.5714;2.0;0.0;0.2889;0.0;0.0;11.1111;3.0;1.2222222222222223;1
org.w3c.dom.html.HTMLOListElement;6.0;1.0;0.0;0.0;6.0;15.0;0.0;0.0;6.0;2.0;6.0;0.0;0.0;0.0;0.375;0.0;0.0;0.0;1.0;1.0;0
org.w3c.dom.html.HTMLImageElement;26.0;1.0;0.0;0.0;26.0;325.0;0.0;0.0;26.0;2.0;26.0;0.0;0.0;0.0;0.5;0.0;0.0;0.0;1.0;1.0;0
org.apache.xerces.dom.NodeIteratorImpl;13.0;1.0;0.0;1.0;24.0;42.0;1.0;1.0;9.0;0.7917;351.0;1.0;4.0;0.0;0.3077;0.0;0.0;25.3846;10.0;4.230769230769231;14
org.apache.wml.dom.WMLSetvarElementImpl;9.0;6.0;0.0;4.0;12.0;36.0;0.0;4.0;9.0;2.0;46.0;0.0;0.0;0.9459;0.5556;1.0;4.0;4.1111;1.0;1.0;1
org.apache.wml.dom.WMLGoElementImpl;13.0;6.0;0.0;4.0;16.0;78.0;0.0;4.0;13.0;2.0;68.0;0.0;0.0;0.9211;0.5385;1.0;4.0;4.2308;1.0;1.0;1
org.apache.wml.WMLAnchorElement;4.0;1.0;0.0;2.0;4.0;6.0;1.0;1.0;4.0;2.0;4.0;0.0;0.0;0.0;0.75;0.0;0.0;0.0;1.0;1.0;0
org.apache.xerces.dom.DeferredProcessingInstructionImpl;3.0;5.0;0.0;6.0;8.0;0.0;1.0;6.0;1.0;0.75;40.0;0.5;0.0;0.9783;0.5556;3.0;13.0;11.6667;1.0;1.0;2
org.apache.xerces.validators.common.SimpleContentModel;7.0;1.0;0.0;7.0;13.0;5.0;1.0;6.0;7.0;0.3667;1019.0;1.0;3.0;0.0;0.3878;0.0;0.0;143.8571;2.0;1.1428571428571428;0
org.apache.wml.dom.WMLWmlElementImpl;7.0;6.0;0.0;4.0;10.0;21.0;0.0;4.0;7.0;2.0;35.0;0.0;0.0;0.9589;0.5714;1.0;5.0;4.0;1.0;1.0;1
org.w3c.dom.html.HTMLIsIndexElement;3.0;1.0;0.0;0.0;3.0;3.0;0.0;0.0;3.0;2.0;3.0;0.0;0.0;0.0;0.6667;0.0;0.0;0.0;1.0;1.0;0
org.apache.wml.dom.WMLMetaElementImpl;15.0;6.0;0.0;4.0;19.0;105.0;0.0;4.0;15.0;2.0;80.0;0.0;0.0;0.9091;0.4;1.0;4.0;4.3333;1.0;1.0;2
org.apache.xerces.dom.DeferredEntityImpl;4.0;5.0;0.0;7.0;17.0;0.0;1.0;7.0;1.0;0.6667;85.0;0.5;0.0;0.9739;0.5;3.0;15.0;19.75;1.0;1.0;4
org.apache.xerces.readers.AbstractCharReader;33.0;2.0;2.0;16.0;70.0;78.0;3.0;14.0;20.0;0.5656;3030.0;1.0;2.0;0.4655;0.1745;1.0;3.0;90.5152;2.0;1.121212121212121;0
org.w3c.dom.html.HTMLFieldSetElement;1.0;1.0;0.0;0.0;1.0;0.0;0.0;0.0;1.0;2.0;1.0;0.0;0.0;0.0;1.0;0.0;0.0;0.0;1.0;1.0;0
org.apache.xerces.dom.LCount;3.0;1.0;0.0;5.0;5.0;1.0;5.0;0.0;0.0;0.875;29.0;0.0;0.0;0.0;0.5;0.0;0.0;7.3333;1.0;1.0;5
org.w3c.dom.html.HTMLMapElement;3.0;1.0;0.0;0.0;3.0;3.0;0.0;0.0;3.0;2.0;3.0;0.0;0.0;0.0;0.6667;0.0;0.0;0.0;1.0;1.0;0
org.w3c.dom.DocumentFragment;0.0;1.0;0.0;0.0;0.0;0.0;0.0;0.0;0.0;2.0;0.0;0.0;0.0;0.0;0.0;0.0;0.0;0.0;0;0;0
org.w3c.dom.Attr;5.0;1.0;0.0;0.0;5.0;10.0;0.0;0.0;5.0;2.0;5.0;0.0;0.0;0.0;0.6;0.0;0.0;0.0;1.0;1.0;0
org.apache.xerces.readers.UTF8CharReader;9.0;3.0;0.0;5.0;16.0;0.0;0.0;5.0;0.0;0.5795;1576.0;1.0;0.0;0.8788;0.3667;1.0;3.0;172.8889;1.0;1.0;0
org.apache.html.dom.HTMLTableCellElementImpl;31.0;6.0;0.0;5.0;46.0;465.0;1.0;4.0;31.0;2.0;259.0;0.0;0.0;0.8352;0.3097;0.0;0.0;7.3548;6.0;1.4193548387096775;0
org.xml.sax.helpers.AttributeListImpl;12.0;1.0;0.0;0.0;19.0;0.0;0.0;0.0;12.0;0.4848;147.0;0.0;0.0;0.0;0.4375;0.0;0.0;11.0;2.0;1.4166666666666667;10
org.apache.xerces.dom.DeferredElementDefinitionImpl;4.0;5.0;0.0;7.0;13.0;0.0;1.0;7.0;1.0;0.6667;84.0;0.5;0.0;0.9727;0.5;3.0;16.0;19.5;2.0;1.25;2
org.apache.wml.WMLWmlElement;2.0;1.0;0.0;2.0;2.0;1.0;1.0;1.0;2.0;2.0;2.0;0.0;0.0;0.0;0.75;0.0;0.0;0.0;1.0;1.0;0
org.apache.wml.dom.WMLTdElementImpl;7.0;6.0;0.0;4.0;10.0;21.0;0.0;4.0;7.0;2.0;35.0;0.0;0.0;0.9589;0.5714;1.0;5.0;4.0;1.0;1.0;1
org.apache.xml.serialize.Serializer;6.0;1.0;0.0;5.0;6.0;15.0;3.0;2.0;6.0;2.0;6.0;0.0;0.0;0.0;0.375;0.0;0.0;0.0;1.0;1.0;0
org.apache.xml.serialize.Encodings;3.0;1.0;0.0;3.0;9.0;1.0;1.0;2.0;0.0;1.1667;175.0;0.3333;1.0;0.0;0.5;0.0;0.0;56.3333;3.0;1.6666666666666667;1
org.apache.xerces.utils.NamespacesScope;6.0;1.0;0.0;10.0;11.0;0.0;8.0;2.0;6.0;0.1333;237.0;1.0;1.0;0.0;0.5;0.0;0.0;38.0;4.0;1.5;4
org.apache.xerces.utils.XMLMessageProvider;3.0;1.0;0.0;5.0;3.0;3.0;5.0;0.0;3.0;2.0;3.0;0.0;0.0;0.0;0.5833;0.0;0.0;0.0;1.0;1.0;0
org.apache.xerces.utils.regex.ParserForXMLSchema;39.0;2.0;0.0;10.0;72.0;739.0;1.0;9.0;2.0;1.0;804.0;1.0;0.0;0.5714;0.1842;1.0;12.0;19.4615;12.0;1.641025641025641;1
org.apache.xerces.validators.datatype.StringDatatypeValidator;9.0;2.0;0.0;6.0;31.0;20.0;1.0;5.0;7.0;0.5;856.0;0.9412;2.0;0.3636;0.3016;0.0;0.0;92.2222;1.0;1.0;7
org.xml.sax.ErrorHandler;3.0;1.0;0.0;0.0;3.0;3.0;0.0;0.0;3.0;2.0;3.0;0.0;0.0;0.0;1.0;0.0;0.0;0.0;1.0;1.0;0
org.w3c.dom.html.HTMLFormElement;16.0;1.0;0.0;0.0;16.0;120.0;0.0;0.0;16.0;2.0;16.0;0.0;0.0;0.0;0.6875;0.0;0.0;0.0;1.0;1.0;0
org.apache.xerces.utils.IntStack;8.0;1.0;0.0;2.0;14.0;0.0;2.0;0.0;7.0;0.3571;144.0;1.0;0.0;0.0;0.625;0.0;0.0;16.75;4.0;1.5;2
org.apache.xerces.utils.regex.BMPattern;8.0;1.0;0.0;1.0;13.0;0.0;1.0;0.0;5.0;0.1429;556.0;0.0;0.0;0.0;0.5208;0.0;0.0;68.125;9.0;7.375;8
