org.apache.xerces.readers.StreamingCharReader;34.0;2.0;0.0;14.0;74.0;41.0;1.0;14.0;21.0;0.6727;2900.0;1.0;2.0;0.4576;0.1608;1.0;3.0;83.8529;2.0;1.1176470588235294;0
org.apache.xml.serialize.BaseMarkupSerializer;60.0;1.0;3.0;11.0;131.0;1092.0;4.0;7.0;41.0;0.7921;1875.0;0.9333;3.0;0.0;0.1135;0.0;0.0;30.0;13.0;2.783333333333333;0
org.apache.xml.serialize.OutputFormat;44.0;1.0;0.0;11.0;54.0;766.0;11.0;0.0;44.0;0.9042;527.0;1.0;0.0;0.0;0.2576;0.0;0.0;10.5909;12.0;1.7045454545454546;1
org.apache.xml.serialize.HTMLdtd;19.0;1.0;0.0;1.0;49.0;149.0;1.0;0.0;11.0;0.9673;701.0;0.9412;0.0;0.0;0.2333;0.0;0.0;35.0;15.0;2.9473684210526314;0
org.apache.html.dom.HTMLTableSectionElementImpl;14.0;6.0;0.0;8.0;29.0;91.0;2.0;7.0;12.0;1.0;172.0;1.0;1.0;0.9156;0.3571;0.0;0.0;11.2143;4.0;1.8571428571428572;0
org.w3c.dom.html.HTMLFrameSetElement;4.0;1.0;0.0;0.0;4.0;6.0;0.0;0.0;4.0;2.0;4.0;0.0;0.0;0.0;0.75;0.0;0.0;0.0;1.0;1.0;0
org.w3c.dom.html.HTMLLIElement;4.0;1.0;0.0;0.0;4.0;6.0;0.0;0.0;4.0;2.0;4.0;0.0;0.0;0.0;0.5;0.0;0.0;0.0;1.0;1.0;0
org.apache.wml.dom.WMLEmElementImpl;7.0;6.0;0.0;4.0;10.0;21.0;0.0;4.0;7.0;2.0;39.0;0.0;0.0;0.9556;0.5714;1.0;6.0;4.5714;1.0;1.0;0
org.apache.xerces.validators.dtd.DTDGrammar;41.0;2.0;0.0;13.0;76.0;280.0;2.0;11.0;35.0;0.9039;1231.0;1.0;10.0;0.4805;0.3066;1.0;8.0;28.561;3.0;1.2195121951219512;0
org.apache.wml.WMLUElement;2.0;1.0;0.0;2.0;2.0;1.0;1.0;1.0;2.0;2.0;2.0;0.0;0.0;0.0;0.75;0.0;0.0;0.0;1.0;1.0;0
org.apache.wml.WMLOneventElement;2.0;1.0;0.0;2.0;2.0;1.0;1.0;1.0;2.0;2.0;2.0;0.0;0.0;0.0;0.75;0.0;0.0;0.0;1.0;1.0;0
javax.xml.parsers.SAXParser;8.0;1.0;1.0;0.0;27.0;28.0;0.0;0.0;7.0;2.0;128.0;0.0;0.0;0.0;0.3333;0.0;0.0;15.0;1.0;1.0;1
org.apache.xerces.dom.ProcessingInstructionImpl;6.0;4.0;1.0;5.0;10.0;9.0;3.0;3.0;6.0;0.9;46.0;0.5;0.0;0.9419;0.5;1.0;1.0;6.3333;2.0;1.5;0
org.w3c.dom.html.HTMLHtmlElement;2.0;1.0;0.0;0.0;2.0;1.0;0.0;0.0;2.0;2.0;2.0;0.0;0.0;0.0;0.75;0.0;0.0;0.0;1.0;1.0;0
org.apache.wml.WMLFieldsetElement;4.0;1.0;0.0;2.0;4.0;6.0;1.0;1.0;4.0;2.0;4.0;0.0;0.0;0.0;0.75;0.0;0.0;0.0;1.0;1.0;0
org.apache.xerces.parsers.DOMParser;63.0;2.0;3.0;30.0;219.0;965.0;7.0;23.0;42.0;0.8742;5694.0;0.9;6.0;0.5;0.1521;2.0;7.0;88.9048;6.0;1.7301587301587302;0
org.xml.sax.SAXException;6.0;3.0;3.0;0.0;10.0;0.0;0.0;0.0;6.0;0.0;54.0;1.0;0.0;0.85;0.5556;1.0;2.0;7.8333;3.0;1.5;0
org.apache.xerces.framework.Version;3.0;1.0;0.0;0.0;5.0;1.0;0.0;0.0;2.0;0.5;14.0;0.0;0.0;0.0;0.5;0.0;0.0;3.3333;1.0;1.0;4
org.apache.xerces.dom.RangeExceptionImpl;1.0;5.0;0.0;1.0;2.0;0.0;1.0;0.0;1.0;2.0;6.0;0.0;0.0;1.0;1.0;0.0;0.0;5.0;1.0;1.0;1
org.apache.xerces.dom.DocumentFragmentImpl;4.0;3.0;0.0;2.0;6.0;6.0;1.0;2.0;4.0;1.3333;16.0;0.0;0.0;0.9773;0.625;2.0;2.0;2.75;1.0;1.0;0
org.apache.html.dom.HTMLIFrameElementImpl;21.0;6.0;0.0;3.0;25.0;210.0;0.0;3.0;21.0;2.0;120.0;0.0;0.0;0.8758;0.5238;0.0;0.0;4.7143;1.0;1.0;0
org.apache.xerces.validators.common.CMNode;9.0;1.0;4.0;8.0;11.0;20.0;6.0;2.0;0.0;0.825;77.0;1.0;3.0;0.0;0.5185;0.0;0.0;7.0;1.0;1.0;0
org.apache.xerces.dom.ChildAndParentNode;25.0;3.0;3.0;27.0;66.0;34.0;18.0;11.0;14.0;0.6389;1121.0;0.8333;3.0;0.75;0.205;2.0;17.0;43.6;11.0;2.36;2
org.apache.html.dom.HTMLScriptElementImpl;15.0;6.0;0.0;4.0;30.0;105.0;0.0;4.0;15.0;2.0;126.0;0.0;0.0;0.9097;0.4;0.0;0.0;7.4;3.0;1.2;0
org.apache.xerces.validators.datatype.DatatypeValidator;3.0;1.0;0.0;26.0;3.0;3.0;25.0;1.0;3.0;1.5;17.0;0.0;0.0;0.0;0.6667;0.0;0.0;0.0;1.0;1.0;0
org.w3c.dom.html.HTMLDListElement;2.0;1.0;0.0;0.0;2.0;1.0;0.0;0.0;2.0;2.0;2.0;0.0;0.0;0.0;0.75;0.0;0.0;0.0;1.0;1.0;0
org.w3c.dom.events.DocumentEvent;1.0;1.0;0.0;0.0;1.0;0.0;0.0;0.0;1.0;2.0;1.0;0.0;0.0;0.0;1.0;0.0;0.0;0.0;1.0;1.0;2
org.apache.xerces.validators.common.XMLContentModel;5.0;1.0;0.0;10.0;5.0;10.0;6.0;4.0;5.0;2.0;5.0;0.0;0.0;0.0;0.4;0.0;0.0;0.0;1.0;1.0;0
org.apache.html.dom.HTMLTitleElementImpl;3.0;6.0;0.0;3.0;14.0;3.0;1.0;3.0;3.0;2.0;60.0;0.0;0.0;0.986;0.6667;0.0;0.0;19.0;3.0;2.0;0
org.apache.xml.serialize.XMLSerializer;12.0;2.0;0.0;6.0;75.0;66.0;2.0;4.0;9.0;2.0;995.0;0.0;0.0;0.8806;0.25;2.0;10.0;81.9167;30.0;8.666666666666666;0
org.apache.wml.dom.WMLSmallElementImpl;7.0;6.0;0.0;4.0;10.0;21.0;0.0;4.0;7.0;2.0;39.0;0.0;0.0;0.9556;0.5714;1.0;6.0;4.5714;1.0;1.0;0
org.apache.html.dom.HTMLFontElementImpl;7.0;6.0;0.0;3.0;11.0;21.0;0.0;3.0;7.0;2.0;43.0;0.0;0.0;0.9592;0.5714;0.0;0.0;5.1429;1.0;1.0;0
org.apache.html.dom.HTMLButtonElementImpl;12.0;6.0;0.0;4.0;22.0;66.0;0.0;4.0;12.0;2.0;97.0;0.0;0.0;0.9276;0.3167;0.0;0.0;7.0833;3.0;1.3333333333333333;0
org.w3c.dom.CDATASection;0.0;1.0;0.0;0.0;0.0;0.0;0.0;0.0;0.0;2.0;0.0;0.0;0.0;0.0;0.0;0.0;0.0;0.0;0.0;0.0;2
org.apache.xerces.utils.regex.REUtil;17.0;1.0;0.0;8.0;53.0;134.0;7.0;3.0;5.0;0.9375;869.0;0.0;1.0;0.0;0.2125;0.0;0.0;50.0;19.0;4.9411764705882355;0
org.apache.xerces.validators.datatype.IDDatatypeValidator;10.0;2.0;0.0;8.0;31.0;31.0;1.0;7.0;7.0;0.8472;205.0;0.75;2.0;0.3333;0.2444;0.0;0.0;18.7;4.0;1.3;0
org.apache.xerces.dom.ParentNode;25.0;2.0;5.0;22.0;66.0;34.0;14.0;11.0;14.0;0.6389;1121.0;0.8333;3.0;0.7326;0.205;1.0;11.0;43.6;11.0;2.36;2
org.apache.html.dom.HTMLTableCaptionElementImpl;3.0;6.0;0.0;4.0;6.0;3.0;1.0;3.0;3.0;2.0;17.0;0.0;0.0;0.986;0.6667;0.0;0.0;4.6667;1.0;1.0;0
javax.xml.parsers.DocumentBuilderFactory;8.0;1.0;1.0;0.0;16.0;14.0;0.0;0.0;6.0;0.7857;117.0;1.0;0.0;0.0;0.5714;0.0;0.0;13.125;1.0;1.0;1
org.apache.xerces.validators.common.DFAContentModel;13.0;1.0;0.0;13.0;52.0;30.0;1.0;12.0;7.0;0.7576;1441.0;1.0;7.0;0.0;0.3077;0.0;0.0;108.1538;3.0;1.2307692307692308;2
org.apache.xerces.utils.regex.RangeToken;18.0;2.0;0.0;6.0;35.0;0.0;6.0;1.0;1.0;0.6807;2129.0;0.1429;1.0;0.7344;0.3611;1.0;7.0;116.8889;17.0;8.222222222222221;0
org.apache.html.dom.HTMLLIElementImpl;5.0;6.0;0.0;3.0;10.0;10.0;0.0;3.0;5.0;2.0;31.0;0.0;0.0;0.9724;0.45;0.0;0.0;5.2;1.0;1.0;0
org.apache.xerces.validators.common.CMException;2.0;3.0;0.0;11.0;3.0;0.0;11.0;0.0;2.0;1.0;13.0;0.5;0.0;0.9444;0.75;0.0;0.0;4.5;1.0;1.0;0
org.apache.wml.WMLOptionElement;8.0;1.0;0.0;2.0;8.0;28.0;1.0;1.0;8.0;2.0;8.0;0.0;0.0;0.0;0.75;0.0;0.0;0.0;1.0;1.0;0
org.apache.xerces.readers.XMLEntityHandler;10.0;1.0;0.0;22.0;10.0;45.0;20.0;2.0;10.0;1.1111;51.0;0.0;0.0;0.0;0.3;0.0;0.0;0.0;1.0;1.0;0
org.apache.xerces.utils.ChunkyCharArray;8.0;1.0;0.0;6.0;17.0;4.0;3.0;3.0;8.0;0.6531;187.0;1.0;2.0;0.0;0.3036;0.0;0.0;21.5;2.0;1.625;0
org.apache.html.dom.HTMLHRElementImpl;9.0;6.0;0.0;3.0;15.0;36.0;0.0;3.0;9.0;2.0;52.0;0.0;0.0;0.9463;0.4167;0.0;0.0;4.7778;1.0;1.0;0
org.apache.xerces.dom.NamedNodeMapImpl;22.0;1.0;1.0;9.0;48.0;41.0;6.0;3.0;9.0;0.8435;578.0;0.8571;1.0;0.0;0.2273;0.0;0.0;24.9545;7.0;2.3181818181818183;1
org.apache.wml.dom.WMLStrongElementImpl;7.0;6.0;0.0;4.0;10.0;21.0;0.0;4.0;7.0;2.0;39.0;0.0;0.0;0.9556;0.5714;1.0;6.0;4.5714;1.0;1.0;0
org.apache.wml.dom.WMLAnchorElementImpl;9.0;6.0;0.0;4.0;12.0;36.0;0.0;4.0;9.0;2.0;50.0;0.0;0.0;0.9416;0.5556;1.0;6.0;4.5556;1.0;1.0;0
org.apache.xerces.utils.Base64;7.0;1.0;0.0;1.0;9.0;13.0;1.0;0.0;6.0;1.0833;720.0;1.0;0.0;0.0;0.25;0.0;0.0;100.1429;11.0;4.857142857142857;0
org.apache.wml.WMLImgElement;18.0;1.0;0.0;2.0;18.0;153.0;1.0;1.0;18.0;2.0;18.0;0.0;0.0;0.0;0.75;0.0;0.0;0.0;1.0;1.0;0
org.xml.sax.Attributes;12.0;1.0;0.0;0.0;12.0;66.0;0.0;0.0;12.0;2.0;12.0;0.0;0.0;0.0;0.6389;0.0;0.0;0.0;1.0;1.0;0
org.w3c.dom.html.HTMLHRElement;8.0;1.0;0.0;0.0;8.0;28.0;0.0;0.0;8.0;2.0;8.0;0.0;0.0;0.0;0.5;0.0;0.0;0.0;1.0;1.0;0
org.apache.xerces.readers.CharReader;4.0;3.0;0.0;6.0;9.0;0.0;1.0;5.0;0.0;0.381;584.0;1.0;0.0;0.9508;0.4063;1.0;3.0;143.25;1.0;1.0;0
org.apache.html.dom.HTMLTableRowElementImpl;20.0;6.0;0.0;10.0;42.0;190.0;2.0;10.0;19.0;1.0;284.0;0.0;1.0;0.8813;0.275;0.0;0.0;13.15;4.0;2.05;0
org.apache.xerces.framework.XMLDocumentHandler;18.0;1.0;0.0;6.0;18.0;153.0;4.0;2.0;18.0;2.0;18.0;0.0;0.0;0.0;0.4;0.0;0.0;0.0;1.0;1.0;0
org.apache.html.dom.HTMLObjectElementImpl;35.0;6.0;0.0;4.0;43.0;595.0;0.0;4.0;35.0;2.0;200.0;0.0;0.0;0.8057;0.3086;0.0;0.0;4.7143;1.0;1.0;0
org.w3c.dom.html.HTMLButtonElement;12.0;1.0;0.0;0.0;12.0;66.0;0.0;0.0;12.0;2.0;12.0;0.0;0.0;0.0;0.3542;0.0;0.0;0.0;1.0;1.0;0
org.apache.xerces.readers.XMLEntityReaderFactory;8.0;1.0;0.0;11.0;8.0;28.0;7.0;5.0;8.0;2.0;8.0;0.0;0.0;0.0;0.3636;0.0;0.0;0.0;1.0;1.0;0
org.apache.wml.WMLCardElement;14.0;1.0;0.0;2.0;14.0;91.0;1.0;1.0;14.0;2.0;14.0;0.0;0.0;0.0;0.5;0.0;0.0;0.0;1.0;1.0;0
org.apache.html.dom.HTMLTextAreaElementImpl;23.0;6.0;0.0;4.0;32.0;253.0;0.0;4.0;23.0;2.0;149.0;0.0;0.0;0.865;0.2957;1.0;2.0;5.4783;3.0;1.173913043478261;0
org.apache.xerces.readers.EBCDICRecognizer;2.0;2.0;0.0;8.0;14.0;1.0;1.0;8.0;1.0;2.0;140.0;0.0;0.0;0.75;0.5714;2.0;2.0;69.0;1.0;1.0;0
org.apache.xerces.readers.DefaultReaderFactory;9.0;1.0;0.0;11.0;26.0;16.0;1.0;10.0;9.0;0.875;191.0;1.0;0.0;0.0;0.3333;0.0;0.0;19.6667;2.0;1.1111111111111112;0
org.w3c.dom.NamedNodeMap;8.0;1.0;0.0;0.0;8.0;28.0;0.0;0.0;8.0;2.0;8.0;0.0;0.0;0.0;0.4688;0.0;0.0;0.0;1.0;1.0;2
org.apache.wml.WMLDoElement;10.0;1.0;0.0;2.0;10.0;45.0;1.0;1.0;10.0;2.0;10.0;0.0;0.0;0.0;0.75;0.0;0.0;0.0;1.0;1.0;0
org.apache.xerces.validators.common.XMLElementDecl;6.0;1.0;0.0;8.0;12.0;3.0;6.0;2.0;6.0;0.7636;90.0;0.0;2.0;0.0;0.5;1.0;1.0;12.1667;1.0;1.0;0
org.apache.html.dom.HTMLOListElementImpl;7.0;6.0;0.0;3.0;14.0;21.0;0.0;3.0;7.0;2.0;42.0;0.0;0.0;0.9592;0.3429;0.0;0.0;5.0;1.0;1.0;0
org.apache.xerces.dom.DeferredDocumentTypeImpl;4.0;5.0;0.0;8.0;28.0;0.0;1.0;8.0;1.0;0.6667;176.0;0.5;0.0;0.9722;0.5;3.0;12.0;42.5;8.0;2.75;0
org.w3c.dom.html.HTMLTableElement;34.0;1.0;0.0;0.0;34.0;561.0;0.0;0.0;34.0;2.0;34.0;0.0;0.0;0.0;0.2824;0.0;0.0;0.0;1.0;1.0;0
org.apache.xerces.validators.schema.XUtil;14.0;1.0;0.0;5.0;47.0;91.0;3.0;2.0;13.0;2.0;486.0;0.0;0.0;0.0;0.4107;0.0;0.0;33.7143;5.0;3.7857142857142856;0
org.w3c.dom.html.HTMLTableCellElement;29.0;1.0;0.0;0.0;29.0;406.0;0.0;0.0;29.0;2.0;29.0;0.0;0.0;0.0;0.3707;0.0;0.0;0.0;1.0;1.0;0
org.apache.xerces.readers.UTF8Recognizer;2.0;2.0;0.0;9.0;18.0;0.0;2.0;9.0;1.0;0.0;239.0;1.0;0.0;0.75;0.5714;2.0;2.0;118.0;1.0;1.0;0
org.apache.wml.WMLRefreshElement;0.0;1.0;0.0;2.0;0.0;0.0;1.0;1.0;0.0;2.0;0.0;0.0;0.0;0.0;0.0;0.0;0.0;0.0;0.0;0.0;0
org.apache.html.dom.HTMLIsIndexElementImpl;3.0;6.0;0.0;3.0;6.0;3.0;0.0;3.0;3.0;2.0;17.0;0.0;0.0;0.986;0.6667;0.0;0.0;4.6667;1.0;1.0;0
org.apache.xerces.validators.common.XMLValidator;86.0;1.0;0.0;46.0;254.0;1991.0;8.0;46.0;51.0;0.9429;6272.0;0.9658;39.0;0.0;0.1013;0.0;0.0;70.5698;17.0;1.5813953488372092;2
org.apache.xerces.framework.XMLParser;63.0;1.0;2.0;28.0;135.0;1399.0;7.0;22.0;36.0;0.9348;1204.0;1.0;11.0;0.0;0.1091;0.0;0.0;17.7619;3.0;1.0634920634920635;0
org.apache.html.dom.HTMLPreElementImpl;3.0;6.0;0.0;3.0;8.0;3.0;0.0;3.0;3.0;2.0;20.0;0.0;0.0;0.986;0.5;0.0;0.0;5.6667;1.0;1.0;0
org.w3c.dom.html.HTMLBodyElement;12.0;1.0;0.0;0.0;12.0;66.0;0.0;0.0;12.0;2.0;12.0;0.0;0.0;0.0;0.75;0.0;0.0;0.0;1.0;1.0;0
org.apache.xerces.validators.common.MixedContentModel;8.0;1.0;0.0;7.0;12.0;20.0;1.0;6.0;8.0;0.3333;462.0;1.0;2.0;0.0;0.4643;0.0;0.0;56.0;1.0;1.0;0
org.apache.wml.WMLBElement;2.0;1.0;0.0;2.0;2.0;1.0;1.0;1.0;2.0;2.0;2.0;0.0;0.0;0.0;0.75;0.0;0.0;0.0;1.0;1.0;0
org.apache.html.dom.HTMLFormControl;0.0;1.0;0.0;8.0;0.0;0.0;8.0;0.0;0.0;2.0;0.0;0.0;0.0;0.0;0.0;0.0;0.0;0.0;0.0;0.0;0
org.apache.xerces.validators.datatype.BooleanDatatypeValidator;10.0;2.0;0.0;7.0;29.0;35.0;1.0;6.0;6.0;0.7083;240.0;1.0;3.0;0.3636;0.2639;0.0;0.0;22.2;1.0;1.0;0
org.apache.wml.WMLPrevElement;0.0;1.0;0.0;2.0;0.0;0.0;1.0;1.0;0.0;2.0;0.0;0.0;0.0;0.0;0.0;0.0;0.0;0.0;0.0;0.0;0
org.w3c.dom.html.HTMLTextAreaElement;23.0;1.0;0.0;0.0;23.0;253.0;0.0;0.0;23.0;2.0;23.0;0.0;0.0;0.0;0.3478;0.0;0.0;0.0;1.0;1.0;0
org.apache.xerces.validators.common.CMBinOp;6.0;2.0;0.0;5.0;14.0;0.0;2.0;3.0;1.0;0.2;154.0;1.0;2.0;0.6154;0.4167;1.0;2.0;24.3333;1.0;1.0;0
org.w3c.dom.html.HTMLUListElement;4.0;1.0;0.0;0.0;4.0;6.0;0.0;0.0;4.0;2.0;4.0;0.0;0.0;0.0;0.5;0.0;0.0;0.0;1.0;1.0;0
org.apache.wml.WMLPostfieldElement;4.0;1.0;0.0;2.0;4.0;6.0;1.0;1.0;4.0;2.0;4.0;0.0;0.0;0.0;0.75;0.0;0.0;0.0;1.0;1.0;0
org.apache.html.dom.HTMLDListElementImpl;3.0;6.0;0.0;2.0;6.0;3.0;0.0;2.0;3.0;2.0;17.0;0.0;0.0;0.986;0.5;0.0;0.0;4.6667;1.0;1.0;0
org.w3c.dom.Node;25.0;1.0;0.0;0.0;25.0;300.0;0.0;0.0;25.0;1.0417;37.0;0.0;0.0;0.0;0.33;0.0;0.0;0.0;1.0;1.0;2
org.apache.xerces.dom.DocumentTypeImpl;15.0;4.0;1.0;9.0;26.0;57.0;6.0;4.0;14.0;0.8214;200.0;0.875;3.0;0.8762;0.3833;2.0;3.0;11.8;2.0;1.6666666666666667;0
org.apache.xerces.dom.DeferredCommentImpl;3.0;5.0;0.0;6.0;7.0;0.0;1.0;6.0;1.0;0.75;33.0;0.5;0.0;0.9765;0.5556;2.0;11.0;9.3333;1.0;1.0;0
org.w3c.dom.html.HTMLCollection;3.0;1.0;0.0;0.0;3.0;3.0;0.0;0.0;3.0;2.0;3.0;0.0;0.0;0.0;0.5556;0.0;0.0;0.0;1.0;1.0;0
org.apache.html.dom.HTMLMetaElementImpl;9.0;6.0;0.0;3.0;12.0;36.0;0.0;3.0;9.0;2.0;50.0;0.0;0.0;0.9463;0.5556;0.0;0.0;4.5556;1.0;1.0;0
org.apache.xerces.dom.TreeWalkerImpl;20.0;1.0;0.0;1.0;29.0;58.0;1.0;0.0;14.0;0.5474;547.0;0.2;3.0;0.0;0.31;0.0;0.0;26.1;10.0;4.0;0
org.apache.wml.dom.WMLOptgroupElementImpl;9.0;6.0;0.0;4.0;12.0;36.0;0.0;4.0;9.0;2.0;50.0;0.0;0.0;0.9416;0.5556;1.0;6.0;4.5556;1.0;1.0;0
org.w3c.dom.Entity;3.0;1.0;0.0;0.0;3.0;3.0;0.0;0.0;3.0;2.0;3.0;0.0;0.0;0.0;1.0;0.0;0.0;0.0;1.0;1.0;2
org.apache.html.dom.HTMLInputElementImpl;38.0;6.0;0.0;4.0;49.0;703.0;0.0;4.0;38.0;2.0;229.0;0.0;0.0;0.7921;0.2947;1.0;2.0;5.0263;3.0;1.105263157894737;0
org.apache.xml.serialize.Method;1.0;1.0;0.0;0.0;2.0;0.0;0.0;0.0;1.0;2.0;9.0;0.0;0.0;0.0;1.0;0.0;0.0;3.0;1.0;1.0;0
org.apache.wml.dom.WMLInputElementImpl;25.0;6.0;0.0;4.0;32.0;300.0;0.0;4.0;25.0;2.0;142.0;0.0;0.0;0.8431;0.312;1.0;6.0;4.68;1.0;1.0;0
org.apache.wml.WMLSetvarElement;4.0;1.0;0.0;2.0;4.0;6.0;1.0;1.0;4.0;2.0;4.0;0.0;0.0;0.0;0.75;0.0;0.0;0.0;1.0;1.0;0
org.apache.wml.dom.WMLHeadElementImpl;5.0;6.0;0.0;4.0;8.0;10.0;0.0;4.0;5.0;2.0;28.0;0.0;0.0;0.9699;0.6;1.0;4.0;4.6;1.0;1.0;0
org.apache.html.dom.HTMLFieldSetElementImpl;1.0;6.0;0.0;3.0;2.0;0.0;0.0;3.0;1.0;2.0;6.0;0.0;0.0;1.0;1.0;0.0;0.0;5.0;1.0;1.0;0
org.apache.html.dom.HTMLSelectElementImpl;22.0;6.0;0.0;7.0;39.0;231.0;0.0;7.0;22.0;0.9524;179.0;1.0;1.0;0.8704;0.25;0.0;0.0;7.0909;3.0;1.2727272727272727;0
org.apache.wml.WMLInputElement;20.0;1.0;0.0;2.0;20.0;190.0;1.0;1.0;20.0;2.0;20.0;0.0;0.0;0.0;0.375;0.0;0.0;0.0;1.0;1.0;0
org.apache.xerces.dom.EntityReferenceImpl;10.0;4.0;1.0;8.0;29.0;43.0;3.0;6.0;9.0;0.9444;115.0;0.5;0.0;0.9109;0.325;1.0;2.0;10.3;6.0;1.6;0
org.apache.xerces.jaxp.DocumentBuilderImpl;8.0;2.0;0.0;4.0;22.0;0.0;1.0;3.0;6.0;0.619;109.0;1.0;1.0;0.7;0.3;1.0;1.0;12.25;1.0;1.0;0
org.apache.xerces.dom.ElementImpl;29.0;4.0;4.0;100.0;70.0;128.0;95.0;9.0;24.0;0.75;596.0;0.6667;1.0;0.7731;0.3379;2.0;10.0;19.4483;6.0;2.5517241379310347;1
org.w3c.dom.html.HTMLAnchorElement;26.0;1.0;0.0;0.0;26.0;325.0;0.0;0.0;26.0;2.0;26.0;0.0;0.0;0.0;0.4872;0.0;0.0;0.0;1.0;1.0;0
org.apache.xerces.dom.ElementDefinitionImpl;5.0;3.0;1.0;7.0;13.0;2.0;4.0;4.0;5.0;0.8333;52.0;0.6667;1.0;0.9556;0.4;2.0;3.0;8.8;2.0;1.4;0
org.apache.xerces.dom.TextImpl;6.0;4.0;2.0;10.0;21.0;15.0;6.0;5.0;6.0;1.2;90.0;0.0;0.0;0.9419;0.3333;0.0;0.0;13.8333;2.0;1.3333333333333333;1
org.apache.xerces.utils.ImplementationMessages;5.0;1.0;0.0;6.0;14.0;0.0;5.0;1.0;4.0;1.1591;205.0;0.1364;0.0;0.0;0.5;0.0;0.0;35.6;9.0;2.6;0
org.apache.xerces.validators.schema.SchemaGrammar;45.0;2.0;0.0;13.0;63.0;862.0;3.0;10.0;16.0;0.8968;962.0;0.875;6.0;0.4568;0.1193;1.0;5.0;19.8444;5.0;1.5777777777777777;0
org.w3c.dom.html.HTMLTableCaptionElement;2.0;1.0;0.0;0.0;2.0;1.0;0.0;0.0;2.0;2.0;2.0;0.0;0.0;0.0;0.75;0.0;0.0;0.0;1.0;1.0;0
org.xml.sax.helpers.XMLFilterImpl;36.0;1.0;0.0;0.0;69.0;246.0;0.0;0.0;35.0;0.8048;436.0;1.0;6.0;0.0;0.1259;0.0;0.0;10.9444;2.0;1.1944444444444444;0
org.apache.xerces.msg.ExceptionMessages;3.0;3.0;0.0;0.0;4.0;1.0;0.0;0.0;2.0;0.5;923.0;0.0;0.0;0.973;1.0;0.0;0.0;306.3333;1.0;1.0;0
org.apache.xerces.validators.datatype.IDREFDatatypeValidator;11.0;2.0;0.0;8.0;42.0;33.0;1.0;7.0;7.0;0.82;327.0;0.7;2.0;0.3077;0.2323;0.0;0.0;27.8182;6.0;1.4545454545454546;0
org.apache.xerces.dom.ElementNSImpl;6.0;5.0;1.0;6.0;18.0;5.0;2.0;5.0;4.0;0.8;165.0;0.6667;0.0;0.9675;0.6111;2.0;2.0;26.0;3.0;1.6666666666666667;1
org.w3c.dom.Element;16.0;1.0;0.0;0.0;16.0;120.0;0.0;0.0;16.0;2.0;16.0;0.0;0.0;0.0;0.6458;0.0;0.0;0.0;1.0;1.0;2
org.w3c.dom.html.HTMLScriptElement;14.0;1.0;0.0;0.0;14.0;91.0;0.0;0.0;14.0;2.0;14.0;0.0;0.0;0.0;0.5;0.0;0.0;0.0;1.0;1.0;0
org.apache.xerces.dom.NotationImpl;7.0;2.0;1.0;5.0;12.0;15.0;3.0;3.0;7.0;0.9167;80.0;0.75;0.0;0.913;0.5238;1.0;2.0;9.8571;3.0;2.0;1
org.apache.xerces.readers.XMLEntityReader;29.0;1.0;6.0;13.0;32.0;362.0;6.0;7.0;25.0;0.9;203.0;1.0;3.0;0.0;0.2207;0.0;0.0;5.6552;2.0;1.0344827586206897;0
org.apache.wml.dom.WMLTemplateElementImpl;11.0;6.0;0.0;4.0;14.0;55.0;0.0;4.0;11.0;2.0;61.0;0.0;0.0;0.9281;0.5455;1.0;4.0;4.5455;1.0;1.0;0
org.apache.xml.serialize.TextSerializer;16.0;2.0;0.0;5.0;34.0;120.0;1.0;4.0;10.0;2.0;262.0;0.0;0.0;0.7973;0.1989;1.0;13.0;15.375;6.0;2.0;0
org.apache.xerces.validators.common.ContentLeafNameTypeVector;4.0;1.0;0.0;6.0;6.0;0.0;5.0;1.0;4.0;0.0;73.0;0.0;1.0;0.0;0.55;0.0;0.0;16.5;2.0;1.25;0
org.apache.wml.dom.WMLBrElementImpl;7.0;6.0;0.0;4.0;10.0;21.0;0.0;4.0;7.0;2.0;39.0;0.0;0.0;0.9556;0.5714;1.0;6.0;4.5714;1.0;1.0;0
org.w3c.dom.Document;17.0;1.0;0.0;0.0;17.0;136.0;0.0;0.0;17.0;2.0;17.0;0.0;0.0;0.0;0.4559;0.0;0.0;0.0;1.0;1.0;2
org.apache.html.dom.HTMLElementImpl;23.0;5.0;52.0;56.0;42.0;253.0;53.0;4.0;17.0;2.0;249.0;0.0;0.0;0.844;0.4565;1.0;4.0;9.8261;4.0;1.6521739130434783;0
org.w3c.dom.html.HTMLPreElement;2.0;1.0;0.0;0.0;2.0;1.0;0.0;0.0;2.0;2.0;2.0;0.0;0.0;0.0;0.75;0.0;0.0;0.0;1.0;1.0;0
org.w3c.dom.html.HTMLStyleElement;6.0;1.0;0.0;0.0;6.0;15.0;0.0;0.0;6.0;2.0;6.0;0.0;0.0;0.0;0.5;0.0;0.0;0.0;1.0;1.0;0
org.w3c.dom.html.HTMLBRElement;2.0;1.0;0.0;0.0;2.0;1.0;0.0;0.0;2.0;2.0;2.0;0.0;0.0;0.0;0.75;0.0;0.0;0.0;1.0;1.0;0
org.apache.html.dom.HTMLBodyElementImpl;13.0;6.0;0.0;3.0;16.0;78.0;1.0;3.0;13.0;2.0;72.0;0.0;0.0;0.9216;0.5385;0.0;0.0;4.5385;1.0;1.0;0
org.apache.html.dom.HTMLLabelElementImpl;5.0;6.0;0.0;4.0;10.0;10.0;0.0;4.0;5.0;2.0;52.0;0.0;0.0;0.9724;0.6;0.0;0.0;9.4;3.0;1.8;0
org.apache.xerces.utils.CharDataChunk;20.0;1.0;0.0;10.0;38.0;62.0;5.0;5.0;13.0;0.7081;610.0;0.6364;4.0;0.0;0.2331;0.0;0.0;28.95;11.0;2.75;0
org.apache.html.dom.HTMLUListElementImpl;5.0;6.0;0.0;3.0;10.0;10.0;0.0;3.0;5.0;2.0;28.0;0.0;0.0;0.9724;0.45;0.0;0.0;4.6;1.0;1.0;0
org.apache.xerces.utils.SymbolCache;6.0;1.0;0.0;2.0;11.0;0.0;2.0;0.0;6.0;0.8444;610.0;0.0;0.0;0.0;0.4583;0.0;0.0;99.1667;8.0;2.6666666666666665;0
org.apache.xerces.validators.datatype.TimeDurationDatatypeValidator;18.0;2.0;0.0;7.0;58.0;141.0;1.0;6.0;10.0;0.8478;1933.0;1.0;2.0;0.2;0.1898;0.0;0.0;105.4444;4.0;1.2777777777777777;0
org.apache.xerces.readers.UCSRecognizer;2.0;2.0;0.0;8.0;5.0;1.0;1.0;8.0;1.0;2.0;145.0;0.0;0.0;0.75;0.5714;0.0;0.0;71.5;1.0;1.0;0
org.apache.xerces.utils.URI;42.0;1.0;0.0;3.0;66.0;375.0;2.0;1.0;29.0;0.7805;1991.0;1.0;0.0;0.0;0.2265;0.0;0.0;46.119;33.0;3.357142857142857;0
org.xml.sax.AttributeList;6.0;1.0;0.0;0.0;6.0;15.0;0.0;0.0;6.0;2.0;6.0;0.0;0.0;0.0;0.6111;0.0;0.0;0.0;1.0;1.0;0
org.apache.html.dom.HTMLOptGroupElementImpl;5.0;6.0;0.0;3.0;11.0;10.0;0.0;3.0;5.0;2.0;30.0;0.0;0.0;0.9724;0.45;0.0;0.0;5.0;1.0;1.0;0
org.apache.wml.WMLPElement;6.0;1.0;0.0;2.0;6.0;15.0;1.0;1.0;6.0;2.0;6.0;0.0;0.0;0.0;0.75;0.0;0.0;0.0;1.0;1.0;0
org.w3c.dom.html.HTMLTitleElement;2.0;1.0;0.0;0.0;2.0;1.0;0.0;0.0;2.0;2.0;2.0;0.0;0.0;0.0;0.75;0.0;0.0;0.0;1.0;1.0;0
org.w3c.dom.html.HTMLLegendElement;5.0;1.0;0.0;0.0;5.0;10.0;0.0;0.0;5.0;2.0;5.0;0.0;0.0;0.0;0.7;0.0;0.0;0.0;1.0;1.0;0
org.apache.xerces.validators.datatype.DatatypeValidatorFactoryImpl;11.0;1.0;0.0;23.0;46.0;33.0;5.0;18.0;5.0;0.76;847.0;0.6;1.0;0.0;0.2125;0.0;0.0;75.5455;4.0;1.2727272727272727;0
org.apache.xerces.validators.datatype.DoubleDatatypeValidator;10.0;2.0;0.0;7.0;35.0;35.0;1.0;6.0;6.0;0.6736;682.0;1.0;3.0;0.3333;0.2333;0.0;0.0;65.6;1.0;1.0;0
org.w3c.dom.events.EventListener;1.0;1.0;0.0;0.0;1.0;0.0;0.0;0.0;1.0;2.0;1.0;0.0;0.0;0.0;1.0;0.0;0.0;0.0;1.0;1.0;2
org.apache.html.dom.HTMLModElementImpl;5.0;6.0;0.0;3.0;8.0;10.0;0.0;3.0;5.0;2.0;28.0;0.0;0.0;0.9724;0.6;0.0;0.0;4.6;1.0;1.0;0
org.apache.wml.WMLBigElement;2.0;1.0;0.0;2.0;2.0;1.0;1.0;1.0;2.0;2.0;2.0;0.0;0.0;0.0;0.75;0.0;0.0;0.0;1.0;1.0;0
org.apache.wml.dom.WMLTrElementImpl;5.0;6.0;0.0;4.0;8.0;10.0;0.0;4.0;5.0;2.0;28.0;0.0;0.0;0.9699;0.6;1.0;4.0;4.6;1.0;1.0;0
org.apache.xerces.utils.StringHasher;5.0;1.0;0.0;6.0;7.0;10.0;6.0;0.0;5.0;2.0;107.0;0.0;0.0;0.0;0.35;0.0;0.0;20.4;3.0;2.0;0
org.apache.xerces.utils.XMLCharacterProperties;10.0;1.0;0.0;10.0;13.0;5.0;10.0;0.0;8.0;0.9085;7825.0;0.1765;0.0;0.0;0.25;0.0;0.0;779.8;9.0;4.9;0
org.apache.html.dom.HTMLHtmlElementImpl;3.0;6.0;0.0;3.0;7.0;3.0;1.0;3.0;3.0;2.0;19.0;0.0;0.0;0.986;0.6667;0.0;0.0;5.3333;1.0;1.0;0
org.apache.wml.dom.WMLOneventElementImpl;7.0;6.0;0.0;4.0;10.0;21.0;0.0;4.0;7.0;2.0;39.0;0.0;0.0;0.9556;0.5714;1.0;4.0;4.5714;1.0;1.0;0
org.xml.sax.ext.LexicalHandler;7.0;1.0;0.0;0.0;7.0;21.0;0.0;0.0;7.0;2.0;7.0;0.0;0.0;0.0;0.4286;0.0;0.0;0.0;1.0;1.0;1
org.w3c.dom.traversal.NodeIterator;7.0;1.0;0.0;0.0;7.0;21.0;0.0;0.0;7.0;2.0;7.0;0.0;0.0;0.0;1.0;0.0;0.0;0.0;1.0;1.0;2
org.apache.xerces.dom.EntityImpl;10.0;3.0;1.0;6.0;15.0;37.0;4.0;3.0;10.0;0.9333;93.0;0.8;0.0;0.9053;0.4;2.0;3.0;7.8;2.0;1.7;0
org.apache.xml.serialize.LineSeparator;1.0;1.0;0.0;0.0;2.0;0.0;0.0;0.0;1.0;2.0;8.0;0.0;0.0;0.0;1.0;0.0;0.0;3.0;1.0;1.0;0
org.xml.sax.helpers.AttributesImpl;26.0;1.0;0.0;0.0;40.0;0.0;0.0;0.0;24.0;0.08;722.0;0.0;0.0;0.0;0.5288;0.0;0.0;26.6923;5.0;2.730769230769231;0
org.w3c.dom.events.EventException;1.0;4.0;0.0;0.0;2.0;0.0;0.0;0.0;1.0;2.0;10.0;0.0;0.0;1.0;1.0;0.0;0.0;7.0;1.0;1.0;2
org.xml.sax.helpers.ParserAdapter;30.0;1.0;0.0;0.0;88.0;177.0;0.0;0.0;24.0;0.882;888.0;0.7368;9.0;0.0;0.1267;0.0;0.0;27.9667;4.0;1.3;0
org.apache.xerces.dom.DeferredEntityReferenceImpl;5.0;5.0;0.0;6.0;22.0;0.0;1.0;6.0;1.0;0.75;118.0;0.5;0.0;0.9619;0.4667;3.0;15.0;22.2;7.0;2.2;0
org.w3c.dom.html.HTMLParagraphElement;2.0;1.0;0.0;0.0;2.0;1.0;0.0;0.0;2.0;2.0;2.0;0.0;0.0;0.0;0.75;0.0;0.0;0.0;1.0;1.0;0
org.apache.wml.WMLSelectElement;16.0;1.0;0.0;2.0;16.0;120.0;1.0;1.0;16.0;2.0;16.0;0.0;0.0;0.0;0.375;0.0;0.0;0.0;1.0;1.0;0
org.apache.wml.WMLMetaElement;10.0;1.0;0.0;2.0;10.0;45.0;1.0;1.0;10.0;2.0;10.0;0.0;0.0;0.0;0.5;0.0;0.0;0.0;1.0;1.0;0
org.w3c.dom.html.HTMLTableColElement;12.0;1.0;0.0;0.0;12.0;66.0;0.0;0.0;12.0;2.0;12.0;0.0;0.0;0.0;0.5;0.0;0.0;0.0;1.0;1.0;0
org.apache.xerces.dom.AttrImpl;16.0;3.0;2.0;14.0;46.0;114.0;11.0;6.0;14.0;0.9333;289.0;0.5;0.0;0.86;0.3438;2.0;10.0;16.9375;11.0;2.5;1
org.apache.xerces.msg.XMLMessages;3.0;3.0;0.0;0.0;4.0;1.0;0.0;0.0;2.0;0.5;2145.0;0.0;0.0;0.973;1.0;0.0;0.0;713.6667;1.0;1.0;0
org.w3c.dom.CharacterData;8.0;1.0;0.0;0.0;8.0;28.0;0.0;0.0;8.0;2.0;8.0;0.0;0.0;0.0;0.6667;0.0;0.0;0.0;1.0;1.0;2
org.apache.xerces.validators.common.InsertableElementsInfo;1.0;1.0;0.0;6.0;2.0;0.0;5.0;1.0;1.0;2.0;12.0;0.0;2.0;0.0;1.0;0.0;0.0;3.0;1.0;1.0;0
org.apache.wml.WMLStrongElement;2.0;1.0;0.0;2.0;2.0;1.0;1.0;1.0;2.0;2.0;2.0;0.0;0.0;0.0;0.75;0.0;0.0;0.0;1.0;1.0;0
org.apache.wml.dom.WMLNoopElementImpl;5.0;6.0;0.0;4.0;8.0;10.0;0.0;4.0;5.0;2.0;28.0;0.0;0.0;0.9699;0.6;1.0;4.0;4.6;1.0;1.0;0
org.apache.xerces.validators.common.Grammar;38.0;1.0;2.0;28.0;77.0;569.0;9.0;19.0;13.0;0.9009;2195.0;1.0;9.0;0.0;0.1526;0.0;0.0;55.8947;6.0;2.0;0
org.xml.sax.XMLFilter;2.0;1.0;0.0;0.0;2.0;1.0;0.0;0.0;2.0;2.0;2.0;0.0;0.0;0.0;0.75;0.0;0.0;0.0;1.0;1.0;0
org.w3c.dom.events.Event;10.0;1.0;0.0;0.0;10.0;45.0;0.0;0.0;10.0;1.1111;13.0;0.0;0.0;0.0;0.4;0.0;0.0;0.0;1.0;1.0;2
org.apache.wml.dom.WMLAElementImpl;11.0;6.0;0.0;4.0;14.0;55.0;0.0;4.0;11.0;2.0;61.0;0.0;0.0;0.9281;0.5455;1.0;6.0;4.5455;1.0;1.0;0
org.apache.xerces.validators.datatype.XMLException;5.0;3.0;2.0;2.0;7.0;10.0;2.0;0.0;5.0;2.0;20.0;0.0;0.0;0.9444;0.6;0.0;0.0;3.0;1.0;1.0;0
org.xml.sax.ext.DeclHandler;4.0;1.0;0.0;0.0;4.0;6.0;0.0;0.0;4.0;2.0;4.0;0.0;0.0;0.0;1.0;0.0;0.0;0.0;1.0;1.0;1
org.apache.xml.serialize.SerializerFactoryImpl;6.0;2.0;0.0;7.0;20.0;9.0;1.0;7.0;3.0;0.0;136.0;1.0;0.0;0.5455;0.4333;1.0;2.0;21.5;5.0;2.3333333333333335;0
org.apache.xerces.validators.schema.TraverseSchema;66.0;1.0;0.0;28.0;203.0;1255.0;4.0;27.0;8.0;0.7692;8694.0;0.963;9.0;0.0;0.1549;0.0;0.0;130.3182;25.0;1.7575757575757576;4
org.apache.wml.dom.WMLOptionElementImpl;13.0;6.0;0.0;4.0;16.0;78.0;0.0;4.0;13.0;2.0;72.0;0.0;0.0;0.9149;0.5385;1.0;6.0;4.5385;1.0;1.0;0
org.xml.sax.ContentHandler;11.0;1.0;0.0;0.0;11.0;55.0;0.0;0.0;11.0;2.0;11.0;0.0;0.0;0.0;0.3485;0.0;0.0;0.0;1.0;1.0;0
org.apache.xerces.validators.datatype.InvalidDatatypeValueException;8.0;4.0;0.0;19.0;12.0;0.0;18.0;1.0;8.0;0.2857;64.0;1.0;0.0;0.8182;0.4375;0.0;0.0;6.75;1.0;1.0;0
org.w3c.dom.DocumentType;6.0;1.0;0.0;0.0;6.0;15.0;0.0;0.0;6.0;2.0;6.0;0.0;0.0;0.0;1.0;0.0;0.0;0.0;1.0;1.0;2
org.apache.xerces.utils.QName;11.0;1.0;0.0;39.0;16.0;25.0;39.0;0.0;11.0;0.05;191.0;0.0;0.0;0.0;0.4091;1.0;1.0;16.0;7.0;1.5454545454545454;0
org.apache.html.dom.HTMLTableElementImpl;36.0;6.0;0.0;9.0;57.0;630.0;1.0;9.0;35.0;1.0;471.0;1.0;2.0;0.8011;0.2143;0.0;0.0;12.0278;7.0;2.0277777777777777;0
org.apache.xerces.utils.regex.RegularExpression;53.0;1.0;0.0;29.0;143.0;1146.0;10.0;20.0;20.0;0.9062;6645.0;0.0909;6.0;0.0;0.1923;1.0;1.0;123.7547;152.0;14.056603773584905;0
org.w3c.dom.range.Range;24.0;1.0;0.0;0.0;24.0;276.0;0.0;0.0;24.0;1.0435;28.0;0.0;0.0;0.0;0.2708;0.0;0.0;0.0;1.0;1.0;0
org.apache.xerces.domx.DOMException;1.0;5.0;1.0;1.0;2.0;0.0;1.0;0.0;1.0;2.0;8.0;0.0;0.0;1.0;1.0;0.0;0.0;5.0;1.0;1.0;1
org.apache.wml.WMLAccessElement;4.0;1.0;0.0;2.0;4.0;6.0;1.0;1.0;4.0;2.0;4.0;0.0;0.0;0.0;0.75;0.0;0.0;0.0;1.0;1.0;0
org.apache.xerces.validators.datatype.DatatypeValidatorFactory;1.0;1.0;0.0;3.0;1.0;0.0;1.0;2.0;1.0;2.0;1.0;0.0;0.0;0.0;1.0;0.0;0.0;0.0;1.0;1.0;0
org.apache.wml.WMLSmallElement;2.0;1.0;0.0;2.0;2.0;1.0;1.0;1.0;2.0;2.0;2.0;0.0;0.0;0.0;0.75;0.0;0.0;0.0;1.0;1.0;0
org.apache.xerces.dom.DOMExceptionImpl;1.0;6.0;0.0;17.0;2.0;0.0;16.0;1.0;1.0;2.0;6.0;0.0;0.0;1.0;1.0;0.0;0.0;5.0;1.0;1.0;1
org.apache.xerces.utils.ISO8601Format;1.0;1.0;0.0;0.0;2.0;0.0;0.0;0.0;1.0;2.0;4.0;0.0;0.0;0.0;1.0;0.0;0.0;3.0;1.0;1.0;0
org.apache.xerces.dom.AttrNSImpl;6.0;4.0;1.0;6.0;18.0;5.0;2.0;5.0;4.0;0.8;192.0;0.6667;0.0;0.9615;0.6111;2.0;2.0;30.5;13.0;3.6666666666666665;1
org.apache.xerces.validators.datatype.BinaryDatatypeValidator;7.0;2.0;0.0;7.0;27.0;15.0;1.0;6.0;6.0;0.7407;390.0;1.0;1.0;0.4444;0.3333;1.0;1.0;53.4286;1.0;1.0;0
org.apache.html.dom.HTMLBuilder;11.0;1.0;0.0;8.0;36.0;0.0;0.0;8.0;11.0;0.7167;335.0;1.0;3.0;0.0;0.3182;0.0;0.0;28.9091;1.0;1.0;0
org.apache.html.dom.HTMLAreaElementImpl;17.0;6.0;0.0;3.0;27.0;136.0;0.0;3.0;17.0;2.0;123.0;0.0;0.0;0.8981;0.3176;0.0;0.0;6.2353;3.0;1.2352941176470589;0
org.apache.xerces.validators.common.CMAny;9.0;2.0;0.0;6.0;19.0;0.0;2.0;4.0;1.0;0.625;120.0;1.0;0.0;0.5;0.3889;1.0;2.0;12.0;2.0;1.1111111111111112;0
org.apache.wml.dom.WMLSelectElementImpl;21.0;6.0;0.0;4.0;28.0;210.0;0.0;4.0;21.0;2.0;118.0;0.0;0.0;0.8658;0.3143;1.0;6.0;4.619;1.0;1.0;0
org.apache.wml.dom.WMLRefreshElementImpl;5.0;6.0;0.0;4.0;8.0;10.0;0.0;4.0;5.0;2.0;28.0;0.0;0.0;0.9699;0.6;1.0;4.0;4.6;1.0;1.0;0
org.apache.html.dom.HTMLLegendElementImpl;5.0;6.0;0.0;3.0;10.0;10.0;0.0;3.0;5.0;2.0;52.0;0.0;0.0;0.9724;0.6;0.0;0.0;9.4;3.0;1.8;0
org.apache.xerces.framework.XMLAttrList;29.0;1.0;0.0;8.0;37.0;0.0;6.0;2.0;28.0;0.8139;1199.0;1.0;2.0;0.0;0.3333;0.0;0.0;39.6897;7.0;2.9310344827586206;0
org.apache.xerces.validators.common.GrammarResolver;8.0;1.0;0.0;9.0;8.0;28.0;8.0;1.0;8.0;2.0;8.0;0.0;0.0;0.0;0.5833;0.0;0.0;0.0;1.0;1.0;0
org.apache.xerces.dom.DeferredElementNSImpl;4.0;6.0;0.0;8.0;20.0;0.0;1.0;8.0;1.0;0.6667;103.0;0.5;0.0;0.9762;0.5;4.0;18.0;24.25;4.0;1.75;0
org.apache.xerces.jaxp.SAXParserFactoryImpl;2.0;2.0;0.0;1.0;6.0;1.0;0.0;1.0;2.0;2.0;13.0;0.0;0.0;0.9286;1.0;0.0;0.0;5.5;1.0;1.0;1
org.w3c.dom.html.HTMLMenuElement;2.0;1.0;0.0;0.0;2.0;1.0;0.0;0.0;2.0;2.0;2.0;0.0;0.0;0.0;0.75;0.0;0.0;0.0;1.0;1.0;0
org.apache.html.dom.HTMLTableColElementImpl;13.0;6.0;0.0;3.0;21.0;78.0;0.0;3.0;13.0;2.0;103.0;0.0;0.0;0.9216;0.4038;0.0;0.0;6.9231;3.0;1.3076923076923077;0
org.apache.html.dom.HTMLDivElementImpl;3.0;6.0;0.0;3.0;7.0;3.0;0.0;3.0;3.0;2.0;19.0;0.0;0.0;0.986;0.6667;0.0;0.0;5.3333;1.0;1.0;0
org.apache.xerces.validators.datatype.NOTATIONDatatypeValidator;8.0;2.0;0.0;5.0;15.0;26.0;1.0;4.0;7.0;0.7857;56.0;1.0;1.0;0.4;0.2857;0.0;0.0;5.75;1.0;1.0;0
org.apache.xerces.dom.AttributeMap;10.0;2.0;0.0;8.0;43.0;45.0;1.0;8.0;5.0;2.0;591.0;0.0;0.0;0.7;0.3286;1.0;13.0;58.1;13.0;3.1;2
javax.xml.parsers.DocumentBuilder;10.0;1.0;1.0;0.0;15.0;45.0;0.0;0.0;9.0;2.0;53.0;0.0;0.0;0.0;0.2286;0.0;0.0;4.3;1.0;1.0;1
org.w3c.dom.Comment;0.0;1.0;0.0;0.0;0.0;0.0;0.0;0.0;0.0;2.0;0.0;0.0;0.0;0.0;0.0;0.0;0.0;0.0;0.0;0.0;2
org.apache.html.dom.HTMLMenuElementImpl;3.0;6.0;0.0;2.0;6.0;3.0;0.0;2.0;3.0;2.0;17.0;0.0;0.0;0.986;0.5;0.0;0.0;4.6667;1.0;1.0;0
org.w3c.dom.html.HTMLFrameElement;16.0;1.0;0.0;0.0;16.0;120.0;0.0;0.0;16.0;2.0;16.0;0.0;0.0;0.0;0.5;0.0;0.0;0.0;1.0;1.0;0
org.apache.xerces.validators.datatype.StateMessageDatatype;3.0;1.0;0.0;9.0;3.0;3.0;9.0;0.0;3.0;2.0;3.0;0.0;0.0;0.0;0.6667;0.0;0.0;0.0;1.0;1.0;0
org.apache.xerces.utils.regex.Match;12.0;1.0;0.0;3.0;22.0;0.0;3.0;1.0;6.0;0.5303;332.0;0.0;0.0;0.0;0.35;0.0;0.0;26.1667;8.0;2.8333333333333335;0
org.apache.html.dom.HTMLFormElementImpl;17.0;6.0;0.0;4.0;23.0;136.0;0.0;4.0;17.0;0.9375;98.0;1.0;1.0;0.8981;0.4902;0.0;0.0;4.7059;2.0;1.0588235294117647;0
org.apache.xerces.utils.XMLMessages;5.0;1.0;0.0;2.0;14.0;0.0;1.0;1.0;4.0;1.2438;1114.0;0.0093;0.0;0.0;0.5;0.0;0.0;157.2;9.0;2.6;0
org.apache.wml.WMLTdElement;2.0;1.0;0.0;2.0;2.0;1.0;1.0;1.0;2.0;2.0;2.0;0.0;0.0;0.0;0.75;0.0;0.0;0.0;1.0;1.0;0
org.apache.wml.dom.WMLTimerElementImpl;9.0;6.0;0.0;4.0;12.0;36.0;0.0;4.0;9.0;2.0;50.0;0.0;0.0;0.9416;0.5556;1.0;4.0;4.5556;1.0;1.0;0
org.apache.html.dom.HTMLFrameSetElementImpl;5.0;6.0;0.0;3.0;8.0;10.0;0.0;3.0;5.0;2.0;28.0;0.0;0.0;0.9724;0.6;0.0;0.0;4.6;1.0;1.0;0
org.xml.sax.helpers.DefaultHandler;18.0;1.0;0.0;0.0;19.0;153.0;0.0;0.0;18.0;2.0;40.0;0.0;0.0;0.0;0.2857;0.0;0.0;1.2222;1.0;1.0;0
org.apache.wml.dom.WMLCardElementImpl;19.0;6.0;0.0;4.0;24.0;171.0;0.0;4.0;19.0;2.0;107.0;0.0;0.0;0.8776;0.3947;1.0;6.0;4.6316;1.0;1.0;0
org.w3c.dom.html.HTMLTableSectionElement;11.0;1.0;0.0;0.0;11.0;55.0;0.0;0.0;11.0;2.0;11.0;0.0;0.0;0.0;0.5152;0.0;0.0;0.0;1.0;1.0;0
org.w3c.dom.Text;1.0;1.0;0.0;0.0;1.0;0.0;0.0;0.0;1.0;2.0;1.0;0.0;0.0;0.0;1.0;0.0;0.0;0.0;1.0;1.0;2
org.apache.xerces.dom.ChildNode;8.0;2.0;2.0;14.0;14.0;20.0;14.0;2.0;5.0;0.9048;69.0;0.6667;2.0;0.913;0.4167;1.0;1.0;7.25;2.0;1.5;0
org.apache.html.dom.HTMLAnchorElementImpl;27.0;6.0;0.0;3.0;35.0;351.0;0.0;3.0;27.0;2.0;171.0;0.0;0.0;0.8443;0.3796;0.0;0.0;5.3333;3.0;1.1481481481481481;0
org.xml.sax.SAXParseException;9.0;4.0;0.0;0.0;15.0;28.0;0.0;0.0;8.0;0.375;106.0;1.0;0.0;0.8077;0.4667;0.0;0.0;10.3333;2.0;1.2222222222222223;0
org.apache.wml.dom.WMLUElementImpl;7.0;6.0;0.0;4.0;10.0;21.0;0.0;4.0;7.0;2.0;39.0;0.0;0.0;0.9556;0.5714;1.0;6.0;4.5714;1.0;1.0;0
org.apache.wml.dom.WMLDocumentImpl;4.0;4.0;0.0;39.0;22.0;4.0;37.0;3.0;2.0;0.9829;580.0;0.0513;0.0;0.9864;0.5556;1.0;1.0;134.25;38.0;10.25;0
org.w3c.dom.html.HTMLBaseElement;4.0;1.0;0.0;0.0;4.0;6.0;0.0;0.0;4.0;2.0;4.0;0.0;0.0;0.0;0.75;0.0;0.0;0.0;1.0;1.0;0
org.apache.xerces.utils.UTF8DataChunk;22.0;1.0;0.0;6.0;39.0;89.0;1.0;5.0;12.0;0.7033;1538.0;0.6923;4.0;0.0;0.2321;0.0;0.0;68.3182;26.0;4.863636363636363;0
org.w3c.dom.html.HTMLOptionElement;13.0;1.0;0.0;0.0;13.0;78.0;0.0;0.0;13.0;2.0;13.0;0.0;0.0;0.0;0.4615;0.0;0.0;0.0;1.0;1.0;0
org.apache.wml.WMLDocument;0.0;1.0;0.0;1.0;0.0;0.0;1.0;0.0;0.0;2.0;0.0;0.0;0.0;0.0;0.0;0.0;0.0;0.0;0.0;0.0;0
org.apache.html.dom.HTMLBaseFontElementImpl;7.0;6.0;0.0;3.0;11.0;21.0;0.0;3.0;7.0;2.0;43.0;0.0;0.0;0.9592;0.5714;0.0;0.0;5.1429;1.0;1.0;0
org.apache.html.dom.HTMLDirectoryElementImpl;3.0;6.0;0.0;2.0;6.0;3.0;0.0;2.0;3.0;2.0;17.0;0.0;0.0;0.986;0.5;0.0;0.0;4.6667;1.0;1.0;0
org.w3c.dom.range.RangeException;1.0;4.0;1.0;0.0;2.0;0.0;0.0;0.0;1.0;2.0;11.0;0.0;0.0;1.0;1.0;0.0;0.0;7.0;1.0;1.0;0
org.apache.xml.serialize.HTMLSerializer;17.0;2.0;1.0;7.0;79.0;102.0;2.0;5.0;10.0;0.5625;1190.0;0.5;0.0;0.8429;0.1927;2.0;13.0;68.8824;37.0;8.0;0
org.apache.xerces.validators.common.CMLeaf;9.0;2.0;0.0;7.0;23.0;0.0;2.0;5.0;2.0;0.375;147.0;1.0;1.0;0.5333;0.3556;1.0;2.0;15.1111;2.0;1.1111111111111112;0
org.w3c.dom.html.HTMLHeadElement;2.0;1.0;0.0;0.0;2.0;1.0;0.0;0.0;2.0;2.0;2.0;0.0;0.0;0.0;0.75;0.0;0.0;0.0;1.0;1.0;0
org.apache.html.dom.HTMLLinkElementImpl;19.0;6.0;0.0;3.0;24.0;171.0;0.0;3.0;19.0;2.0;105.0;0.0;0.0;0.8868;0.3947;0.0;0.0;4.5263;1.0;1.0;0
org.w3c.dom.DOMException;1.0;4.0;1.0;0.0;2.0;0.0;0.0;0.0;1.0;2.0;24.0;0.0;0.0;1.0;1.0;0.0;0.0;7.0;1.0;1.0;2
org.apache.xerces.domx.XGrammarWriter;46.0;1.0;0.0;5.0;107.0;683.0;0.0;5.0;27.0;0.8389;2103.0;1.0;2.0;0.0;0.1378;0.0;0.0;44.5435;19.0;4.173913043478261;0
org.apache.html.dom.HTMLDocumentImpl;34.0;4.0;0.0;60.0;82.0;541.0;55.0;10.0;29.0;0.9697;1021.0;0.8;5.0;0.8192;0.2848;2.0;3.0;28.7353;7.0;2.323529411764706;0
org.apache.xerces.framework.XMLErrorReporter;2.0;1.0;0.0;22.0;2.0;1.0;22.0;0.0;2.0;2.0;5.0;0.0;0.0;0.0;0.6;0.0;0.0;0.0;1.0;1.0;0
org.w3c.dom.traversal.NodeFilter;1.0;1.0;0.0;0.0;1.0;0.0;0.0;0.0;1.0;2.0;17.0;0.0;0.0;0.0;1.0;0.0;0.0;0.0;1.0;1.0;2
org.apache.html.dom.HTMLOptionElementImpl;15.0;6.0;0.0;6.0;38.0;105.0;1.0;5.0;15.0;2.0;195.0;0.0;0.0;0.9097;0.32;0.0;0.0;12.0;6.0;1.8;0
org.apache.xerces.validators.schema.SchemaSymbols;1.0;1.0;0.0;0.0;2.0;0.0;0.0;0.0;1.0;2.0;121.0;0.0;0.0;0.0;1.0;0.0;0.0;3.0;1.0;1.0;0
org.apache.wml.WMLOptgroupElement;4.0;1.0;0.0;2.0;4.0;6.0;1.0;1.0;4.0;2.0;4.0;0.0;0.0;0.0;0.75;0.0;0.0;0.0;1.0;1.0;0
org.w3c.dom.html.HTMLFontElement;6.0;1.0;0.0;0.0;6.0;15.0;0.0;0.0;6.0;2.0;6.0;0.0;0.0;0.0;0.75;0.0;0.0;0.0;1.0;1.0;0
org.apache.wml.WMLTemplateElement;6.0;1.0;0.0;2.0;6.0;15.0;1.0;1.0;6.0;2.0;6.0;0.0;0.0;0.0;0.75;0.0;0.0;0.0;1.0;1.0;0
org.apache.wml.WMLGoElement;8.0;1.0;0.0;2.0;8.0;28.0;1.0;1.0;8.0;2.0;8.0;0.0;0.0;0.0;0.75;0.0;0.0;0.0;1.0;1.0;0
org.w3c.dom.Notation;2.0;1.0;0.0;0.0;2.0;1.0;0.0;0.0;2.0;2.0;2.0;0.0;0.0;0.0;1.0;0.0;0.0;0.0;1.0;1.0;2
org.w3c.dom.events.EventTarget;3.0;1.0;0.0;0.0;3.0;3.0;0.0;0.0;3.0;2.0;3.0;0.0;0.0;0.0;0.6667;0.0;0.0;0.0;1.0;1.0;2
org.apache.xerces.utils.ChunkyByteArray;8.0;2.0;0.0;7.0;13.0;0.0;7.0;0.0;7.0;0.7679;283.0;1.0;0.0;0.5625;0.4063;1.0;2.0;33.375;2.0;1.125;0
org.w3c.dom.html.HTMLTableRowElement;15.0;1.0;0.0;0.0;15.0;105.0;0.0;0.0;15.0;2.0;15.0;0.0;0.0;0.0;0.4889;0.0;0.0;0.0;1.0;1.0;0
org.apache.wml.dom.WMLPrevElementImpl;5.0;6.0;0.0;4.0;8.0;10.0;0.0;4.0;5.0;2.0;28.0;0.0;0.0;0.9699;0.6;1.0;4.0;4.6;1.0;1.0;0
org.apache.xerces.validators.schema.SchemaMessageProvider;5.0;1.0;0.0;3.0;14.0;0.0;2.0;1.0;4.0;1.1855;236.0;0.0645;0.0;0.0;0.5;0.0;0.0;40.0;9.0;2.6;0
org.apache.xerces.msg.ExceptionMessagesLocalizer;2.0;1.0;0.0;0.0;17.0;1.0;0.0;0.0;2.0;2.0;103.0;0.0;0.0;0.0;0.5;0.0;0.0;50.0;10.0;5.5;0
org.w3c.dom.NodeList;2.0;1.0;0.0;0.0;2.0;1.0;0.0;0.0;2.0;2.0;2.0;0.0;0.0;0.0;0.75;0.0;0.0;0.0;1.0;1.0;2
org.apache.html.dom.HTMLParamElementImpl;9.0;6.0;0.0;3.0;13.0;36.0;0.0;3.0;9.0;2.0;52.0;0.0;0.0;0.9463;0.5556;0.0;0.0;4.7778;1.0;1.0;0
org.apache.xml.serialize.Printer;18.0;1.0;1.0;6.0;28.0;47.0;5.0;1.0;18.0;0.7206;360.0;1.0;1.0;0.0;0.179;0.0;0.0;18.5556;4.0;2.0;0
org.w3c.dom.html.HTMLLabelElement;5.0;1.0;0.0;0.0;5.0;10.0;0.0;0.0;5.0;2.0;5.0;0.0;0.0;0.0;0.7;0.0;0.0;0.0;1.0;1.0;0
org.apache.xerces.msg.DatatypeMessages;3.0;3.0;0.0;0.0;4.0;1.0;0.0;0.0;2.0;0.5;260.0;0.0;0.0;0.973;1.0;0.0;0.0;85.3333;1.0;1.0;0
org.apache.xerces.dom.CharacterDataImpl;14.0;3.0;3.0;16.0;41.0;17.0;8.0;8.0;11.0;0.7179;333.0;0.6667;1.0;0.8519;0.4808;1.0;2.0;22.5714;6.0;1.7142857142857142;2
org.apache.xerces.readers.MIME2Java;4.0;1.0;0.0;3.0;9.0;2.0;3.0;0.0;2.0;0.6667;395.0;1.0;0.0;0.0;0.5;0.0;0.0;97.25;1.0;1.0;0
org.w3c.dom.html.HTMLInputElement;38.0;1.0;0.0;0.0;38.0;703.0;0.0;0.0;38.0;2.0;38.0;0.0;0.0;0.0;0.3553;0.0;0.0;0.0;1.0;1.0;0
org.xml.sax.helpers.LocatorImpl;10.0;1.0;0.0;0.0;15.0;37.0;0.0;0.0;10.0;0.7778;64.0;1.0;0.0;0.0;0.375;0.0;0.0;5.0;1.0;1.0;0
org.apache.xerces.utils.StringPool;30.0;1.0;0.0;52.0;50.0;67.0;49.0;4.0;26.0;0.829;2121.0;0.9167;2.0;0.0;0.3389;0.0;0.0;68.9;9.0;3.2333333333333334;0
org.apache.xerces.jaxp.DocumentBuilderFactoryImpl;2.0;2.0;0.0;1.0;6.0;1.0;0.0;1.0;2.0;2.0;13.0;0.0;0.0;0.9583;1.0;0.0;0.0;5.5;1.0;1.0;1
org.w3c.dom.html.HTMLMetaElement;8.0;1.0;0.0;0.0;8.0;28.0;0.0;0.0;8.0;2.0;8.0;0.0;0.0;0.0;0.75;0.0;0.0;0.0;1.0;1.0;0
org.apache.wml.WMLIElement;2.0;1.0;0.0;2.0;2.0;1.0;1.0;1.0;2.0;2.0;2.0;0.0;0.0;0.0;0.75;0.0;0.0;0.0;1.0;1.0;0
org.apache.xerces.readers.XMLCatalogHandler;11.0;1.0;1.0;2.0;18.0;15.0;2.0;0.0;11.0;0.5;102.0;1.0;0.0;0.0;0.4318;0.0;0.0;8.0909;1.0;1.0;0
org.apache.html.dom.HTMLParagraphElementImpl;3.0;6.0;0.0;3.0;6.0;3.0;0.0;3.0;3.0;2.0;17.0;0.0;0.0;0.986;0.6667;0.0;0.0;4.6667;1.0;1.0;0
org.apache.xerces.msg.SchemaMessages;3.0;3.0;0.0;0.0;4.0;1.0;0.0;0.0;2.0;0.5;325.0;0.0;0.0;0.973;1.0;0.0;0.0;107.0;1.0;1.0;0
org.w3c.dom.range.DocumentRange;1.0;1.0;0.0;0.0;1.0;0.0;0.0;0.0;1.0;2.0;1.0;0.0;0.0;0.0;1.0;0.0;0.0;0.0;1.0;1.0;0
org.apache.xerces.utils.regex.Token;49.0;1.0;9.0;16.0;87.0;866.0;15.0;11.0;2.0;0.9951;2172.0;0.3667;20.0;0.0;0.1875;0.0;0.0;42.102;24.0;2.326530612244898;0
javax.xml.parsers.ParserConfigurationException;2.0;3.0;0.0;0.0;4.0;1.0;0.0;0.0;2.0;2.0;9.0;0.0;0.0;1.0;0.75;0.0;0.0;3.5;1.0;1.0;1
org.apache.xerces.parsers.SAXParser;48.0;2.0;1.0;10.0;122.0;852.0;2.0;8.0;41.0;0.9021;1384.0;1.0;6.0;0.5701;0.1413;2.0;3.0;27.625;3.0;1.1041666666666667;1
org.xml.sax.XMLReader;14.0;1.0;0.0;0.0;14.0;91.0;0.0;0.0;14.0;2.0;14.0;0.0;0.0;0.0;0.2063;0.0;0.0;0.0;1.0;1.0;0
org.apache.xerces.validators.common.CMUniOp;5.0;2.0;0.0;5.0;11.0;0.0;2.0;3.0;1.0;0.25;60.0;1.0;1.0;0.6667;0.45;1.0;2.0;10.8;1.0;1.0;0
org.xml.sax.helpers.XMLReaderFactory;3.0;1.0;0.0;0.0;14.0;3.0;0.0;0.0;2.0;2.0;101.0;0.0;0.0;0.0;0.3333;0.0;0.0;32.6667;1.0;1.0;0
org.apache.xerces.dom.NodeImpl;65.0;1.0;3.0;48.0;105.0;1820.0;44.0;9.0;36.0;0.9688;1095.0;0.8824;1.0;0.0;0.1269;0.0;0.0;15.5846;31.0;2.3230769230769233;2
org.apache.html.dom.HTMLCollectionImpl;9.0;1.0;0.0;9.0;22.0;18.0;7.0;2.0;3.0;1.0288;378.0;0.1538;1.0;0.0;0.3175;0.0;0.0;39.5556;17.0;4.888888888888889;0
org.apache.xerces.dom.DeferredElementImpl;4.0;5.0;0.0;7.0;17.0;0.0;1.0;7.0;1.0;0.6667;75.0;0.5;0.0;0.9754;0.5;3.0;12.0;17.25;3.0;1.5;0
org.apache.xerces.framework.XMLDocumentScanner;45.0;1.0;0.0;23.0;108.0;602.0;7.0;17.0;16.0;0.9428;2552.0;0.0714;15.0;0.0;0.153;0.0;0.0;54.4667;2.0;1.0666666666666667;0
org.apache.xerces.dom.CDATASectionImpl;3.0;5.0;1.0;3.0;4.0;3.0;2.0;2.0;3.0;1.5;13.0;0.0;0.0;0.9773;0.5556;1.0;2.0;3.0;1.0;1.0;0
org.apache.html.dom.HTMLHeadElementImpl;3.0;6.0;0.0;3.0;6.0;3.0;1.0;3.0;3.0;2.0;17.0;0.0;0.0;0.986;0.6667;0.0;0.0;4.6667;1.0;1.0;0
org.apache.xerces.dom.DeferredNode;1.0;1.0;0.0;16.0;1.0;0.0;16.0;0.0;1.0;2.0;1.0;0.0;0.0;0.0;1.0;0.0;0.0;0.0;1.0;1.0;0
org.apache.html.dom.HTMLBaseElementImpl;5.0;6.0;0.0;3.0;8.0;10.0;0.0;3.0;5.0;2.0;28.0;0.0;0.0;0.9724;0.6;0.0;0.0;4.6;1.0;1.0;0
org.xml.sax.DocumentHandler;8.0;1.0;0.0;0.0;8.0;28.0;0.0;0.0;8.0;2.0;8.0;0.0;0.0;0.0;0.3542;0.0;0.0;0.0;1.0;1.0;0
org.w3c.dom.EntityReference;0.0;1.0;0.0;0.0;0.0;0.0;0.0;0.0;0.0;2.0;0.0;0.0;0.0;0.0;0.0;0.0;0.0;0.0;0.0;0.0;2
org.apache.wml.WMLTableElement;8.0;1.0;0.0;2.0;8.0;28.0;1.0;1.0;8.0;2.0;8.0;0.0;0.0;0.0;0.5;0.0;0.0;0.0;1.0;1.0;0
org.apache.xerces.dom.DeferredNotationImpl;3.0;3.0;0.0;6.0;12.0;0.0;1.0;6.0;1.0;0.75;59.0;0.5;0.0;0.9718;0.5556;2.0;4.0;18.0;1.0;1.0;0
org.xml.sax.DTDHandler;2.0;1.0;0.0;0.0;2.0;1.0;0.0;0.0;2.0;2.0;2.0;0.0;0.0;0.0;1.0;0.0;0.0;0.0;1.0;1.0;0
org.apache.wml.dom.WMLAccessElementImpl;9.0;6.0;0.0;4.0;12.0;36.0;0.0;4.0;9.0;2.0;50.0;0.0;0.0;0.9416;0.5556;1.0;4.0;4.5556;1.0;1.0;0
org.apache.wml.WMLEmElement;2.0;1.0;0.0;2.0;2.0;1.0;1.0;1.0;2.0;2.0;2.0;0.0;0.0;0.0;0.75;0.0;0.0;0.0;1.0;1.0;0
org.apache.xerces.dom.DeferredDocumentImpl;61.0;4.0;0.0;25.0;109.0;1296.0;16.0;23.0;48.0;0.8905;2553.0;0.9524;1.0;0.7143;0.2262;3.0;23.0;40.5082;13.0;2.557377049180328;0
org.apache.xerces.validators.datatype.DecimalDatatypeValidator;13.0;2.0;0.0;7.0;52.0;58.0;1.0;6.0;8.0;0.7698;1337.0;1.0;3.0;0.2667;0.2;0.0;0.0;100.2308;4.0;1.2307692307692308;1
org.apache.html.dom.HTMLBRElementImpl;3.0;6.0;0.0;3.0;7.0;3.0;0.0;3.0;3.0;2.0;19.0;0.0;0.0;0.986;0.6667;0.0;0.0;5.3333;1.0;1.0;0
org.w3c.dom.html.HTMLOptGroupElement;4.0;1.0;0.0;0.0;4.0;6.0;0.0;0.0;4.0;2.0;4.0;0.0;0.0;0.0;0.5;0.0;0.0;0.0;1.0;1.0;0
org.w3c.dom.html.HTMLSelectElement;22.0;1.0;0.0;0.0;22.0;231.0;0.0;0.0;22.0;2.0;22.0;0.0;0.0;0.0;0.2818;0.0;0.0;0.0;1.0;1.0;0
org.apache.xerces.dom.CommentImpl;3.0;4.0;1.0;3.0;4.0;3.0;2.0;2.0;3.0;1.5;13.0;0.0;0.0;0.9759;0.5556;0.0;0.0;3.0;1.0;1.0;0
org.apache.wml.dom.WMLIElementImpl;7.0;6.0;0.0;4.0;10.0;21.0;0.0;4.0;7.0;2.0;39.0;0.0;0.0;0.9556;0.5714;1.0;6.0;4.5714;1.0;1.0;0
org.apache.xerces.dom.DeferredTextImpl;3.0;5.0;0.0;6.0;9.0;0.0;1.0;6.0;1.0;0.75;44.0;0.5;0.0;0.9773;0.5556;3.0;14.0;13.0;2.0;1.3333333333333333;0
org.apache.wml.dom.WMLPElementImpl;11.0;6.0;0.0;4.0;14.0;55.0;0.0;4.0;11.0;2.0;61.0;0.0;0.0;0.9281;0.5455;1.0;6.0;4.5455;1.0;1.0;0
org.apache.wml.dom.WMLImgElementImpl;23.0;6.0;0.0;4.0;26.0;253.0;0.0;4.0;23.0;2.0;127.0;0.0;0.0;0.8543;0.5217;1.0;6.0;4.5217;1.0;1.0;0
org.apache.xml.serialize.XHTMLSerializer;5.0;3.0;0.0;4.0;10.0;10.0;1.0;3.0;5.0;2.0;76.0;0.0;0.0;0.9859;0.55;1.0;1.0;14.2;2.0;1.8;0
org.apache.wml.dom.WMLTableElementImpl;13.0;6.0;0.0;4.0;18.0;78.0;0.0;4.0;13.0;2.0;73.0;0.0;0.0;0.9149;0.4038;1.0;6.0;4.6154;1.0;1.0;0
org.apache.xerces.utils.Hash2intTable;3.0;1.0;0.0;1.0;5.0;0.0;1.0;0.0;3.0;1.0;224.0;1.0;0.0;0.0;0.8333;0.0;0.0;72.6667;8.0;5.0;0
javax.xml.parsers.FactoryConfigurationError;5.0;3.0;0.0;0.0;6.0;8.0;0.0;0.0;5.0;0.0;34.0;1.0;0.0;0.9444;0.6;0.0;0.0;5.6;1.0;1.0;1
org.apache.xerces.framework.XMLDTDScanner;70.0;1.0;0.0;17.0;192.0;1069.0;1.0;16.0;22.0;0.923;7230.0;1.0;15.0;0.0;0.148;0.0;0.0;101.2;3.0;1.0714285714285714;0
org.w3c.dom.html.HTMLParamElement;8.0;1.0;0.0;0.0;8.0;28.0;0.0;0.0;8.0;2.0;8.0;0.0;0.0;0.0;0.75;0.0;0.0;0.0;1.0;1.0;0
org.w3c.dom.html.HTMLIFrameElement;20.0;1.0;0.0;0.0;20.0;190.0;0.0;0.0;20.0;2.0;20.0;0.0;0.0;0.0;0.75;0.0;0.0;0.0;1.0;1.0;0
org.apache.html.dom.HTMLImageElementImpl;27.0;6.0;0.0;3.0;33.0;351.0;0.0;3.0;27.0;2.0;151.0;0.0;0.0;0.8443;0.3889;0.0;0.0;4.5926;1.0;1.0;0
org.apache.xerces.readers.XMLDeclRecognizer;5.0;1.0;3.0;12.0;15.0;8.0;7.0;9.0;3.0;0.75;191.0;1.0;0.0;0.0;0.3333;0.0;0.0;36.6;1.0;1.0;0
org.xml.sax.helpers.XMLReaderAdapter;22.0;1.0;0.0;0.0;43.0;127.0;0.0;0.0;20.0;0.6984;161.0;0.0;3.0;0.0;0.1503;0.0;0.0;6.1818;2.0;1.0454545454545454;0
org.apache.wml.dom.WMLBigElementImpl;7.0;6.0;0.0;4.0;10.0;21.0;0.0;4.0;7.0;2.0;39.0;0.0;0.0;0.9556;0.5714;1.0;6.0;4.5714;1.0;1.0;0
org.apache.xml.serialize.IndentPrinter;17.0;2.0;0.0;3.0;34.0;0.0;1.0;2.0;16.0;0.4625;403.0;1.0;0.0;0.5152;0.183;1.0;14.0;22.4118;8.0;2.2941176470588234;0
org.w3c.dom.html.HTMLQuoteElement;2.0;1.0;0.0;0.0;2.0;1.0;0.0;0.0;2.0;2.0;2.0;0.0;0.0;0.0;0.75;0.0;0.0;0.0;1.0;1.0;0
org.apache.xerces.dom.DeferredCDATASectionImpl;3.0;6.0;0.0;6.0;9.0;0.0;1.0;6.0;1.0;0.75;44.0;0.5;0.0;0.9778;0.5556;3.0;14.0;13.0;2.0;1.3333333333333333;0
org.w3c.dom.html.HTMLLinkElement;18.0;1.0;0.0;0.0;18.0;153.0;0.0;0.0;18.0;2.0;18.0;0.0;0.0;0.0;0.5;0.0;0.0;0.0;1.0;1.0;0
org.apache.xml.serialize.DOMSerializer;3.0;1.0;0.0;2.0;3.0;3.0;2.0;0.0;3.0;2.0;3.0;0.0;0.0;0.0;0.5;0.0;0.0;0.0;1.0;1.0;0
org.apache.xerces.dom.events.MutationEventImpl;6.0;2.0;0.0;7.0;8.0;0.0;6.0;1.0;6.0;0.9818;62.0;0.0;1.0;0.6667;0.375;0.0;0.0;7.5;1.0;1.0;2
org.apache.wml.dom.WMLPostfieldElementImpl;9.0;6.0;0.0;4.0;12.0;36.0;0.0;4.0;9.0;2.0;50.0;0.0;0.0;0.9416;0.5556;1.0;4.0;4.5556;1.0;1.0;0
org.apache.wml.dom.WMLBElementImpl;7.0;6.0;0.0;4.0;10.0;21.0;0.0;4.0;7.0;2.0;39.0;0.0;0.0;0.9556;0.5714;1.0;6.0;4.5714;1.0;1.0;0
org.apache.html.dom.HTMLQuoteElementImpl;3.0;6.0;0.0;3.0;6.0;3.0;0.0;3.0;3.0;2.0;17.0;0.0;0.0;0.986;0.6667;0.0;0.0;4.6667;1.0;1.0;0
org.apache.xerces.validators.common.CMStateSet;10.0;1.0;0.0;7.0;16.0;0.0;6.0;1.0;1.0;0.0667;471.0;0.0;0.0;0.0;0.5667;0.0;0.0;45.6;7.0;2.9;0
org.apache.xerces.validators.common.XMLAttributeDecl;6.0;1.0;0.0;8.0;12.0;3.0;6.0;2.0;6.0;0.9846;112.0;0.0;2.0;0.0;0.5;1.0;1.0;13.3333;1.0;1.0;0
org.apache.xerces.validators.datatype.RecurringDurationDatatypeValidator;18.0;2.0;0.0;7.0;54.0;141.0;1.0;6.0;9.0;0.8912;1399.0;0.15;2.0;0.2;0.1898;0.0;0.0;75.6111;4.0;1.2777777777777777;0
org.apache.xerces.validators.datatype.URIReferenceDatatypeValidator;7.0;2.0;0.0;8.0;30.0;17.0;1.0;7.0;6.0;0.7407;602.0;1.0;2.0;0.4444;0.3333;0.0;0.0;83.7143;1.0;1.0;0
org.xml.sax.SAXNotSupportedException;1.0;4.0;0.0;0.0;2.0;0.0;0.0;0.0;1.0;2.0;5.0;0.0;0.0;1.0;1.0;0.0;0.0;4.0;1.0;1.0;0
org.w3c.dom.html.HTMLElement;10.0;1.0;0.0;0.0;10.0;45.0;0.0;0.0;10.0;2.0;10.0;0.0;0.0;0.0;0.75;0.0;0.0;0.0;1.0;1.0;0
org.w3c.dom.html.HTMLObjectElement;35.0;1.0;0.0;0.0;35.0;595.0;0.0;0.0;35.0;2.0;35.0;0.0;0.0;0.0;0.3714;0.0;0.0;0.0;1.0;1.0;0
org.apache.wml.dom.WMLDOMImplementationImpl;4.0;2.0;0.0;5.0;8.0;4.0;0.0;5.0;3.0;0.6667;31.0;0.0;1.0;0.6667;0.4444;0.0;0.0;6.5;1.0;1.0;0
org.xml.sax.Parser;7.0;1.0;0.0;0.0;7.0;21.0;0.0;0.0;7.0;2.0;7.0;0.0;0.0;0.0;0.25;0.0;0.0;0.0;1.0;1.0;0
org.w3c.dom.html.HTMLDocument;19.0;1.0;0.0;0.0;19.0;171.0;0.0;0.0;19.0;2.0;19.0;0.0;0.0;0.0;0.4386;0.0;0.0;0.0;1.0;1.0;0
org.apache.wml.dom.WMLDoElementImpl;15.0;6.0;0.0;4.0;18.0;105.0;0.0;4.0;15.0;2.0;83.0;0.0;0.0;0.9021;0.5333;1.0;6.0;4.5333;1.0;1.0;0
org.w3c.dom.traversal.TreeWalker;13.0;1.0;0.0;0.0;13.0;78.0;0.0;0.0;13.0;2.0;13.0;0.0;0.0;0.0;0.5385;0.0;0.0;0.0;1.0;1.0;2
org.apache.xerces.readers.UTF8Reader;41.0;2.0;0.0;13.0;75.0;0.0;1.0;12.0;22.0;0.6088;7429.0;0.8824;3.0;0.4091;0.1708;1.0;4.0;179.7805;2.0;1.0975609756097562;1
org.apache.html.dom.HTMLAppletElementImpl;23.0;6.0;0.0;3.0;26.0;253.0;0.0;3.0;23.0;2.0;127.0;0.0;0.0;0.865;0.5217;0.0;0.0;4.5217;1.0;1.0;0
org.w3c.dom.html.HTMLDirectoryElement;2.0;1.0;0.0;0.0;2.0;1.0;0.0;0.0;2.0;2.0;2.0;0.0;0.0;0.0;0.75;0.0;0.0;0.0;1.0;1.0;0
org.apache.xerces.utils.regex.RegexParser;50.0;1.0;1.0;15.0;105.0;711.0;2.0;13.0;3.0;0.8509;3171.0;0.0769;0.0;0.0;0.1943;0.0;0.0;61.64;55.0;2.52;0
org.apache.xerces.validators.datatype.QNameDatatypeValidator;10.0;2.0;0.0;6.0;39.0;37.0;1.0;5.0;7.0;0.7099;961.0;1.0;2.0;0.3333;0.2857;0.0;0.0;93.3;1.0;1.0;0
org.apache.wml.WMLDOMImplementation;0.0;1.0;0.0;1.0;0.0;0.0;1.0;0.0;0.0;2.0;0.0;0.0;0.0;0.0;0.0;0.0;0.0;0.0;0.0;0.0;0
org.apache.xerces.dom.events.EventImpl;11.0;1.0;1.0;3.0;13.0;35.0;3.0;0.0;11.0;0.9;87.0;0.1;2.0;0.0;0.3939;0.0;0.0;6.0;1.0;1.0;1
org.w3c.dom.html.HTMLModElement;4.0;1.0;0.0;0.0;4.0;6.0;0.0;0.0;4.0;2.0;4.0;0.0;0.0;0.0;0.75;0.0;0.0;0.0;1.0;1.0;0
org.xml.sax.EntityResolver;1.0;1.0;0.0;0.0;1.0;0.0;0.0;0.0;1.0;2.0;1.0;0.0;0.0;0.0;1.0;0.0;0.0;0.0;1.0;1.0;0
org.apache.html.dom.HTMLHeadingElementImpl;3.0;6.0;0.0;3.0;6.0;3.0;0.0;3.0;3.0;2.0;17.0;0.0;0.0;0.986;0.6667;0.0;0.0;4.6667;1.0;1.0;0
org.apache.xerces.dom.DOMImplementationImpl;6.0;1.0;2.0;6.0;18.0;13.0;3.0;4.0;5.0;0.8;127.0;0.0;1.0;0.0;0.5333;0.0;0.0;20.0;14.0;3.6666666666666665;1
org.apache.xerces.readers.StringReader;30.0;2.0;0.0;11.0;64.0;3.0;1.0;10.0;22.0;0.523;2608.0;0.8333;3.0;0.4909;0.2011;1.0;2.0;85.5333;4.0;1.4333333333333333;0
org.apache.xerces.validators.datatype.AbstractDatatypeValidator;5.0;1.0;14.0;17.0;6.0;10.0;15.0;2.0;5.0;1.25;13.0;1.0;0.0;0.0;0.5333;0.0;0.0;1.4;1.0;1.0;0
org.w3c.dom.html.HTMLDOMImplementation;1.0;1.0;0.0;0.0;1.0;0.0;0.0;0.0;1.0;2.0;1.0;0.0;0.0;0.0;1.0;0.0;0.0;0.0;1.0;1.0;0
org.apache.xerces.utils.regex.Op;24.0;1.0;6.0;10.0;38.0;204.0;7.0;9.0;0.0;1.0145;268.0;0.0;1.0;0.0;0.1957;0.0;0.0;9.1667;2.0;1.0416666666666667;0
org.apache.wml.WMLTimerElement;4.0;1.0;0.0;2.0;4.0;6.0;1.0;1.0;4.0;2.0;4.0;0.0;0.0;0.0;0.75;0.0;0.0;0.0;1.0;1.0;0
org.w3c.dom.traversal.DocumentTraversal;2.0;1.0;0.0;0.0;2.0;1.0;0.0;0.0;2.0;2.0;2.0;0.0;0.0;0.0;1.0;0.0;0.0;0.0;1.0;1.0;2
org.apache.wml.WMLHeadElement;0.0;1.0;0.0;2.0;0.0;0.0;1.0;1.0;0.0;2.0;0.0;0.0;0.0;0.0;0.0;0.0;0.0;0.0;0.0;0.0;0
org.apache.html.dom.HTMLFrameElementImpl;17.0;6.0;0.0;3.0;23.0;136.0;0.0;3.0;17.0;2.0;96.0;0.0;0.0;0.8981;0.3971;0.0;0.0;4.6471;1.0;1.0;0
org.apache.xerces.readers.DefaultEntityHandler;62.0;1.0;0.0;24.0;130.0;753.0;10.0;17.0;39.0;0.8502;2271.0;0.8621;12.0;0.0;0.1382;0.0;0.0;35.1613;6.0;1.3387096774193548;1
org.xml.sax.InputSource;14.0;1.0;0.0;0.0;15.0;81.0;0.0;0.0;14.0;0.8769;75.0;1.0;0.0;0.0;0.3929;0.0;0.0;4.0;1.0;1.0;0
org.apache.xerces.dom.DocumentImpl;64.0;3.0;3.0;53.0;161.0;1762.0;48.0;26.0;49.0;0.9304;1394.0;0.9231;2.0;0.5931;0.1451;2.0;11.0;20.5781;23.0;2.078125;2
org.w3c.dom.DOMImplementation;3.0;1.0;0.0;0.0;3.0;3.0;0.0;0.0;3.0;2.0;3.0;0.0;0.0;0.0;0.7778;0.0;0.0;0.0;1.0;1.0;2
org.apache.xerces.dom.DeferredAttrImpl;4.0;4.0;0.0;7.0;13.0;0.0;1.0;7.0;1.0;0.6667;60.0;0.5;0.0;0.9709;0.5;3.0;14.0;13.5;2.0;1.25;0
org.apache.wml.dom.WMLFieldsetElementImpl;9.0;6.0;0.0;4.0;12.0;36.0;0.0;4.0;9.0;2.0;50.0;0.0;0.0;0.9416;0.5556;1.0;6.0;4.5556;1.0;1.0;0
org.apache.html.dom.HTMLStyleElementImpl;7.0;6.0;0.0;3.0;12.0;21.0;0.0;3.0;7.0;2.0;39.0;0.0;0.0;0.9592;0.4286;0.0;0.0;4.5714;1.0;1.0;0
org.apache.xerces.validators.common.GrammarResolverImpl;10.0;1.0;0.0;4.0;21.0;0.0;2.0;2.0;10.0;0.0;91.0;1.0;0.0;0.0;0.5333;0.0;0.0;8.0;2.0;1.2;0
org.apache.xerces.readers.UCSReader;31.0;2.0;0.0;15.0;60.0;95.0;1.0;14.0;24.0;0.8137;2567.0;0.6471;3.0;0.4821;0.1889;1.0;4.0;81.2581;5.0;1.3225806451612903;0
org.xml.sax.HandlerBase;15.0;1.0;0.0;0.0;16.0;105.0;0.0;0.0;15.0;2.0;34.0;0.0;0.0;0.0;0.2857;0.0;0.0;1.2667;1.0;1.0;0
org.xml.sax.helpers.ParserFactory;3.0;1.0;0.0;0.0;8.0;3.0;0.0;0.0;2.0;2.0;24.0;0.0;0.0;0.0;0.3333;0.0;0.0;7.0;1.0;1.0;0
org.apache.xerces.dom.DeepNodeListImpl;5.0;1.0;1.0;4.0;21.0;0.0;3.0;2.0;4.0;0.25;262.0;1.0;1.0;0.0;0.44;0.0;0.0;50.2;28.0;8.0;0
org.w3c.dom.html.HTMLAppletElement;22.0;1.0;0.0;0.0;22.0;231.0;0.0;0.0;22.0;2.0;22.0;0.0;0.0;0.0;0.75;0.0;0.0;0.0;1.0;1.0;0
org.apache.html.dom.HTMLDOMImplementationImpl;4.0;2.0;0.0;2.0;8.0;4.0;0.0;2.0;2.0;0.6667;31.0;1.0;1.0;0.6667;0.5;0.0;0.0;6.5;1.0;1.0;0
org.apache.html.dom.HTMLMapElementImpl;4.0;6.0;0.0;4.0;8.0;6.0;0.0;4.0;4.0;1.0;32.0;1.0;1.0;0.9792;0.5833;0.0;0.0;6.75;2.0;1.25;0
org.w3c.dom.html.HTMLBaseFontElement;6.0;1.0;0.0;0.0;6.0;15.0;0.0;0.0;6.0;2.0;6.0;0.0;0.0;0.0;0.75;0.0;0.0;0.0;1.0;1.0;0
org.xml.sax.Locator;4.0;1.0;0.0;0.0;4.0;6.0;0.0;0.0;4.0;2.0;4.0;0.0;0.0;0.0;1.0;0.0;0.0;0.0;1.0;1.0;0
org.apache.xerces.utils.HexBin;7.0;1.0;0.0;1.0;9.0;13.0;1.0;0.0;4.0;0.875;208.0;1.0;0.0;0.0;0.25;0.0;0.0;28.1429;8.0;2.857142857142857;1
org.apache.xerces.readers.XCatalog;8.0;2.0;0.0;2.0;32.0;10.0;1.0;2.0;7.0;1.0408;223.0;0.2143;0.0;0.5882;0.4688;1.0;1.0;25.125;6.0;1.625;0
org.w3c.dom.ProcessingInstruction;3.0;1.0;0.0;0.0;3.0;3.0;0.0;0.0;3.0;2.0;3.0;0.0;0.0;0.0;0.6667;0.0;0.0;0.0;1.0;1.0;2
org.apache.xerces.validators.datatype.InvalidDatatypeFacetException;8.0;4.0;0.0;17.0;12.0;0.0;16.0;1.0;8.0;0.2857;64.0;1.0;0.0;0.8182;0.4375;0.0;0.0;6.75;1.0;1.0;0
org.apache.wml.WMLTrElement;0.0;1.0;0.0;2.0;0.0;0.0;1.0;1.0;0.0;2.0;0.0;0.0;0.0;0.0;0.0;0.0;0.0;0.0;0.0;0.0;0
org.w3c.dom.html.HTMLAreaElement;16.0;1.0;0.0;0.0;16.0;120.0;0.0;0.0;16.0;2.0;16.0;0.0;0.0;0.0;0.375;0.0;0.0;0.0;1.0;1.0;0
org.w3c.dom.html.HTMLDivElement;2.0;1.0;0.0;0.0;2.0;1.0;0.0;0.0;2.0;2.0;2.0;0.0;0.0;0.0;0.75;0.0;0.0;0.0;1.0;1.0;0
org.apache.wml.WMLNoopElement;0.0;1.0;0.0;2.0;0.0;0.0;1.0;1.0;0.0;2.0;0.0;0.0;0.0;0.0;0.0;0.0;0.0;0.0;0.0;0.0;0
org.apache.wml.WMLAElement;8.0;1.0;0.0;2.0;8.0;28.0;1.0;1.0;8.0;2.0;8.0;0.0;0.0;0.0;0.75;0.0;0.0;0.0;1.0;1.0;0
org.apache.wml.dom.WMLElementImpl;11.0;5.0;35.0;39.0;20.0;55.0;36.0;4.0;7.0;2.0;93.0;0.0;0.0;0.9225;0.4364;2.0;3.0;7.4545;3.0;1.3636363636363635;0
org.apache.xerces.dom.RangeImpl;41.0;1.0;0.0;5.0;82.0;0.0;1.0;5.0;26.0;0.7969;2564.0;0.0;7.0;0.0;0.2222;0.0;0.0;61.1463;11.0;3.048780487804878;2
org.apache.xerces.validators.datatype.FloatDatatypeValidator;12.0;2.0;0.0;7.0;41.0;50.0;1.0;6.0;7.0;0.7102;731.0;1.0;3.0;0.2857;0.2083;0.0;0.0;58.5833;1.0;1.0;0
org.xml.sax.SAXNotRecognizedException;1.0;4.0;0.0;0.0;2.0;0.0;0.0;0.0;1.0;2.0;5.0;0.0;0.0;1.0;1.0;0.0;0.0;4.0;1.0;1.0;0
org.apache.wml.WMLBrElement;2.0;1.0;0.0;2.0;2.0;1.0;1.0;1.0;2.0;2.0;2.0;0.0;0.0;0.0;0.75;0.0;0.0;0.0;1.0;1.0;0
org.apache.xerces.dom.DeferredAttrNSImpl;4.0;5.0;0.0;8.0;18.0;0.0;1.0;8.0;1.0;0.6667;117.0;0.5;0.0;0.972;0.5;5.0;15.0;27.75;7.0;2.5;0
org.apache.html.dom.CollectionIndex;4.0;1.0;0.0;1.0;5.0;0.0;1.0;0.0;0.0;0.0;28.0;1.0;0.0;0.0;0.625;0.0;0.0;5.75;2.0;1.25;0
org.apache.xerces.framework.XMLContentSpec;12.0;1.0;0.0;9.0;19.0;24.0;8.0;2.0;11.0;0.9242;855.0;0.0;0.0;0.0;0.2917;1.0;1.0;68.75;28.0;5.416666666666667;0
org.apache.html.dom.NameNodeListImpl;2.0;2.0;0.0;4.0;10.0;1.0;1.0;3.0;1.0;2.0;76.0;0.0;0.0;0.75;0.625;2.0;2.0;37.0;12.0;6.5;0
org.apache.xerces.msg.ImplementationMessages;3.0;3.0;0.0;0.0;4.0;1.0;0.0;0.0;2.0;0.5;247.0;0.0;0.0;0.973;1.0;0.0;0.0;81.0;1.0;1.0;0
org.xml.sax.helpers.NamespaceSupport;13.0;1.0;0.0;0.0;30.0;4.0;0.0;0.0;11.0;0.7333;238.0;0.8;2.0;0.0;0.375;0.0;0.0;16.9231;4.0;1.6923076923076923;0
org.w3c.dom.html.HTMLHeadingElement;2.0;1.0;0.0;0.0;2.0;1.0;0.0;0.0;2.0;2.0;2.0;0.0;0.0;0.0;0.75;0.0;0.0;0.0;1.0;1.0;0
org.apache.xerces.jaxp.SAXParserImpl;5.0;2.0;0.0;2.0;13.0;0.0;1.0;1.0;3.0;0.5;81.0;1.0;1.0;0.8636;0.6;1.0;1.0;14.6;1.0;1.0;1
org.w3c.dom.events.MutationEvent;5.0;1.0;0.0;0.0;5.0;10.0;0.0;0.0;5.0;2.0;5.0;0.0;0.0;0.0;0.4;0.0;0.0;0.0;1.0;1.0;2
org.apache.wml.WMLElement;4.0;1.0;0.0;36.0;4.0;6.0;36.0;0.0;4.0;2.0;4.0;0.0;0.0;0.0;0.75;0.0;0.0;0.0;1.0;1.0;0
javax.xml.parsers.SAXParserFactory;8.0;1.0;1.0;0.0;16.0;14.0;0.0;0.0;6.0;0.7857;115.0;1.0;0.0;0.0;0.5714;0.0;0.0;12.875;1.0;1.0;1
org.apache.xml.serialize.SerializerFactory;8.0;1.0;1.0;3.0;20.0;22.0;1.0;3.0;6.0;0.9286;108.0;0.5;0.0;0.0;0.2857;0.0;0.0;12.25;3.0;1.25;0
org.apache.xerces.utils.regex.ParseException;2.0;4.0;0.0;4.0;3.0;0.0;4.0;0.0;2.0;0.0;13.0;0.0;0.0;0.9444;0.6667;0.0;0.0;5.0;1.0;1.0;0
org.apache.xerces.validators.datatype.ENTITYDatatypeValidator;7.0;2.0;0.0;8.0;27.0;17.0;1.0;7.0;6.0;0.7667;207.0;0.8;3.0;0.4444;0.3333;0.0;0.0;27.8571;1.0;1.0;0
org.apache.xml.serialize.ElementState;1.0;1.0;0.0;4.0;2.0;0.0;4.0;0.0;0.0;2.0;14.0;0.0;0.0;0.0;1.0;0.0;0.0;3.0;1.0;1.0;0
org.apache.xerces.validators.schema.EquivClassComparator;3.0;1.0;0.0;10.0;13.0;0.0;5.0;5.0;2.0;0.1667;167.0;1.0;2.0;0.0;0.5;0.0;0.0;53.6667;1.0;1.0;0
org.apache.xerces.validators.datatype.DatatypeMessageProvider;5.0;1.0;0.0;10.0;14.0;0.0;9.0;1.0;4.0;1.17;206.0;0.08;0.0;0.0;0.5;0.0;0.0;35.2;9.0;2.6;0
org.w3c.dom.html.HTMLOListElement;6.0;1.0;0.0;0.0;6.0;15.0;0.0;0.0;6.0;2.0;6.0;0.0;0.0;0.0;0.375;0.0;0.0;0.0;1.0;1.0;0
org.w3c.dom.html.HTMLImageElement;26.0;1.0;0.0;0.0;26.0;325.0;0.0;0.0;26.0;2.0;26.0;0.0;0.0;0.0;0.5;0.0;0.0;0.0;1.0;1.0;0
org.apache.xerces.dom.NodeIteratorImpl;13.0;1.0;0.0;2.0;24.0;8.0;1.0;2.0;9.0;0.6875;376.0;1.0;4.0;0.0;0.3077;0.0;0.0;27.3077;11.0;4.230769230769231;1
org.apache.wml.dom.WMLSetvarElementImpl;9.0;6.0;0.0;4.0;12.0;36.0;0.0;4.0;9.0;2.0;50.0;0.0;0.0;0.9416;0.5556;1.0;4.0;4.5556;1.0;1.0;0
org.apache.wml.dom.WMLGoElementImpl;13.0;6.0;0.0;4.0;16.0;78.0;0.0;4.0;13.0;2.0;72.0;0.0;0.0;0.9149;0.5385;1.0;4.0;4.5385;1.0;1.0;0
org.apache.wml.WMLAnchorElement;4.0;1.0;0.0;2.0;4.0;6.0;1.0;1.0;4.0;2.0;4.0;0.0;0.0;0.0;0.75;0.0;0.0;0.0;1.0;1.0;0
org.apache.xerces.dom.DeferredProcessingInstructionImpl;3.0;5.0;0.0;6.0;8.0;0.0;1.0;6.0;1.0;0.75;40.0;0.5;0.0;0.9773;0.5556;3.0;12.0;11.6667;1.0;1.0;0
org.apache.xerces.validators.common.SimpleContentModel;7.0;1.0;0.0;7.0;13.0;5.0;1.0;6.0;7.0;0.3667;1019.0;1.0;3.0;0.0;0.3878;0.0;0.0;143.8571;2.0;1.1428571428571428;0
org.apache.wml.dom.WMLWmlElementImpl;7.0;6.0;0.0;4.0;10.0;21.0;0.0;4.0;7.0;2.0;39.0;0.0;0.0;0.9556;0.5714;1.0;6.0;4.5714;1.0;1.0;0
org.w3c.dom.html.HTMLIsIndexElement;3.0;1.0;0.0;0.0;3.0;3.0;0.0;0.0;3.0;2.0;3.0;0.0;0.0;0.0;0.6667;0.0;0.0;0.0;1.0;1.0;0
org.apache.wml.dom.WMLMetaElementImpl;15.0;6.0;0.0;4.0;20.0;105.0;0.0;4.0;15.0;2.0;84.0;0.0;0.0;0.9021;0.4;1.0;4.0;4.6;1.0;1.0;0
org.apache.xerces.dom.DeferredEntityImpl;4.0;4.0;0.0;7.0;17.0;0.0;1.0;7.0;1.0;0.6667;85.0;0.5;0.0;0.9694;0.5;3.0;14.0;19.75;1.0;1.0;0
org.apache.xerces.readers.AbstractCharReader;33.0;2.0;2.0;16.0;70.0;78.0;3.0;14.0;20.0;0.5656;3049.0;1.0;2.0;0.4655;0.1745;1.0;3.0;91.0909;2.0;1.121212121212121;1
org.w3c.dom.html.HTMLFieldSetElement;1.0;1.0;0.0;0.0;1.0;0.0;0.0;0.0;1.0;2.0;1.0;0.0;0.0;0.0;1.0;0.0;0.0;0.0;1.0;1.0;0
org.apache.xerces.dom.LCount;3.0;1.0;0.0;6.0;7.0;1.0;6.0;0.0;0.0;0.5;42.0;0.0;0.0;0.0;0.5;0.0;0.0;11.6667;2.0;1.3333333333333333;0
org.w3c.dom.html.HTMLMapElement;3.0;1.0;0.0;0.0;3.0;3.0;0.0;0.0;3.0;2.0;3.0;0.0;0.0;0.0;0.6667;0.0;0.0;0.0;1.0;1.0;0
org.w3c.dom.DocumentFragment;0.0;1.0;0.0;0.0;0.0;0.0;0.0;0.0;0.0;2.0;0.0;0.0;0.0;0.0;0.0;0.0;0.0;0.0;0.0;0.0;2
org.w3c.dom.Attr;5.0;1.0;0.0;0.0;5.0;10.0;0.0;0.0;5.0;2.0;5.0;0.0;0.0;0.0;0.6;0.0;0.0;0.0;1.0;1.0;2
org.apache.xerces.readers.UTF8CharReader;9.0;3.0;0.0;5.0;16.0;0.0;0.0;5.0;0.0;0.5795;1582.0;1.0;0.0;0.8788;0.3667;1.0;3.0;173.5556;1.0;1.0;0
org.apache.html.dom.HTMLTableCellElementImpl;31.0;6.0;0.0;5.0;46.0;465.0;1.0;4.0;31.0;2.0;259.0;0.0;0.0;0.8246;0.3097;0.0;0.0;7.3548;6.0;1.4193548387096775;0
org.xml.sax.helpers.AttributeListImpl;12.0;1.0;0.0;0.0;24.0;0.0;0.0;0.0;12.0;0.303;178.0;0.0;0.0;0.0;0.4375;0.0;0.0;13.5833;2.0;1.4166666666666667;0
org.apache.xerces.dom.DeferredElementDefinitionImpl;4.0;4.0;0.0;7.0;13.0;0.0;1.0;7.0;1.0;0.6667;84.0;0.5;0.0;0.9677;0.5;3.0;16.0;19.5;2.0;1.25;0
org.apache.wml.WMLWmlElement;2.0;1.0;0.0;2.0;2.0;1.0;1.0;1.0;2.0;2.0;2.0;0.0;0.0;0.0;0.75;0.0;0.0;0.0;1.0;1.0;0
org.apache.wml.dom.WMLTdElementImpl;7.0;6.0;0.0;4.0;10.0;21.0;0.0;4.0;7.0;2.0;39.0;0.0;0.0;0.9556;0.5714;1.0;6.0;4.5714;1.0;1.0;0
org.apache.xml.serialize.Serializer;6.0;1.0;0.0;5.0;6.0;15.0;3.0;2.0;6.0;2.0;6.0;0.0;0.0;0.0;0.375;0.0;0.0;0.0;1.0;1.0;0
org.apache.xml.serialize.Encodings;5.0;1.0;0.0;2.0;10.0;4.0;1.0;1.0;0.0;0.875;185.0;0.5;1.0;0.0;0.3333;0.0;0.0;35.6;3.0;1.4;0
org.apache.xerces.utils.NamespacesScope;5.0;1.0;0.0;4.0;9.0;0.0;3.0;1.0;5.0;0.1667;233.0;1.0;1.0;0.0;0.5333;0.0;0.0;45.0;4.0;1.6;0
org.apache.xerces.utils.XMLMessageProvider;3.0;1.0;0.0;5.0;3.0;3.0;5.0;0.0;3.0;2.0;3.0;0.0;0.0;0.0;0.5833;0.0;0.0;0.0;1.0;1.0;0
org.apache.xerces.utils.regex.ParserForXMLSchema;39.0;2.0;0.0;10.0;72.0;739.0;1.0;9.0;2.0;1.0;804.0;1.0;0.0;0.5714;0.1842;1.0;12.0;19.4615;12.0;1.641025641025641;0
org.apache.xerces.validators.datatype.StringDatatypeValidator;10.0;2.0;0.0;6.0;37.0;13.0;1.0;5.0;7.0;0.5247;1258.0;0.9444;2.0;0.3333;0.3143;0.0;0.0;123.0;1.0;1.0;0
org.xml.sax.ErrorHandler;3.0;1.0;0.0;0.0;3.0;3.0;0.0;0.0;3.0;2.0;3.0;0.0;0.0;0.0;1.0;0.0;0.0;0.0;1.0;1.0;0
org.w3c.dom.html.HTMLFormElement;16.0;1.0;0.0;0.0;16.0;120.0;0.0;0.0;16.0;2.0;16.0;0.0;0.0;0.0;0.6875;0.0;0.0;0.0;1.0;1.0;0
org.apache.xerces.utils.regex.BMPattern;8.0;1.0;0.0;1.0;14.0;0.0;1.0;0.0;5.0;0.1429;574.0;0.0;0.0;0.0;0.5208;0.0;0.0;70.375;9.0;7.375;0
